:020000041000EA
:1000000000000220C9260010B510001007270010BC
:10001000092700100B2700100D270010000000001A
:100020000000000000000000000000000F2700108A
:1000300011270010000000001327001015270010E2
:10004000192700101B2700101D2700101F27001064
:100050002127001023270010252700102727001034
:10006000292700102B2700102D2700102F27001004
:1000700031270010332700103527001037270010D4
:10008000392700103B2700103D2700103F270010A4
:100090004127001043270010452700104727001074
:1000A00039100010411000104D2700104F2700108C
:1000B0005127001053270010552700105727001014
:1000C000592700105B2700105D2700105F270010E4
:1000D00061270010632700106527001067270010B4
:1000E000692700106B2700106D2700106F27001084
:1000F0007127001073270010752700107727001054
:10010000792700107B2700107D2700107F27001023
:1001100081270010832700108527001087270010F3
:10012000892700108B2700108D2700108F270010C3
:100130009127001093270010952700109727001093
:10014000992700109B2700109D2700109F27001063
:10015000A1270010A3270010A5270010A727001033
:10016000A9270010AB270010AD270010AF27001003
:10017000B1270010B3270010B5270010B7270010D3
:10018000B9270010BB270010BD270010BF270010A3
:10019000C1270010C3270010C5270010C727001073
:1001A000C9270010CB270010CD270010CF27001043
:1001B000D1270010D3270010D5270010D727001013
:1001C000D9270010DB270010DD270010DF270010E3
:1001D000E1270010E3270010E5270010E7270010B3
:1001E00010B5054C237833B9044B13B10448AFF371
:1001F00000800123237010BD000C002000000000CF
:1002000070D5011008B5034B1BB103490348AFF388
:10021000008008BD00000000040C002070D5011013
:100220000E480F49026808B50E4B1A4002600A6872
:1002300000F500001A400A60026801F500011A404A
:1002400002600A6813400B60012000F0E5FF0648D9
:1002500004F070F8054B186008BD00BF0000105096
:1002600000005050FEAFFFFF000001401C0C0020BA
:10027000104B30B5104D19464FF0010E41F0010101
:1002800005F1080C81F800E06D686A1E85B16146D1
:10029000013A51F8044B1C60501C03F10403F7D1E0
:1002A0000CEB850529680B460029E7D1012030BDFC
:1002B0006546F7E700001850A8DF0010034B1A202E
:1002C000E521EC2283E807000120704700801050F0
:1002D000F0B40E480E4E0F4D0F4C104F104940F227
:1002E0000E4206234FF0000CC7F800C03160726068
:1002F000B36029606A60AB60016042608360216026
:1003000001206260A360F0BC704700BF0000905005
:1003100000001050000050500000D050001000505D
:1003200008801000EF4BF0492DE9F04F4FF4923266
:10033000EE4F1F61C3F89070C3F810234FF40052C2
:10034000C3F810244FF4F04B4FF432627825C3F811
:100350009025C3F810BAC3F810567F25C3F89056FD
:100360004FF40835C3F890574FF00715E04CC3F829
:10037000105701200225C3F810084FF4804CC3F831
:1003800010594FF49235C3F890C92761C4F89070A2
:10039000C4F810534FF40055C4F810544FF43265AC
:1003A000C4F890557825C4F810BAC4F810567F25C3
:1003B000C4F890564FF40835C4F890570225C4F895
:1003C0001008C4F810594FF49235C4F890C90F6161
:1003D000C1F89070C1F810534FF40055C1F8105493
:1003E0004FF43265C1F890557825C1F810BAC1F8BC
:1003F00010567F25C1F890564FF40835BD4AC1F814
:1004000090570225C1F81008C1F810594FF49235E1
:10041000C1F890C91761C2F89070C2F810534FF438
:100420000055C2F810544FF43265C2F89055782543
:10043000C2F810BAC2F810567F25C2F890564FF491
:100440000835C2F8905702254FF4006EC2F8100824
:10045000C2F810594FF40055C2F890C95F61C3F853
:100460009470C3F89401C3F81402C3F89402C3F85B
:1004700014E3C3F814544FF480654FF47848C3F87C
:1004800014554CF6A03CF825C3F894C59A4EC3F811
:10049000148AC3F814564FF40835C3F89466C3F8A9
:1004A00094574FF4C675C3F81458944EC3F8946823
:1004B00040F20E25C3F814594FF400556761C4F893
:1004C0009470C4F89401C4F81402C4F89402C4F8F7
:1004D00014E3C4F814544FF48065C4F814554FF471
:1004E0003A6AF825C4F894A5834EC4F8148AC4F86F
:1004F00014564FF40835C4F89466C4F894574FF472
:10050000C675C4F814587D4EC4F8946840F20E25A0
:10051000C4F814594FF400554F61C1F89470C1F8F4
:100520009401C1F81402C1F89402C1F814E3C1F8AF
:1005300014544FF48065C1F81455F825C1F894A5FA
:100540006D4EC1F8148AC1F814564FF40835C1F83D
:1005500094666FF00F1CC1F894574FF4C675C1F83C
:1005600014C7664EC1F8145840F20E25C1F89468BD
:10057000C1F814594FF400555761C2F89470C2F88D
:100580009401C2F81402C2F89402C2F814E3C2F84B
:1005900014544FF48065C2F81455F825C2F894A598
:1005A000554EC2F8148AC2F814564FF40835C2F8F2
:1005B00094664FF00F17C2F894574FF4C675C2F8FF
:1005C00014774E4EC2F8145840F20E25C2F89468C3
:1005D0004B4FC2F814594FF400559F61C3F89870FF
:1005E000C3F89801C3F81802C3F89802C3F8185466
:1005F00042F6A035C3F818E5C3F898554FF4FC351A
:10060000C3F8185A3F4EC3F818661F25C3F898560A
:100610004FF408354FF0FF39C3F898574FF40055A1
:10062000C3F81897A761C4F89870C4F89801C4F883
:100630001802C4F89802C4F818544FF4FC35C4F8F2
:1006400018E5C4F898A5C4F8185A1F25C4F8186608
:10065000C4F898564FF40835C4F898574FF400552D
:10066000C4F818978F61C1F89870C1F89801C1F863
:100670001802C1F89802C1F818544FF4FC35C1F8BB
:1006800018E5C1F898A5C1F8185A1F25C1F81866D1
:10069000C1F898564FF40835C1F898574FF40055F3
:1006A0009761C2F89870C2F89801C2F81802C2F8AF
:1006B0009802C2F818544FF4FC35C2F818E5C2F895
:1006C00098A5C2F8185A1F25C2F81866C2F898569D
:1006D0004FF40835C2F89857203F4FF40055DF61BA
:1006E00012E000BF00001050000090508100010097
:1006F000000050500000D050BF0080002100840056
:100700004100010078028000F34EC3F89C70C3F8EA
:100710009C014EF6A037C3F81C02C3F89C02C3F834
:100720001CE3C3F81C540F25C3F89C75C3F81C8A3E
:10073000C3F81C66C3F89C564FF40835C3F89C57A1
:10074000E64FC3F81C974FF40055E761C4F89C705E
:10075000C4F89C01C4F81C02C4F89C02C4F81CE351
:10076000C4F81C540F25C4F89CA5C4F81C8AC4F80E
:100770001C66C4F89C564FF40835C4F89C574FF4D7
:100780000055C4F81C97CF61C1F89C70C1F89C015A
:10079000C1F81C02C1F89C02C1F81CE3C1F81C544A
:1007A0000F25C1F89CA5C1F81C8AC1F81C66C1F8C8
:1007B0009C564FF40835C1F89C574FF40055C1F8CA
:1007C0001C97D761C2F89C70C2F89C01C2F81C0249
:1007D000C2F89C02C2F81CE3C2F81C540F25C2F8F0
:1007E0009CA5C2F81C8AC2F81C66C2F89C564FF43D
:1007F0000835C2F89C57103F4FF48035C2F81C975B
:100800001F62C3F8A070C3F8A001C3F82002C3F8A8
:10081000A002C3F820534FF40055C3F8205442F609
:10082000A035C3F820E506F10126C3F8A055072539
:10083000C3F8208AC3F82066C3F8A0564FF40835E1
:10084000C3F8A0574FF48035C3F820972762C4F847
:10085000A070C4F8A001C4F82002C4F8A002C4F833
:1008600020534FF40055C4F820540725C4F820E560
:10087000C4F8A0A5C4F8208AC4F82066C4F8A0561D
:100880004FF40835C4F8A0574FF48035C4F82097CA
:100890000F62C1F8A070C1F8A001C1F82002C1F830
:1008A000A002C1F820534FF40055C1F82054072589
:1008B000C1F820E5C1F8A0A5C1F8208AC1F82066DA
:1008C000C1F8A0564FF40835C1F8A0574FF4803551
:1008D0001762C2F8A070C2F8A001C2F82002C2F8E4
:1008E000A002C2F820534FF40055C2F82054072547
:1008F000C2F820E5C2F8A0A5C2F8208AC2F8206696
:10090000C2F8A0564FF40835C2F8A057083F4FF47C
:1009100000555F62724EC3F8A470C3F824E34CF62E
:100920002037C3F824540725C3F8A475C3F824BAA4
:10093000C3F82466C3F8A4564FF40835C3F8A45787
:10094000684F67624FF40055C4F8A470C4F824E3FC
:10095000C4F824544FF43265C4F8A4550725C4F8EC
:1009600024BAC4F82466C4F8A4564FF40835C4F871
:10097000A4574FF400554F62C1F8A470C1F824E3A6
:10098000C1F824544FF43265C1F8A4550725C1F8C5
:1009900024BAC1F82466C1F8A4564FF40835C1F84A
:1009A000A4574FF40055C1F824975762C2F8A470B9
:1009B000C2F824E3C2F824544FF43265C2F8A455B7
:1009C0000725C2F824BAC2F82466C2F8A4564FF428
:1009D0000835C2F8A4574FF48065C2F82497C3F8CD
:1009E00028534FF40055C3F8A8033F4EC3F82854CA
:1009F00041F20F05C3F828E53C4FC3F8A865C3F8DA
:100A0000285A4FF48075C3F82876C3F82851384D1A
:100A1000C3F8A856374DC3F8A857C3F828974FF422
:100A20008063C4F828334FF40053C4F8A8034FF48C
:100A30008075C4F82834C4F828E53346C4F8A8659E
:100A400041F20F06C4F8286A3E46C4F82876284FBB
:100A5000C4F82851284DC4F8A876C4F8A8574FF414
:100A60008064C1F828434FF40054C1F8A803C1F8CA
:100A7000284441F20F04C1F828E5C1F8A835C1F8AF
:100A8000284AC1F8286634464FF48076C1F82861B8
:100A9000C1F8A876C1F8A8574FF48061C2F82813AE
:100AA0004FF40051C2F8A803C2F82814C2F828E590
:100AB000C2F8A83541F20F03C2F8283A4FF4807308
:100AC000C2F82846C2F82831C2F8A876C2F8A8575A
:100AD0004FF0A04212E000BF780380022100010025
:100AE000780100010900010020090100782E80280A
:100AF0007F003F0000500E0800400E0841F608132A
:100B00001360BDE8F08F00BFF8B50B490B4A0C4BE2
:100B10000C4D0D4E0D4C0E480027376028600C60C0
:100B20000C4814601C6003F003FC012000F054FB2F
:100B30002C600120F8BD00BF000050500000905014
:100B40000000D050000010501C0C002009C81800F4
:100B500008C8180000000140044B1A6802605A6877
:100B600042609B6883600120704700BF00104050C6
:100B70000C4B0F2210B5DA6000245A601A604FF057
:100B800080429C60DC60936923F470330343194313
:100B90009161192002F00CF80349652001F09CFFD7
:100BA000012010BD00580040210200102DE9F04145
:100BB00084B000F07DFE03AB02AA01A9684600F0F4
:100BC0009DFE019B2348DDE9021204F0D7FE039B42
:100BD000002B30DD0025204F204C2E4602E000F097
:100BE00085FE20B900F0A8FE80460028F7D0029BC1
:100BF0004FEA830CBCF1000F17DD07EB86020CF106
:100C0000FF3E4046043AC444437890F8028010F80E
:100C1000041B1B0243EA08430B436340844542F82C
:100C2000043FF1D106EB9E06013600F08BFE039BDC
:100C30000135AB42D6DC00F08BFE416811B904B03F
:100C4000BDE8F081064804F099FE012000F0C4FAE6
:100C5000FEE700BFDCC80110200C0020808080006F
:100C6000F0C801102DE9F84F4FF0020BDFF8888033
:100C7000204F00F5007A00F581395D46AAF5007431
:100C8000032601E0544524D0022D04F10404C5F1EB
:100C90000305F7D1BBF1020FF4D114F8043C14F8AA
:100CA000021C14F8032C81F0800183F0800382F091
:100CB000800216FB031303EB8203DB1003EBC30379
:100CC000A7FB0323A8EBD313587A04F06BFE54451B
:100CD000DAD1BBF1020F07D04FF0020B0AF5007A10
:100CE000D145CBD1BDE8F88F0A2004F05BFE4FF070
:100CF000010BF3E78180808034CB01102DE9F04FA8
:100D0000824883B001F0AEFE012000F0D5F98048A2
:100D100004F09EFE7F4802F0F7FF042001F0E8FF98
:100D200001F09CFD7C4804F093FE7C4801F09AFEA3
:100D30004FF480310020FFF71BFF794804F088FE54
:100D4000FFF7C6FAFFF794FAFFF7B8FAFFF7EAFAE7
:100D500002F052F902F06EF90446724804F078FE8F
:100D6000714800F01DFC0346002840F0AF80802150
:100D70000222CDE900240846042200F0A7FC014627
:100D8000002840F0AC80112000F08CFD674804F092
:100D90005FFE002000F094FA0028FAD0DFF8D8A116
:100DA000DFF8D8B1002000F037FA012000F034FA63
:100DB000FFF7FCFE0023CAF80030FFF7A5FE5C49F0
:100DC0004FF0A0425368D807FCD451F8043B93601D
:100DD0005945F7D1574A136923F004031361DAF830
:100DE000003023B930BFDAF80030002BFAD0524877
:100DF000DFF84C91DFF84081504FFFF7ADFE504ACD
:100E00004D48032100F0BCF84E4804F021FEDAF80A
:100E100000104D4804F0B2FD4C4804F019FE4FF0AC
:100E2000FF340026254639F9023B4FF480424FF447
:100E30007A7113FB0123464AD81382FB0021DB178A
:100E4000C3EBA10101EB810CA0420B46A0EB4C01CE
:100E5000C4BF044635463A4600913E4858F8041B44
:100E6000013604F08BFD032E07F11407DBD13A485D
:100E70000022502104F082FD6B1C43D0344BE2175A
:100E800083FB0413C2EBA302B4F5487F02EB820399
:100E900029DB2A49314805EB8505A4EB430301EB27
:100EA000850104F06BFD02212D4804F067FD204808
:100EB000FFF7D8FE2B4804F0CBFD1C4804F0C8FD1A
:100EC000002000F0FDF90028FAD06BE70146264823
:100ED00004F054FD4FF0FF3003B0BDE8F08F23481D
:100EE00004F04CFDF6E7A4EB4303144C204805EB5B
:100EF000850100265025CDE9005604EB810104F060
:100F00003DFDD0E71B4804F0A3FDCCE7400D0300F6
:100F100004C9011000A0024028C9011080841E00ED
:100F200034C9011060C90110404B4C00ACC901101C
:100F3000200C002000ED00E0200C012040CB01102F
:100F40002C0C0120E8C90110F8C9011030CA0110A9
:100F50006766666648CA011064CA0110A4CA011017
:100F6000F4CA01101CCB011070C901108CC901100A
:100F7000C8CA011088CA01101C0C0020200C0120D6
:100F8000002950D02DE9F0410023054617460C46B4
:100F90004FF0004855F82320013390451BB2B8BFED
:100FA0009046A342F6DB0023A8F580261A464FF0B0
:100FB000010C55F82300013300F50051B0421BB27B
:100FC000A1EB060104DDC1F387310CFA01F10A44FB
:100FD000A342EEDBD317002001210CF013FEA8F58D
:100FE0007831002284460139904647F6FF7E08E0BA
:100FF0007345A8BF734627F81230013212B2A242DD
:101000000FDA55F822000B1A9B131133DBB286421C
:101010004CFA03F3ECDB27F81280013212B2A24241
:10102000EFDBBDE8F081704708B50346014804F0E6
:10103000A5FCFEE77CCB0110002002F0D9BA00BF6E
:10104000012002F0D5BA00BF10B5002001F0B0FDBC
:10105000012001F0ADFD402001F0AAFD104B02225D
:1010600018684FF4E13103F00FFE041E0CDB00F0B2
:10107000F3F858B900F090F8044660B9094B0A48F3
:101080004322DA6001F0EEFC204610BD0749084813
:101090006422FFF7C9FF054905486922FFF7C4FF2D
:1010A0000000002000440040400D030098CB0110D8
:1010B000D8CB011000BF704710B50446044801F0BA
:1010C000CFFA00B110BD2046BDE8104001F094BA3F
:1010D00000E001404FF0FF30704700BF4FF0FF309D
:1010E000704700BF4FF0FF30704700BF4FF0FF3038
:1010F000704700BFF8B5E0B9002A1746054615DD70
:101100000F4E0C4602E00135AF4210D0304603F0DE
:101110000FFEC1B22170304603F00CFE224614F8D7
:10112000013B0D2BEFD10A231370681CF8BD384624
:10113000F8BD04F041F8092303604FF0FF30F8BD1B
:1011400000200440F8B5431E012B1CD8002A174686
:1011500017DD551E0F4E4C1E0D4404E0304603F0C3
:10116000E9FDAC420DD014F8011F0A29F6D10D217A
:10117000304603F0DFFD2178304603F0DBFDAC4262
:10118000F1D13846F8BD04F017F8092303604FF099
:10119000FF30F8BD00200440F8B50D4B1F68A7B123
:1011A00000250C4C2E46D4E9000102F0EFF9204650
:1011B00002F0B8F80135002818BF6FF00706AF42FB
:1011C00004F10C04EFD13046F8BD3E463046F8BD80
:1011D00004CC0110E0CB01100B4B1B68834210B50F
:1011E00004460BD9094B04EB440403EB840253F887
:1011F00024005168BDE8104002F0E0B904490548F8
:101200002E22FFF711FFEDE704CC0110E0CB011017
:1012100024CC011050CC01100B4B1B68834210B53D
:1012200004460BD9094B04EB440403EB840253F846
:1012300024005168BDE8104002F0A8B904490548EF
:101240003922FFF7F1FEEDE704CC0110E0CB0110ED
:1012500024CC011050CC0110F8B5164B1F68FFB11B
:101260000024154D2646284602F05CF8013400287B
:1012700018BF6FF00706BC4205F10C05F3D10F4C07
:10128000206840B1002F14BF3A460122002104F02B
:1012900017FB3046F8BD384603F0B8FF2060F1E791
:1012A000064C26680EB13E46F3E7304603F0AEFF2B
:1012B0002060EEE708CC01100CCC0110340C0120AA
:1012C0000E4B1B68834210B5044611D90C4B04EB3E
:1012D000440203EB820153F82200496802F03CF912
:1012E000084B1B681B5D13B9B0FA80F0400910BDB4
:1012F000054906489022FFF797FEE7E708CC011062
:101300000CCC0110340C012060CC011094CC0110E5
:10131000474B1B78002B6FD12DE9F047454E3369C1
:1013200058072CD5444B454A93F800C0444B1468E9
:10133000D3F800E0434BBCF1010F0CBF0427032797
:101340000425326B196818686254196820442144D6
:101350004FEA122880F80180BCF1010F4FEA1240D9
:10136000887003D119682144120ECA701A683A4471
:10137000724502D21A683A441A60013DE1D12D4DFE
:101380002B69D80733D52C4B2C4A93F800C02C4B33
:1013900014681F682B4ABCF1010F0CBF4FF0040EFC
:1013A0004FF0030E08261CE02B6B2E61D2F8009044
:1013B0001068116804F80930204421444FEA132AC8
:1013C0004FEA1348BCF1010F80F801A081F80280B8
:1013D00003D1116821441B0ECB7013687344BB42C8
:1013E00022D32B691907DFD4174B01221A60114B46
:1013F0001A691A61BDE8F0870E4B1A69D1070FD53B
:101400001A69120705D508211A6B19611A691207A2
:10141000FAD40B4A0B4B12681A600B4B01221A606C
:10142000044B1A691A617047136873441360D8E754
:10143000980C012000E00040990C0120A40C012030
:10144000A00C0120A80C01209C0C0120284B1B683B
:101450005B0103F1804000F52030D0F804215207F1
:1014600028D5F0B40422234CC0F804212268224974
:101470000AB3224A09681568C0F80C11002D2DD056
:101480001F4A5168013151601E490D68216803F1FE
:10149000804303F5203381F001012160C3F810512E
:1014A000D0F80011136801310133F0BCC0F800110D
:1014B000136070477047134A0E68104915680F682B
:1014C00003F1804202F5203206EB050CC2F80CC194
:1014D00057B10B4A516801315160D7E7094D2D686A
:1014E00029441160064AD1E7054A0E60CEE700BFE5
:1014F000940C0120900C0120A40C0120B40C0120BC
:10150000AC0C01200C0000201A4A1B4B10681A6812
:101510004301F0B403F1804101F520310424C1F806
:101520000441164CC1F80C2194F800C0BCF1020F24
:101530000ED0134A1268C1F81021124A124BC1F89A
:1015400000311168012383400B43F0BC13607047E6
:101550000E4C0F4E24680F4F0F4DC1F8104122441E
:101560004FF0010C0024C7F800C0C1F80C21346012
:101570002C60E2E7940C0120A40C0120980C0120BF
:10158000A00C012000800240D10062830C000020EA
:10159000B40C0120900C0120AC0C012001F056BDD0
:1015A00070B5044686B00120FFF786FD002002F0EA
:1015B000C5FB3D4BA3FB04134FF496729B0902FB42
:1015C00003F30F3300221B094FF05531650001A8CA
:1015D000CDE90125ADF8123003918DF81020ADF85A
:1015E000142002F03FFC012002F07AFC2F4B012175
:1015F000D3E9000202F016F8012002F077FC00287F
:10160000FAD121462A4E2B4D02F05AFC012002F05D
:1016100067FCB368B36000F053FE284600F096FD07
:101620002B689847044600283BD16B699847AB6C00
:10163000044601209847EB6C02460120144398476A
:1016400004432ED1204601F045FC1B4B0121D3E978
:10165000000201F0E7FF194B0121D3E9000201F07C
:10166000E1FF174B0121D3E9000201F0DBFF154B2D
:101670000121D3E9000201F0D5FF204601F060FC12
:10168000204601F063FC042001F066FCB36843F0DF
:1016900000430120B36001F065FC0B495B2001F0C1
:1016A0001BFA204606B070BDD34D6210C4CD0110A8
:1016B00000E00040380C0120ACCD0110A0CD01109D
:1016C0007CCD0110B8CD0110111300102DE9F04FA1
:1016D000154683B0654A9DF83060137083460C460A
:1016E000002B59D0012B51D1614A9368042D23F06E
:1016F000804393604AD0DFF8A0A18AF80060062DED
:1017000014BF022301235B4FDFF89091DFF8908133
:10171000594A3868C9F8004004FB0BF103FB01F497
:10172000C8F800B0146028B1019303F077FD0022DF
:10173000019B3A60022E45D02046019403F066FDDD
:10174000019A3860002800F08780FF21013E04F0F4
:10175000B7F8012E5BD9494E0421336A112098470E
:10176000434A936823F4803304469360042001F0D5
:10177000F9FB736A28469847F36AD9F80010D8F83D
:1017800000009847204603B0BDE8F08F4FF0FF34CB
:10179000204603B0BDE8F08F354ADFF8FCA093681F
:1017A000042D43F0804393608AF80060A7D10220A3
:1017B00001F0C6FB9AF80060731E012B8CBF032357
:1017C0000423A0E72E4C0BFB03F02E4B20600022DD
:1017D00040005A6003F01AFD2B4938600D9801F063
:1017E00031FC0D9B032B3DD8DFE803F0272C3102A1
:1017F00026491F2001F070F9386868B39AF8006034
:10180000022E2CD12268FF21520004F059F8204BFF
:101810000D9A1A60FFF778FE154A184E936823F464
:10182000F01343F400339360936843F48033936080
:10183000042001F09DFB00249BE714491C2001F0CB
:101840004BF9D9E711491D2001F046F9D4E70F49BA
:101850001E2001F041F9CFE76FF0090498E7064B2D
:101860001A6872E70B4804F0F3F8FEE7990C0120C0
:1018700000E00040A40C0120A00C0120380C012045
:101880000C000020AC0C01204D1400109D15001020
:10189000940C0120A4CC0110980C0120040000201D
:1018A00008000020014B1B6A184700BF380C0120BC
:1018B00010B50A4B1B78013B012B0CD90849094A8A
:1018C000094B00240C6014601A691A61012001F0B0
:1018D00055FB204610BDFFF717FEEFE7980C0120DF
:1018E0009C0C0120A80C012000E00040024B18686D
:1018F000003818BF012070479C0C012070B4094CBF
:101900002669256935432561074C24680460074C26
:10191000074824680C600749006810600A681A606C
:1019200070BC704700E00040A40C0120A00C012016
:101930000800002004000020014B1868704700BF19
:10194000B40C0120014B00221A607047B40C012036
:1019500000487047AC0C0120024B3C221A6000206A
:10196000704700BFB80C0120014B1868704700BFDA
:10197000B80C0120024B1B7803700020704700BF99
:10198000100000200020704770B5164E82B004464B
:101990000DF1070230786F2100F0AAFC9DF80730A6
:1019A00023600DF1070205466E21307800F0A0FC9F
:1019B00003469DF8071030781D43236843EA01234E
:1019C0000DF1070223606D2100F092FC9DF80730B5
:1019D00022681B0403F4702313432843236002B0DE
:1019E00070BD00BFB80C012010B50A46054CFF239E
:1019F00001461370207800F07BFC003818BF0120EE
:101A0000404210BDB80C012070B50D4E82B00446A6
:101A10000DF1060230781C2100F06AFC0DF107027E
:101A200005461D21307800F063FC9DF806209DF8E6
:101A30000730284303EB0223236002B070BD00BFD0
:101A4000B80C012070B50D4E82B004460DF10602AF
:101A500030780A2100F04CFC0DF1070205460B21FD
:101A6000307800F045FC9DF806209DF807302843AB
:101A700003EB0223236002B070BD00BFB80C01204D
:101A8000F8B500B3214E3F223078812100F0BEFC32
:101A9000822205462821307800F0B8FC0022D221AD
:101AA0000543307800F0B2FC80220543DA2130781B
:101AB00000F0ACFC80220446DB21307800F0A6FC6C
:101AC0002C432043F8BD114F06463F223878812130
:101AD00000F09CFC022228210546387800F096FC94
:101AE0003246D2210543387800F090FC802205432D
:101AF000DA21387800F08AFC80220446DB2138782D
:101B000000F084FC2C432043F8BD00BFB80C01203A
:101B100070B50D4E82B00DF1070205460C213078EC
:101B200000F0E6FB9DF80720044655B142F0800224
:101B300030788DF807200C2100F068FC204302B0BB
:101B400070BD02F07F02F3E7B80C012070B50D4EB6
:101B500082B00DF1070205460C21307800F0C8FB79
:101B60009DF80720044655B142F0400230788DF8C8
:101B700007200C2100F04AFC204302B070BD02F0A7
:101B8000BF02F3E7B80C012070B50D4E82B00DF125
:101B9000070205468221307800F0AAFB9DF8072055
:101BA000044655B142F00C0230788DF807208221AE
:101BB00000F02CFC204302B070BD02F0F302F3E70A
:101BC000B80C012070B5264D82B00DF10702064613
:101BD0001421287800F08CFB9DF8072002F08F027A
:101BE00004468DF80720062E36D8DFE806F0252CAF
:101BF0002F32040F1A0042F0400228788DF8072097
:101C0000142100F003FC9DF80720044342F0500229
:101C100028788DF80720142100F0F8FB9DF80720A4
:101C2000044342F0600228788DF80720142100F068
:101C3000EDFB204302B070BD2878142100F0E6FBD4
:101C4000204302B070BD42F01002ECE742F02002E7
:101C5000E9E742F03002E6E74FF0FF30EAE700BF85
:101C6000B80C0120023010B504284AD8DFE800F093
:101C700015272F410300244CA8222078242100F0AE
:101C8000C5FBA0222078252100F0C0FB2078C422CB
:101C9000BDE81040262100F0B9BB1B4C7022207813
:101CA000242100F0B3FB60222078252100F0AEFB58
:101CB0002078A222BDE81040262100F0A7BB124CDC
:101CC00078222078242100F0A1FB7022ECE70E4C52
:101CD00086222078242100F099FB20787622252185
:101CE00000F094FB2078B322BDE81040262100F0DC
:101CF0008DBB054CA0222078242100F087FB982280
:101D0000C0E74FF0FF3010BDB80C0120023010B515
:101D1000042845D8DFE800F01A27343C0300224CA1
:101D200020222078D52100F071FB28222078D421B0
:101D300000F06CFB00222078D32100F067FB2078B4
:101D40000422BDE81040D22100F060BB164C2022D6
:101D5000D521207800F05AFB18222078D42100F0F9
:101D600055FB4822E7E7104C2022D521207800F0CF
:101D70004DFB1C222078D42100F048FB2022DAE71A
:101D8000094C20222078D52100F040FB2022CDE70D
:101D9000054C20222078D52100F038FB2422C5E70D
:101DA0004FF0FF3010BD00BFB80C012090422DE96C
:101DB000704F0646934688469A46C0F28280994202
:101DC0004FF0FF34A8BF0024DFF8FC90002299F800
:101DD0000000112100F01AFB7F220443512199F8E1
:101DE000000000F013FB99220443502199F80000F1
:101DF00000F00CFB23220443212199F8000000F09D
:101E000005FB00220443202199F8000000F0FEFAAF
:101E1000C6F307220443C82199F8000000F0F6FA3F
:101E2000F2B20443C92199F8000000F0EFFAC8F3B8
:101E300007220443CA2199F8000000F0E7FA5FFA8C
:101E400088F20443CB2199F8000000F0DFFACBF3CD
:101E500007220443CC2199F8000000F0D7FA5FFA7A
:101E60008BF20443CD2199F8000000F0CFFACAF3B9
:101E700007220443CE2199F8000000F0C7FA5FFA68
:101E80008AF244EA0005CF2199F8000000F0BEFA7A
:101E900010220921054399F8000000F0B7FA5522F5
:101EA0000543172199F8000000F0B0FAC222044659
:101EB000192199F8000000F0A9FA2C432043BDE84D
:101EC000708F4FF0FF347FE7B80C01202DE93047C9
:101ED0002E4A2F4B82B08842CDE9002304468A4621
:101EE00001D029284EDC0DF10409442C02DDBAF1A1
:101EF000440F01DC0AF1010ADFF89880C4F30722DD
:101F000098F80000CC2100F081FAE2B2CD2104461D
:101F100098F8000000F07AFACAF307220443CE21B1
:101F200098F8000000F072FA5FFA8AF20443CF21B9
:101F300098F8000000F06AFA99F8002044EA0005D9
:101F4000C82198F8000000F061FA99F801200543D3
:101F5000C92198F8000000F059FA99F802200543C9
:101F6000CA2198F8000000F051FA99F803200446BD
:101F7000CB2198F8000000F049FA2C43204302B02E
:101F8000BDE830872929AEDDE946AEE7028001E0F1
:101F900001E001E0B80C0120124A431E1070052B2D
:101FA0001CD8DFE803F0090F030309150E4B0622C6
:101FB0001878122100F02ABA0B4B0022187812214F
:101FC00000F024BA084B0E221878122100F01EBA35
:101FD000054B01221878122100F018BA4FF0FF309B
:101FE000704700BF10000020B80C012010B4044C52
:101FF00003460A4620785DF8044B194600F006BAFD
:10200000B80C012030B50D4D83B004460DF1070228
:1020100028780E2100F06CF950B99DF807204CB9D2
:1020200002F0F70228788DF807200E2100F0EEF973
:1020300003B030BD42F00802F4E700BFB80C012045
:1020400070B5164E82B030788022122100F0DEF991
:10205000FF2304468DF807300DF107021221307876
:1020600000F046F9034642F210701C4300F0FAFCFF
:102070009DF80730002BEFD1094D8022122100E09E
:102080006A78307800F0C2F915F8021FEE2944EAA8
:102090000004F5D1204602B070BD00BFB80C01208D
:1020A000D4CC01102DE9F04F93B000213C2203A8BD
:1020B0008DF8071002910F4603F002FCDFF88090C4
:1020C000DFF880A0DFF880B002AC4FF0210899F86B
:1020D0000000F9B20DF1070200F00AF9054680B1DF
:1020E00020237E1CA37016F00F0384F8008084F870
:1020F000018004F1030413D0B6F5807F1BD037466E
:10210000E5E79DF807302046524640217E1C03F04B
:10211000B9FC16F00F0304F103044FF00305EBD1F3
:10212000A7F10F0102AA5846237003F027FCB6F569
:10213000807F02ACE3D1284613B0BDE8F08F00BF2A
:10214000B80C0120CCCC0110C0CC0110184A194B9E
:10215000194910B4C0E90023184C194A194BC0E9B9
:102160000241C0E90423184C1849194A194BC0E927
:102170000641C0E90823184C1849194A194BC0E90F
:102180000A41C0E90C23184C1849194A194BC0E9F7
:102190000E41C0E91023184C1849194A194BC0E9DF
:1021A0001241C0E914235DF8044B0020704700BFC2
:1021B0005919001069190010091A0010451A001069
:1021C000A52000104120001005200010E919001082
:1021D000ED1F0010991F001075190010CD1E001082
:1021E000AD1D00100D1D0010651C0010851900109C
:1021F000C51B0010891B00104D1B0010111B001087
:10220000811A001089190010F8B5184D07460024EE
:102210004FF0804607FA04F313F0800F4FF00043AD
:1022200008BF4FF000432E624FF0040014BFEB6173
:102230002B6200F017FC0134EE61042000F012FC68
:10224000082CE7D14FF000442E6204206C6100F0AE
:1022500009FCEE61042000F005FC6F6A2E62042088
:1022600000F000FC2C61F80FF8BD00BF00800040BA
:10227000F8B5124E4FF000437361042000F0F2FBFA
:10228000082500244FF08047F761042000F0EAFBA6
:10229000736A37626400002BE4B2B8BF01344FF0B8
:1022A0000400B8BFE4B200F0DDFB6B1E13F0FF05C5
:1022B000EAD14FF0004333612046F8BD0080004072
:1022C00010B5084801F02EF80446074801F02AF836
:1022D000064B4FF000414FF08042D9612043DA6154
:1022E00010BD00BF34CD011040CD01100080004072
:1022F0002DE9F047444C4FF0004705464FF0804829
:10230000E76104208A46914600F0ACFBC4F81C80CB
:10231000042000F0A7FB6D002762042000F0A2FB60
:10232000EDB2C4F82080042000F09CFB2846FFF7A3
:102330006BFF80B106462762042000F093FBC4F8CF
:102340001C80042000F08EFBE761042000F08AFB73
:102350003046BDE8F0875046FFF756FF2762064635
:10236000042000F07FFBC4F81C80042000F07AFBFE
:10237000E761042000F076FB002EE9D1042000F094
:1023800071FBE761042000F06DFBC4F81C800420A1
:1023900000F068FB2762042000F064FBC4F8208092
:1023A000042000F05FFB681CC0B2FFF72DFF06465B
:1023B00098B1154C4FF000452562042000F052FB07
:1023C0004FF08043E361042000F04CFBE561042002
:1023D00000F048FB3046BDE8F087FFF749FF89F879
:1023E0000000E761042000F03DFBC4F81C800420DD
:1023F00000F038FBC4F82080042000F033FB276293
:10240000042000F02FFBD4E7008000402DE9F843C2
:10241000264D4FF0004904464FF08048C5F81C9007
:1024200004200F46164600F01DFBC5F81C80042052
:1024300000F018FBC5F82090042000F013FBC5F84D
:102440002080042000F00EFB600000F0FE00FFF78B
:10245000DBFE0446642000F005FBCCB1642000F0F4
:1024600001FB124D4FF00046642000F0FBFA2E6293
:10247000042000F0F7FA4FF08043EB61042000F0F5
:10248000F1FAEE61042000F0EDFA2046BDE8F88391
:102490003846FFF7B9FE0446642000F0E3FA002C4A
:1024A000DFD13046FFF7B0FE0446DAE70080004097
:1024B0001C4B1B689A6810B49A601A691A615A6AB0
:1024C00042F080025A625A6A1406FCD4DA6942F079
:1024D0008002DA61DA691206FCD45024DC6201223F
:1024E00002241A63D8621A621C631A6B9407FCD424
:1024F0005122DA629A68D006FCD5DC6A0C70102092
:10250000042298601A639A685206FCD540229A60A9
:102510009B685DF8044B13F4FE4F14BF6FF0080086
:1025200000207047BC0C0120164B1B689A689A600B
:102530001A691A615A6A42F080025A625A6A12068D
:10254000FCD4DA6942F08002DA61DA691206FCD45E
:102550005022DA621A6B42F001021A63D862D96221
:102560001A6B42F004021A639A685206FCD54022A4
:102570009A609B6813F4FE4F14BF6FF008000020B0
:10258000704700BFBC0C01201A4B1B689A6810B43E
:102590009A601A691A615A6A42F080025A625A6A4B
:1025A0001206FCD4DA6942F08002DA61DA691406B4
:1025B000FCD45022DA621A6B0F2442F001021A6333
:1025C0000144DC6210F8012BDA628842FAD11A6BFE
:1025D00042F004021A639A685206FCD540229A60BF
:1025E0009B685DF8044B13F4FE4F14BF6FF00800B6
:1025F00000207047BC0C0120184B1B6853B300B57A
:10260000031E83B018BF01231322022101A88DF8F5
:1026100004308DF80520FFF7B7FF10B103B05DF867
:1026200004FB42211720FFF77FFF0028F6D142F27A
:10263000107000F017FA01A91820FFF739FF0028E1
:10264000ECD19DF80430422B18BF6FF00A0003B0A4
:102650005DF804FB6FF00400704700BFBC0C012064
:1026600030B5174D2A6883B01AB10024204603B054
:1026700030BD0168286001F00303032BF5D0012170
:1026800001F0DAF804460028F0D10E49286801F07C
:102690001DF90121286801F025F90121286801F0C0
:1026A0001FF920460DF10701FFF702FF044600283D
:1026B000DCD19DF80730022BD7D06FF01004D5E79E
:1026C000BC0C0120A086010047488546474880474A
:1026D00080B94749474A484B9B1A03DD043BC85819
:1026E000D050FBDC4549464A00209142BCBF41F82E
:1026F000040BFAE7434880474348804743488047F4
:10270000FFF7FEFFFEE7FEE7FEE7FEE7FEE7FEE778
:10271000FEE7FEE7FEE7FEE7FEE7FEE7FEE7FEE791
:10272000FEE7FEE7FEE7FEE7FEE7FEE7FEE7FEE781
:10273000FEE7FEE7FEE7FEE7FEE7FEE7FEE7FEE771
:10274000FEE7FEE7FEE7FEE7FEE7FEE7FEE7FEE761
:10275000FEE7FEE7FEE7FEE7FEE7FEE7FEE7FEE751
:10276000FEE7FEE7FEE7FEE7FEE7FEE7FEE7FEE741
:10277000FEE7FEE7FEE7FEE7FEE7FEE7FEE7FEE731
:10278000FEE7FEE7FEE7FEE7FEE7FEE7FEE7FEE721
:10279000FEE7FEE7FEE7FEE7FEE7FEE7FEE7FEE711
:1027A000FEE7FEE7FEE7FEE7FEE7FEE7FEE7FEE701
:1027B000FEE7FEE7FEE7FEE7FEE7FEE7FEE7FEE7F1
:1027C000FEE7FEE7FEE7FEE7FEE7FEE7FEE7FEE7E1
:1027D000FEE7FEE7FEE7FEE7FEE7FEE7FEE7FEE7D1
:1027E000FEE7FEE7FEE7FEE700000220C528001036
:1027F00088D5011000000020340A0020000C0020C1
:1028000010160120CD280010C5510010FD0C00103D
:102810000B4A08B50346106828B10A4903448B42A5
:1028200007D8136008BD08480649106003448B426E
:10283000F7D902F0C1FC0C2303604FF0FF3008BD54
:10284000C00C012000F00120181601206FF01000CC
:10285000704700BF6FF01000704700BF4FF080431B
:102860009A6802F46062B2F5206F20D010D8CAB125
:10287000104B47F23051B2F5C06F08BF0B464FF016
:1028800080420D499268C2F38212D3400B607047B8
:10289000B2F5406F08D0074B0849B2F5606F08BF2A
:1028A0000B46ECE7064BEAE74FF40043E7E74FF44B
:1028B000E103E4E700E1F50510160120C0687804A3
:1028C0000087930300207047704700BF10B50B4C82
:1028D0000B4BA3600B4801F017FAD4F8883043F48F
:1028E0007003C4F88830BFF34F8FBFF36F8FFFF7CB
:1028F000B5FFFFF7E9FFFEF7A7FB10BD00ED00E015
:102900000000001000A0024038B54FF0E023184945
:102910009C691A6922F480320A601A69D20723D4AA
:102920006FF07F4405225C614FF080759C611A61F5
:10293000104B114A19680023A0FB01010BF0B2F9FA
:102940000E4BB0FBF5F205FB120084421A6007D86B
:102950001A6801321A602C44094B201A186038BDDD
:10296000074B201A186038BD5D690135E0E700BFEC
:10297000C80C01201016012040420F001400002056
:10298000CC0C012010B50C4C0C4B22681960002AAD
:102990000FDC08B9002010BDFFF7B6FF2368002B3D
:1029A000F8DD4FF0E0220020136943F002031361C9
:1029B00010BD6FF0050010BD14000020C40C0120F4
:1029C000F8B5174C2368002B1EDB26682EBB154B71
:1029D0004FF0E0251B68AA699A421ED8124F3B6847
:1029E0005BB16FF00F009847104B3E601A682A6188
:1029F0004FF0FF3323600020F8BD0C4A4FF0FF3347
:102A000012682A612360F6E7074C2368002BF2D096
:102A10000020984700202060F8BD6FF00500F8BD49
:102A200014000020CC0C0120C40C0120C80C012093
:102A300010B5094C236823B16FF00F0098470023AD
:102A40002360064A064B10684FF0E0214FF0FF323A
:102A500008611A6010BD00BFC40C0120C80C012021
:102A60001400002038B5184C2268002A29DC00B96F
:102A700038BDFFF749FF4FF0E02202E01369DB03A6
:102A80001BD42368002BF9DC104B1A684FF0E021AF
:102A90008B699342FCD80E4D2B6823B16FF00F0069
:102AA000984700232B600B4B4FF0E022196811610F
:102AB0004FF0FF330020236038BD2368013B2360C3
:102AC000DFE76FF0050038BD14000020CC0C0120BA
:102AD000C40C0120C80C0120F8B50F4E0F4BB26892
:102AE0009A4204460D4600F1100707D018460C49DB
:102AF0004FF4F07202F04AFE0346B060002C43F837
:102B0000275008DB074B6209012004F01F0400FA7C
:102B100004F443F82240F8BD00ED00E0000E01206F
:102B20000000001000E100E03F2819D81F280CD950
:102B30004FF0804320389A6C0123C0B203FA00F0B2
:102B400010420CBF1846002070474FF0804201230E
:102B5000526A03FA00F010420CBF1846002070477A
:102B6000014B4038DA68E7E7000008403F2809D900
:102B70000E4A4038D168C0B2012303FA00F008437E
:102B8000D06070471F284FF0804208D92038916CE0
:102B9000C0B2012303FA00F0084390647047516A01
:102BA000012303FA00F00843506270470000084018
:102BB0003F280AD910494038CB68C0B2012202FA36
:102BC00000F023EA0000C86070471F284FF08041E2
:102BD00009D920388B6CC0B2012202FA00F023EA36
:102BE0000000886470474B6A012202FA00F023EA71
:102BF00000004862704700BF0000084010B5072879
:102C00000AD8DFE800F00C09092333475B04BDE86C
:102C10001040364800F086BB6FF0020010BD4FF048
:102C200080440021A36843F48023A3604FF47A70AA
:102C3000FFF7A8FE03E0FFF7C3FE063052D1A368FA
:102C40005901F8D5FFF7F4FE002010BD00214FF424
:102C50007A70FFF797FE4FF0804403E0FFF7B0FE75
:102C600006303FD1A3689A00ECD4F7E74FF08044D8
:102C70000021A36843F40023A3604FF47A70FFF7A8
:102C800081FE03E0FFF79CFE06302BD1A3681B01F9
:102C9000F8D5D7E74FF080440021A36843F48013B0
:102CA000A3604FF47A70FFF76DFE03E0FFF788FE34
:102CB000063017D1A368D800C4D4F7E74FF080449A
:102CC0000021A36843F40033A3604FF47A70FFF748
:102CD00059FE03E0FFF774FE063003D1A3689B01A1
:102CE000B0D4F7E76FF0090010BD00BF4CCD011064
:102CF00038B54FF080439D68072824D8DFE800F0FE
:102D0000262323333C4B5A045D4800F00BFBC8B923
:102D10004FF08042936843F46063936000214FF466
:102D20007A70FFF72FFE4FF0804403E0FFF748FE74
:102D300006304ED1A3689B04F8D5FFF779FEFFF764
:102D40008DFD002038BD6FF0020038BD4FF080448B
:102D5000A16811F4802146D04FF08042936823F49B
:102D600060639360DAE74FF08042936823F4606316
:102D700043F4C0639360D1E74FF08044A16811F43D
:102D8000002169D04FF08042936823F4606343F4DC
:102D900000639360C2E74FF08044A16811F4801192
:102DA00047D04FF08042936823F4606343F420637C
:102DB0009360B3E74FF08044A16811F4003125D04F
:102DC0004FF08042936823F4606343F44063936060
:102DD000A4E7A36805F4606523F460632B43A36054
:102DE0006FF0090038BDA36843F48023A3604FF45B
:102DF0007A70FFF7C7FD03E0FFF7E2FD0630EFD181
:102E0000A3685801F8D5FFF713FEA5E7A36843F4BC
:102E10000033A3604FF47A70FFF7B4FD03E0FFF7CF
:102E2000CFFD0630DCD1A3689A01F8D5FFF700FE8C
:102E3000C6E7A36843F48013A3604FF47A70FFF7EA
:102E4000A1FD03E0FFF7BCFD0630C9D1A368D9009E
:102E5000F8D5FFF7EDFDA4E7A36843F40023A360D2
:102E60004FF47A70FFF78EFD03E0FFF7A9FD0630FF
:102E7000B6D1A3681B01F8D5FFF7DAFD82E700BFE2
:102E80004CCD01103F280AD94038114AC0B2012365
:102E900003FA00F0906093681842FCD170471F2835
:102EA0000BD92038C0B201234FF0804203FA00F062
:102EB0005064536C1842FCD1704701234FF080429C
:102EC00003FA00F0506053681842FCD1704700BF0D
:102ED00000000840022823D810B504463220FFF72E
:102EE00067FE012C104815D0022C0CD000F01AFA05
:102EF0000E4800F017FA0E4800F014FA0D4800F0E2
:102F000011FA002010BD00F00DFA0B4800F00AFA8B
:102F10000A48EBE700F006FA074800F003FAE7E793
:102F20006FF00200704700BF7CCD0110ACCD0110E6
:102F3000A0CD0110B8CD011088CD011094CD0110A5
:102F40000146014800F020B800E000400146014879
:102F500000F024B800E000400146014800F028B825
:102F600000E000400146014800F02EB800E00040BB
:102F70000146014800F02EB800E00040014601483B
:102F800000F030B800E00040826822F00C0282605D
:102F9000836843EA81018160704700BF826822F044
:102FA00010028260836843EA01118160704700BFAC
:102FB000836823F4787383608368490101F478712E
:102FC00019438160704700BFC36801F00F011943C6
:102FD000C1607047C36801F00F0123EA0103C360B9
:102FE000704700BF836823F003038360836801F0A8
:102FF000030119438160704710B50520FFF794FD68
:1030000020B1BDE81040074800F026B8044605206E
:10301000FFF7CEFD2046FFF735FFBDE81040014821
:1030200000F01AB800800240014800F06BB800BF01
:1030300000800240014800F083B800BF00800240D9
:1030400000F0C2B800F0E4B800F0F4B8014800F0B5
:1030500007B900BF008002402DE9F843234B984296
:10306000064639D0224923484022FDF7DDFF4FF0C4
:10307000FF39DFF88C8058F8293083BB1E4801F0F7
:10308000F7FF1D48012101F0E5FF074650BB1B4B30
:10309000306006F580740246014606EB421CC3E927
:1030A0000224C3E900110132CCF800111433DCF81A
:1030B0000451CCF80451102A43F8041C04F12004F4
:1030C000EBD158F829300C48013348F8293001F089
:1030D000CFFF3846BDE8F8834FF00009C9E76FF02D
:1030E0000607F6E76FF00507F3E700BF0080024030
:1030F0009CCE0110E0CE0110E40F0120E80F01206A
:10310000E00F012008B50A4B98420BD009490A4844
:103110007222FDF789FF094B4FF0FF31002243F87F
:10312000212008BD054B0021002243F8212008BDC5
:10313000008002409CCE0110E0CE0110E00F012083
:1031400038B51B4B984220D07D221A491A48FDF70A
:103150006BFF4FF0FF32194B53F8223013B318486E
:10316000012101F077FF0446F8B91649034651F8EA
:10317000232005335AB10134102CF8D16FF00D041F
:103180000F4801F075FF204638BD0022E3E704EB4D
:10319000840001EB80030125DB6841F820501A60B0
:1031A000DA61EDE76FF00604EDE76FF00504EAE79A
:1031B000008002409CCE0110E0CE0110E00F012003
:1031C000E40F0120E80F01200F2870B516D800EB9E
:1031D00080000D4E8400335983B10C48012101F069
:1031E00039FF054668B933193051DB6807481D605F
:1031F0005A685A6001F03CFF284670BD6FF0020526
:10320000FAE76FF00505F7E7E80F0120E40F01206A
:103210000F2809D800EB8000054B80001A581AB11E
:1032200003440020196170476FF00200704700BF2F
:10323000E80F01200F280ED800EB8000074B80001C
:103240001A5842B1184401F05F01C3685A6811432B
:103250000020596070476FF002007047E80F0120AE
:103260001C4B98422DE9F04107462DD01A491B48C6
:1032700040F2A912FDF7D8FE00266FF00F04184D9A
:1032800004EB840305EB83054FF001080F2C14D8E1
:103290002B6808FA04F283B17B681A420DD02B69BF
:1032A0002046002113B198472B6883B1EB68596819
:1032B0002046FFF7C9FE7B6823B10134B44205F113
:1032C0001405E3DBBDE8F08110260024D7E76FF09A
:1032D0000201EDE7008002409CCE0110E0CE01101B
:1032E000E80F0120C10710B5044608D4A2070BD48B
:1032F00063070ED42046BDE8104001F0BFBE002099
:10330000FFF756FCA207F3D50120FFF751FC630736
:10331000F0D54020FFF74CFC2046BDE8104001F0FE
:10332000ADBE00BFF8B5894B05689D42044638D054
:1033300003F580539D4212D003F5EE2303F580631D
:103340009D423CD003F500739D423AD00020FFF728
:10335000C9FF01F0E9FE012808D10020F8BD0220D4
:10336000FFF7C0FF01F0E0FE0128F6D06268A17A05
:10337000284600F077F90028F0D1754B22689A4270
:1033800011D06268217A284600F08CF90028E5D136
:10339000637A042B00F2D680DFE803F0554D3D350B
:1033A0001E000120D3E7237A012B00F0BD80022B01
:1033B00054D0002B00F0A0806FF01000F8BD042066
:1033C000C5E70820FFF78EFF01F0AEFE0128C4D04C
:1033D000A37A002BD1D1EFE72A6E636822EA0302B9
:1033E0002A666A6E1A436A66D5F8B8201343C5F890
:1033F000B830237A002BB0D06268E17A2846BDE865
:10340000F84000F08DB92A6E63681A432A666A6E26
:1034100022EA0302E7E72B6E626823EA02032B66C7
:103420006B6E13436B66D5F8B83023EA0203C5F818
:10343000B830237ADEE72B6E626813432B666B6E1F
:1034400023EA0203EEE72A6E616822EA01022A6695
:103450006B6E23EA01036B66237ACBE762683D4813
:103460004FEA420C1101066A0CF0020C01F0200137
:1034700041EA0C01314301628168C2F3400242EA31
:103480000C020A438260627A042A95D8DFE802F0CF
:10349000271C031C030062682E48D100066A01F055
:1034A000100102F0010C41EA0C0126EA010101625F
:1034B0009100520101F0040102F040020A43016A46
:1034C00021EA0202026295E722486268076AD10097
:1034D00002F0010601F010013E433143E7E7616865
:1034E0001C488A004901066A02F0040201F040010A
:1034F0000A43324302627DE7626816484FEA420C93
:103500001101066A0CF0020C01F0200141EA0C01E5
:1035100026EA010101628168C2F3400242EA0C021C
:1035200021EA02028260AEE762680A484FEA420C72
:103530001101066A0CF0020C01F0200141EA0C01B5
:103540003143E7E76FF00200F8BD00BF00800040A4
:1035500000060840006C00400A4A90420B4601D029
:1035600000F074B8084A106A116A01EA831100EA8F
:10357000C3000B06C0F3C00002D540F00200704744
:10358000704700BF00060840006C0040094A9042A6
:1035900001D000F05FB8084810B4046ACA0001F016
:1035A0000101214302F0100319435DF8044B01624D
:1035B000704700BF00060840006C00400A4A904275
:1035C00001D000F049B810B4084C0B46C900206A7D
:1035D00001F0100203F00101114320EA0101216210
:1035E0005DF8044B704700BF00060840006C0040C7
:1035F00001F056BD034A904201D000F02FB8024AB4
:10360000D16170470006084000680040034B9842B3
:1036100001D000F025B8024BD86970470006084079
:103620000068004010B4074CA04203D05DF8044B82
:1036300000F018B800290CBF6FF0100000205DF8F2
:10364000044B70470006084001F06EBD406A084018
:10365000704700BFC1617047016270478164704765
:10366000006C704770B505460C461646FFF7ECFF38
:10367000012814D05CB1012C02D06FF0020070BDA3
:10368000D5F8C02032430020C5F8C02070BDD5F861
:10369000C02022EA06022046C5F8C02070BD0020E6
:1036A00070BD00BF70B504460E461546FFF7CCFF4F
:1036B00001280AD0236B2B4323636560052E2CD889
:1036C000DFE806F00C14161D2405002070BDC4F8B8
:1036D00088500020A567E566A56070BD65616560DE
:1036E00000202567E567C4F8885070BD2561F6E7BE
:1036F000C4F888500020E5672567A56070BDC4F850
:1037000088500020E567E566A56070BDC4F8885064
:103710000020A5672567A56070BD6FF0020070BD31
:1037200070B504460D461646FFF78EFF012810D0EF
:10373000032D37D8DFE805F01B02290FD4F8B0308D
:103740003343C4F8B030D4F8B42022EA0606C4F8F3
:10375000B460002070BDD4F8B0303343C4F8B0304A
:10376000D4F8B4201643C4F8B460002070BDD4F877
:10377000B03023EA0603C4F8B030D4F8B42022EA0B
:103780000606C4F8B460002070BDD4F8B03023EA57
:103790000603C4F8B030D4F8B4201643C4F8B460BB
:1037A000002070BDD4F8B03023EA0603C4F8B0306E
:1037B000D4F8B43023EA0606C4F8B460C9E700BF01
:1037C0000AB900F013B96FF010007047174B984218
:1037D00010B5044610D0164B984218D0154B98429D
:1037E00020D13820FFF7C2F93420FFF74BFB2046E9
:1037F000BDE8104000F018B90D20FFF7B7F9102010
:10380000FFF740FB2046BDE8104000F00DB91C203A
:10381000FFF7ACF92020FFF735FB2046BDE810404C
:1038200000F002B96FF0010010BD00BF00D00140F0
:1038300000E0014000F00140C0B370B504460D4601
:103840001646FFF7C3FF1B4B9C4212D01A4B9C42FB
:103850001CD01A4B9C4226D13820FFF7A9F91848F2
:10386000FFF760FD324629462046BDE8704000F073
:103870003BB80D20FFF79CF91248FFF753FD324685
:1038800029462046BDE8704000F02EB81C20FFF706
:103890008FF90D48FFF746FD324629462046BDE820
:1038A000704000F021B86FF0010070BD4FF0FF30A4
:1038B000704700BF00D0014000E0014000F001402F
:1038C00070CD011058CD011064CD011000F002B987
:1038D00000F060B900F07AB900F080B900F086B964
:1038E00000F0F0B900F0FEB92DE9F041002871D0E8
:1038F0003A4B984288461646044649D003F5805311
:10390000984243D0364FB8420CBF02274FF0FF37E2
:1039100010212046FFF7E2FF0546002833D1236837
:1039200043F0010323602046FFF7D4FF2046FFF752
:10393000D3FF02212046FFF7D5FF06212046FFF7DF
:10394000CFFFB8F1000F27D02368244A43F00203C9
:103950009442236039D0234B9C421BD020488442A0
:103960000CBF02244FF0FF341F4B03EB4414012221
:10397000626003EB47136FF00101C3E902110022FB
:103980001A611A765A612846BDE8F0810127BFE71F
:103990000027BDE70124E7E7314642462046FFF70E
:1039A0000FFF0E4B9C420AD003F580539C420ED071
:1039B0000B498C420CBF4FF002084FF0FF380A4B06
:1039C00003EB481100224A60D3E72C46CCE74FF0C6
:1039D0000108F4E74FF0FF35D5E700BF00D0014004
:1039E00000F0014000E0014028110120C0B1032A8D
:1039F00010D8B1F5806F10D200EB820200237F292E
:103A0000D36484BF4FF40043D364D36C19430020C4
:103A1000D16470476FF0100070476FF0020070477C
:103A20004FF0FF30704700BF00284AD0F8B5264B52
:103A30009842044639D003F58053984223D0234D51
:103A4000A8420CBF02254FF0FF3500212160E16044
:103A50006161A3681E4EA360236923616F0106EBB9
:103A60004515E1612022216228466162A16201F0D0
:103A700027FF2046FFF72EFF2046FFF72DFF2B7E66
:103A80001BB90020F8BD0125DFE7FFF7CDFAA868D4
:103A900000280CDA3E44F0680028F2DBFFF7D0FA89
:103AA0006FF00103F3600020F8BD0025CDE73E4430
:103AB000FFF7C6FAF0686FF001030028AB60E0DBA7
:103AC000ECE74FF0FF30704700D0014000F00140BC
:103AD0002811012000284FD010B4294AA1F57423E1
:103AE0006FF41074234493421AD3264B99423ED864
:103AF000254B1B685B08B3FBF1F14A0811F0010F7D
:103B000002F1FF3408BF2246B2F5007F2FD274B312
:103B1000C4F3080444635DF8044B8263FFF7D8BE26
:103B2000194B1A4A1B685B08B3FBF1F14FEA410CD1
:103B3000A2FB0C4CA2FB01425208C90758BF02F17C
:103B4000FF324FEA5C0C0F2A0CF1FF3C0FDCBCF19A
:103B50000F0F0CDC12025FFA8CFC92B24CEA0202EC
:103B6000C26302680A4942F400420260C3E76FF090
:103B700002005DF8044B70474FF0FF30704700BF04
:103B8000009F240040E1330010160120ABAAAAAA2E
:103B9000801A060003681B040CD5C26BC36BD0B23D
:103BA0000230C3F307230344074A10684008B0FB00
:103BB000F3F07047436B806BC3F30803C0F3080056
:103BC00003440233F0E700BF10160120C36943F03D
:103BD0008003C361C3691B06FCD47047436A43F08A
:103BE00080034362436A1B06FCD47047002865D0FB
:103BF000036843F001032DE9F0410360076803689F
:103C000043F480630E46044607F48067036000298E
:103C100043D000252BE0FEF725FF236823F0800327
:103C200023600A20FEF71EFF236813F400784FF08C
:103C30000A002BD1FEF716FF236843F080032360B0
:103C40000A20FEF70FFF23689A054FF00A001DD5E2
:103C5000FEF708FF236843F0400323600A20FEF7C5
:103C600001FF2368DB0525D40135AE4215D00A20BB
:103C7000FEF7F8FE236823F0400323600A20FEF7D6
:103C8000F1FE2368D9054FF00A00C4D52368013539
:103C900043F0C003AE422360E9D16FF008001FB9C2
:103CA000236823F480632360236823F001032360E7
:103CB000BDE8F0814046002FF6D1F1E74FF0FF302C
:103CC000704700BF8269D2B28A42034607D3C269F5
:103CD00022F4706242EA01210020D96170476FF03E
:103CE000020070478269C2F307228A42034607D363
:103CF000426A22F4706242EA012100205962704750
:103D00006FF00200704700BF00F000B8D0F800313B
:103D1000012223F00103C0F80031C0F80027D0F8D9
:103D20000031DA03FBD5D0F8003143F00103C0F8CD
:103D30000031D0F80031DB03FBD57047802810B587
:103D4000044613D81D20FEF733FF2120FFF79AF811
:103D50004FF08042936823F4E0739360072C16D8E9
:103D6000DFE804F027313D4955616D1B1E223A49B9
:103D70003A48FDF759F91D20FEF71AFF2120FFF7F9
:103D800081F84FF08042936823F4E07393602146FA
:103D90003348BDE8104000F0AFB84FF080422146F4
:103DA00093682F4843F4E073BDE81040936000F03F
:103DB000A3B84FF0804321469A6829489A60BDE82D
:103DC000104000F099B84FF0804221469368244893
:103DD00043F04003BDE81040936000F08DB84FF011
:103DE0008042214693681E4843F08003BDE810409E
:103DF000936000F081B84FF08042214693681848E4
:103E000043F0C003BDE81040936000F075B84FF078
:103E1000804221469368124843F48073BDE8104005
:103E2000936000F069B84FF08042214693680C48D7
:103E300043F4A073BDE81040936000F05DB84FF00C
:103E4000804221469368064843F4C073BDE81040A1
:103E5000936000F051B800BFF0CE011034CF0110D4
:103E600000C0034010B504462146104800F04CF84D
:103E70002368032B17D8DFE803F00C1107020C4866
:103E8000FFF750FA002010BD0A48FFF74BFA002058
:103E900010BD0948FFF746FA002010BD0748FFF79C
:103EA00041FA002010BD6FF0020010BD00C00340B9
:103EB000E8CD0110DCCD0110C4CD0110D0CD011032
:103EC00000B587B002460B46044801A900F07EF811
:103ED00001A8FFF7C7FF07B05DF804FB00C003406F
:103EE0000146014800F07EB800C003400146014889
:103EF00000F080B800C00340002303608368836043
:103F000083698361704700BF00294AD038B54B6888
:103F10000C46002B3CD0244A1268012A4FEA520575
:103F20003CD9AB4237D8B5FBF3F50A6801684FF0CE
:103F3000010C0CFA02FC21EA0C0101601B498B42C6
:103F400088BF02353AB1012A1ED0022A1ED0032AA8
:103F500013D1174A00E0174A208A174B217B03EA46
:103F60000043E08925F0784545EAC1650343A1682F
:103F7000156000205160936038BD48220F491048F9
:103F8000FDF752F80022E7E70E4AE5E70E4AE3E7BD
:103F90006FF0020038BD6FF0060038BD6FF004000E
:103FA00038BD6FF0020070471016012040420F002C
:103FB00080C0034020C003400000FF0F48CF011025
:103FC0008CCF011040C0034060C0034000205B0064
:103FD0004FF0010CC1E90023886081F80CC0C88152
:103FE0000882704703680B430360036831EA0303E8
:103FF000FBD1704703680B4214BF012000207047BB
:10400000F0B5B24B984283B004460D46164631D007
:1040100003F5805398421FD0AD4B984200F0E380E7
:1040200003F58053984200F0E28003F5DB2303F5AB
:104030008063984200F09E8003F58063984200F010
:10404000DA80002900F00F81A249A3482422FCF75E
:10405000EBFF4FF0FF3703E0002900F00481012758
:10406000EB78023B042B00F22981DFE803F00C24FB
:104070001A080800002900F0F6800027F0E76FF02A
:10408000100003B0F0BD0020FEF7B8FD93492046B4
:1040900000F0A4F90122032F29D8DFE807F04357E5
:1040A0002F160620FEF7AAFD4FF40041204600F02F
:1040B00095F90322EFE70520FEF7A0FD4FF4E1019B
:1040C000204600F08BF90222E5E708200192FEF776
:1040D000D9FE1220FEF76CFD019A46B1AB78022B97
:1040E00012BF7F487F480192FFF71CF9019A2946C9
:1040F000204603B0BDE8F04000F056BA0720019218
:10410000FEF7C0FE1120FEF753FD019A002EEED0FF
:10411000AB78022B12BF744874480192FFF702F982
:10412000019AE4E705200192FEF7ACFE0F20FEF7AE
:104130003FFD019A002EDAD0AB78022B12BF6C48FB
:104140006C480192FFF7EEF8019AD0E70620019241
:10415000FEF798FE1020FEF72BFD019A002EC6D028
:10416000AB78022B12BF644864480192FFF7DAF87B
:10417000019ABCE7002976D0CB78023B042B00F2F1
:10418000938001A252F823F07F400010D341001029
:10419000534200109D4100107F4000100320FEF7A5
:1041A0002DFD574847F2305100F018F902225548CA
:1041B0000192FFF7B7F84220FEF764FE4220FEF7B7
:1041C000F7FC019A2946204603B0BDE8F04000F014
:1041D000EBB90520FEF712FD49484FF4E10100F06C
:1041E000FDF80022E3E700293DD0022738E7002947
:1041F00039D0032734E7002935D0CB78023B042B94
:1042000048D801A252F823F07F40001081420010EC
:104210007F4000106D4200101D4200100520FEF787
:10422000EDFC39484FF4612100F0D8F801223748FD
:104230000192FFF777F84320FEF724FE4320FEF7B4
:10424000B7FC019A2946204603B0BDE8F04000F0D3
:10425000ABB90620FEF7D2FC29484FF4004100F02C
:10426000BDF80122A3E74FF0FF300AE70320FEF775
:10427000C5FC254847F2305100F0B0F80222D6E7DD
:104280000520FEF7BBFC20484FF4E10100F0A6F842
:104290000022CCE71E4B1C481968002249080192F5
:1042A00000F09CF8019AC2E7194B154819680022E2
:1042B0004908019200F092F8019A78E7144B1968C6
:1042C0002046490800F08AF80022E4E60000014098
:1042D000002001409CCF0110E0CF01100087930324
:1042E0003CCE011048CE011024CE011030CE01107A
:1042F000F4CD011000CE01100CCE011018CE01102B
:10430000000C084054CE01100010084060CE01108F
:104310001016012000F0F4B900F02EBA00F058BADF
:1043200000F082BA00F0AEBA00F004BF00F01ABF8D
:1043300000F00ABF00F00CBF00F016BB10B4244C14
:10434000A0422ED0234B984216D003F580539842BA
:1043500037D003F58053984236D003F5DB2303F5BD
:10436000806398422AD004F5E224A0420CBF4FF0AB
:10437000050C4FF0FF3C01E04FF0010C164C14F817
:104380000C405CB901290FD9022907D181691304B6
:1043900003F4403321F44032134383615DF8044B4E
:1043A00070474FF0000CE9E7846902F0030324F042
:1043B0000304234383610029E8D0EFE74FF0040CA6
:1043C000DCE74FF0020CD9E74FF0030CD6E700BF53
:1043D0000000014000100140881101201C4B984250
:1043E00010B50C4629D003F58053984219D003F537
:1043F0008053984225D003F58053984223D003F58B
:10440000DB2303F58063984219D003F5806398425B
:104410001BD010491048B722FCF706FE4FF0FF33BF
:1044200000E001230D4AD25C32B90D4A012002EBB3
:10443000C30102F833004C6010BD0023F2E70423EF
:10444000F0E70223EEE70323ECE70523EAE700BFEA
:1044500000000140ECCF0110E0CF011088110120D5
:104460009011012008B51B4B984226D003F58053CC
:10447000984219D003F58053984222D003F5805317
:10448000984220D003F5DB2303F58063984216D0D1
:1044900003F58063984218D0C6220F490F48FCF7F5
:1044A000C3FD4FF0FF3200E001220D4B13F8321034
:1044B00069B103EBC203586808BD0022F5E7042286
:1044C000F3E70222F1E70322EFE70522EDE76FF0C1
:1044D000060008BD00000140ECCF0110E0CF011044
:1044E000901101202D4B984270B504460D461AD00C
:1044F00003F58053984216D003F58053984212D0AA
:1045000003F5805398420ED003F5DB2303F5806357
:10451000984208D003F58063984204D0204921488E
:10452000D422FCF781FD002D37D0AB78022B236914
:104530000CBF4FF080414FF4804143EA01030BBFB1
:104540006FF0005C6FF4005C4FF080724FF480728B
:104550000CBF4FF48036012623610BBF4FF40020BF
:10456000082010210021A3690342FCD06B78206948
:104570008B4003432361AB6820691B028B400343DC
:1045800023612660E3681342FCD06B6803FA01F1F3
:104590006160A36903EA0C03A36170BD00000140E0
:1045A000ECCF0110E0CF0110524B984270B5044699
:1045B0000D4616461AD003F58053984216D003F5DF
:1045C0008053984212D003F5805398420ED003F5E1
:1045D000DB2303F58063984208D003F5806398429B
:1045E00004D0454945483122FCF71EFD002D7ED000
:1045F000A978A3698A0714BF23F0004343F000435E
:10460000A361E36843F001133246E3602046FFF7FD
:1046100095FEAA782B78012A25D9022A11D1226980
:104620001B0403F4700322F47002134323616B78BC
:10463000082B16D8DFE803F01111585858115858B4
:1046400058006B78082B0CD8DFE803F00707070742
:10465000050705050500022A46D029462046FFF732
:1046600041FF002070BD216903F0F00021F0F0014E
:104670000143216102BB21691B0403F4700321F48F
:1046800070010B4323616B78082BEAD801A151F824
:1046900023F000BF5B4600105B4600105B46001035
:1046A0005B4600105B4600105B4600105B46001046
:1046B00057460010574600106B78082BD1D801A13F
:1046C00051F823F05B4600105B4600105B4600107B
:1046D00057460010574600105B4600105746001022
:1046E000574600105B4600106FF0100070BD4FF091
:1046F000FF3070BD00000140ECCF0110E0CF011091
:104700001A4B984210B504461BD003F580539842CB
:1047100017D003F58053984213D003F58053984285
:104720000FD003F5DB2303F58063984209D003F52E
:104730008063984205D00E490E484FF48272FCF710
:1047400073FC2369580406D5236943F400432361AD
:10475000A3695907FCD523695A0006D5236943F09C
:1047600000432361A3695B03FCD510BD0000014039
:10477000ECCF0110E0CF0110124B984210B5044667
:104780001BD003F58053984217D003F5805398420D
:1047900013D003F5805398420FD003F5DB2303F5C4
:1047A0008063984209D003F58063984205D006499A
:1047B00006484FF48D72FCF737FC236923F0802301
:1047C000236110BD00000140ECCF0110E0CF0110CB
:1047D000124B984210B504461BD003F58053984203
:1047E00017D003F58053984213D003F580539842B5
:1047F0000FD003F5DB2303F58063984209D003F55E
:104800008063984205D0064906484FF4BC72FCF715
:104810000BFCE36843F00113E36010BD00000140AE
:10482000ECCF0110E0CF011038B5134B984204468D
:104830000D461BD003F58053984217D003F58053E3
:10484000984213D003F5805398420FD003F5DB2331
:1048500003F58063984209D003F58063984205D040
:104860000649074840F2C112FCF7DEFB2560E36809
:10487000DB05FCD538BD00BF00000140ECCF0110C6
:10488000E0CF011070B5324B984284B004460D461B
:104890001BD003F58053984217D003F580539842FC
:1048A00013D003F5805398420FD003F5DB2303F5B3
:1048B0008063984209D003F58063984205D025496A
:1048C00025484FF4E772FCF7AFFB002D3BD023499E
:1048D000234A0E687608A6FB055600232846314673
:1048E00009F0E0F91F4A03464FF0FF30A842B241F9
:1048F0002BD2002215465B0843EAC17398424FEA67
:10490000510175EB010602F10102F4D31201D1B29B
:1049100000252046CDE902358DF804108DF80550AC
:10492000ADF80650FFF7F8FC2A4601A92046FFF72C
:1049300067FBA36943F000432046A361FFF7EEFC49
:104940002046FFF7E7FC04B070BD0021E0E700BFA0
:1049500000000140ECCF0110E0CF01101016012043
:1049600040420F003F420F002DE9F04F534E85B0FB
:10497000B042CDE9012305460C461AD0504B98426F
:1049800017D003F58053984213D003F58053984213
:104990000FD003F5DB2303F58063984209D003F5BC
:1049A0008063984205D0474947484FF4FB72FCF7B3
:1049B0003BFB28462E69FFF755FD051E60DB0123F2
:1049C000C6F3031603FA06F6F317A6FB046104FB0D
:1049D000031463014FEA461ABAEB060943EAD663A9
:1049E00063EB040803934FEA48284FEA49239B19D5
:1049F00048EAD95844EB08089F014FEA881242EA76
:104A00009362FF1A62EB0808304ABF1982FB053235
:104A10004FEAE57B44EB0808CBEBA212D3173846EC
:104A2000414609F03FF979B3384641462A465B468C
:104A300009F038F989B3039BBAEB060A63EB04016A
:104A4000890041EA99714FEA890919EB060944EB9B
:104A50000101C90041EA59714FEAC9002A465B4683
:104A600009F020F921B32A465B463046214609F079
:104A700019F9F9B90323019A1060029A0D461370CF
:104A8000284605B0BDE8F08F019B0D461860029BDB
:104A90002846197005B0BDE8F08F019B0D461860DF
:104AA000029B4FF0010228461A7005B0BDE8F08F56
:104AB0000223E0E76FF00305E2E700BF00000140DA
:104AC00000100140ECCF0110E0CF0110D34D621077
:104AD00008B5174B984210D0164B984215D0164B7C
:104AE00098421AD0154B98421FD14420FEF7CAF9BC
:104AF0004420FEF73BF8002008BD0B20FEF7C2F96A
:104B00000920FEF733F8002008BD0C20FEF7BAF9A3
:104B10000A20FEF72BF8002008BD1C20FEF7B2F992
:104B20002120FEF723F8002008BD6FF0020008BD29
:104B300000200440003004400040044000140840BD
:104B4000214B10B504469C42084629D003F58053FA
:104B50009C4225D003F580539C4221D003F5753348
:104B60009C4222D10523042A636121D12368B0F538
:104B7000166F43F4001323608CBF0023012363618D
:104B80004FF480310246204600F066F9002806DD29
:104B9000236843F40043236023681B03FCD510BD46
:104BA000052363615AB1022A06D06FF0020010BDDE
:104BB000FBD822B1022AF8D14FF4E101E2E7034B1E
:104BC00019684908DEE700BF0020044010160120E4
:104BD00000F050B900F05EB900F070B9164B984281
:104BE00010B5044612D003F5805398420ED003F559
:104BF000805398420AD003F57533984203D10229B5
:104C000007D0042910D06FF0020010BD39B102297D
:104C1000F9D10520FDF7F2FF02210028F5D1204649
:104C2000BDE8104000F094B90620FDF7E7FF03212E
:104C30000028F4D0E9E700BF0020044010B5044686
:104C400000F0DAF90F4B9C420DD003F580539C42E3
:104C500009D003F580539C4205D003F575339C427F
:104C600008D0FD2010BD0028FCD0022814BFF92078
:104C7000022010BD0228F5D0032814BFF92004201B
:104C800010BD00BF0020044070B504460E46154616
:104C9000FFF71EFF10BB1C4B9C4227D01B4B9C42B6
:104CA0001DD01B4B9C4228D01A4B9C4214D11A4851
:104CB000FEF738FB4420FDF77BFF29462046FFF72F
:104CC0008DFF58B92046FFF7B9FF3146024620460E
:104CD000BDE8704000F050B86FF0020070BD0F48A2
:104CE000FEF720FB0A20FDF763FFE6E70C48FEF71E
:104CF00019FB0920FDF75CFFDFE70A48FEF712FB0E
:104D00002120FDF755FFD8E7002004400030044083
:104D1000004004400014084090CE011078CE0110ED
:104D20006CCE011084CE011000F06AB900F070B9A9
:104D300000F008B800F012B800F074B900F076B9CD
:104D400000F07AB910B504462046FFF7F5FF0028B9
:104D5000FAD02046BDE81040FFF7E6BF38B504465C
:104D60000D462046FFF7EAFF0028FAD029462046E4
:104D7000BDE83840FFF7DABFF8B5324CA04205462F
:104D80000F4616460FD0304B98420CD003F5805397
:104D9000984208D003F57533984204D02B492C482B
:104DA0008622FCF741F901212846FFF7C9FF044696
:104DB00008B12046F8BD08212846FFF709FF044640
:104DC0000028F6D101462846FFF706FF04460028D2
:104DD000EFD101462846FFF7FDFE04460028E8D142
:104DE000324639462846FFF7ABFE002821DB154B3B
:104DF0009D4220D003F580539D421ED003F5805381
:104E00009D421CD003F575339D420CBF03234FF028
:104E1000FF33104803EB430300EBC3024FF0FF31B5
:104E2000DB00C2E902110021C150516011745161CF
:104E3000BFE70446BDE72346EBE70123E9E702238A
:104E4000E7E700BF002004400030044030D00110EC
:104E500078D00110180000209142B1FBF2F304D386
:104E600002FB1311B1EB520F00D90133036110465D
:104E7000704700BF05390329024607D8036823F4A9
:104E8000406343EA81210020116070476FF0020007
:104E9000704700BF61B1012906D10368002143F4C6
:104EA00080530360084670476FF002010846704760
:104EB000036823F4805303600846704703460429BF
:104EC00042D8DFE801F0111725330300026842F0F1
:104ED00010021A601A6842F020021A601A6842F042
:104EE000400200201A607047026822F01002002081
:104EF0001A607047026842F010021A601A6822F0C5
:104F000020021A601A6822F0400200201A607047DE
:104F1000026842F010021A601A6822F020021A6039
:104F20001A6842F0400200201A607047026842F09E
:104F300010021A601A6842F020021A601A6822F001
:104F4000400200201A6070476FF00200704700BFF7
:104F5000032938B50D46044630D8234B9C4236D041
:104F600003F580539C4227D003F580539C4238D0F0
:104F700003F575339C420CBF03234FF0FF331B4AEC
:104F8000D35CBBB9236813F4004F4FEA054523688F
:104F90001FD023F400432360236805F4403523F435
:104FA00040331D432560236843F400432360236896
:104FB0001B03FCD5002038BD0123E0E70C490D4858
:104FC00040F23312FCF730F8074B9C42C8D1002363
:104FD000D5E723F4403305F440351D432560002018
:104FE00038BD0223CBE700BF00200440C0110120E0
:104FF00030D00110A8D001100068C0F30140704704
:105000004368DB0654BF006A6FF00C00704700BFB6
:10501000436813F0800306BF016218466FF00B006F
:10502000704700BF4068C0F3032070474068C0F37A
:105030000330C0F1080070474B1E072B024606D80C
:10504000036823F00F0319430020116070476FF0CD
:105050000200704750E8003F3BB940E80013002BC6
:10506000F8D1BFF35F8F184670476FF005007047A7
:10507000BFF35F8F00230360704700BF10B5064C7D
:10508000217831B905484FF4007200F019FC012372
:105090002370002010BD00BFC5150120C4110120E0
:1050A000032870B5054625D8E0B9174E3046FEF7FF
:1050B000ADFA044601463046FEF79CFA8CB1134E19
:1050C000134B06EBC51603EBC515E30703D52B6899
:1050D0000BB130689847640806F1040605F1040531
:1050E000F3D170BD01280CD00A4E0B4B022818BF1B
:1050F0001E46DBE709490A484E22FBF795FF0026CA
:10510000D4E7084ED2E700BF00800040C41301205E
:10511000C41101200004084000060840D0D001104E
:1051200018D1011000900040014B1878704700BF63
:10513000C415012010B50446FFF7EEF82046002103
:10514000BDE81040FFF7ECB84FF0FF31FFF7EAB8C9
:1051500038B50546FFF7EAF804462846FFF7E4F8B5
:10516000204638BD00B583B00DF10303016801AAE4
:10517000FFF7E2F89DF803300198022B0AD0032BC9
:105180000FD0012B03D00A4BA3FB0030800903B0E2
:105190005DF804FB4FF47A7303FB00F003B05DF895
:1051A00004FB044B03FB00F003B05DF804FB00BFFD
:1051B000D34D621040420F00014B1868704700BF8A
:1051C0007800002070B50D4E0D4D761BB61006D040
:1051D000002455F8043B01349847A642F9D1094E02
:1051E000094D761B18F0B8F9B61006D0002455F812
:1051F000043B01349847A642F9D170BD280A00202B
:10520000280A0020300A0020280A0020024B01460C
:10521000186800F00BB800BF78000020024B014670
:10522000186805F0D3BA00BF780000202DE9F04FD0
:1052300001F10B06162E83B0044624D8102900F283
:10524000BA8000F08FFB102618220220B54F3A4496
:10525000A2F1080153688B4200F0BA805A68D968FD
:1052600022F003021A449D68E9608D60516841F0A4
:1052700001012046516003F1080500F079FB284642
:1052800003B0BDE8F08F36F0070600F19480B1421C
:1052900000F2918000F066FBB6F5FC7FC0F09A81C9
:1052A000730A00F08F80042B00F26F81B30903F1C1
:1052B000390003F1380CC3009A4F3B44A3F10805B1
:1052C0005B689D4206D10CE0002980F22781DB68F3
:1052D0009D4206D05A6822F00302911B0F29F3DD8C
:1052E00060463D69DFF850C265457CD06A6822F0AF
:1052F0000302931B0F2B00F37B81002BC7E904CC27
:1053000080F26C81B2F5007F80F01A81D308796851
:1053100001334FEA521E012202FA0EF20A4357F8F5
:1053200033E0C5F808E007EBC3010839E9607A60AB
:1053300047F83350CEF80C50831001219940914228
:1053400057D8114206D120F003004900114200F164
:105350000400FAD007EBC0094D468646D5F80C800C
:10536000454508D11DE1002B80F22481D8F80C803E
:10537000454500F01681D8F8042022F00302931B63
:105380000F2BF0DD2046D8E9025408EB060146F069
:105390000106C8F80460EC60A56043F00104C7E9A9
:1053A0000411C1E902CC4C6048F8023000F0E0FA88
:1053B00008F1080502E00C2323600025284603B00D
:1053C000BDE8F08F4FF4007340204FF03F0C73E7BF
:1053D000D3689A4208BF02307FF440AF3D69DFF8DE
:1053E00058C1654582D17A68831001219940914264
:1053F000A7D9BD686B6823F003094E4503D8A9EB14
:1054000006030F2B7ADCDFF834B1474BDBF80020C2
:105410001B680132334405EB090A00F0338103F5C0
:1054200080530F3323F47F6828F00F08414620464D
:1054300000F016FB411C024600F0F380824500F2AA
:10544000EE803A4B196841441960084600F04E81DD
:10545000DBF80010019301311BBFA2EB0A0A504494
:10546000CBF80020186012F0070B00F01781CBF189
:1054700008010A44CBF5805190440831A1EB0801A2
:10548000C1F30B0A51462046009200F0E9FA421C93
:10549000DDE9002300F04F81801A00EB0A0819684B
:1054A000BA6048F001005144BD425060196000F0FC
:1054B0002981B9F10F0F40F227816868A9F10C0C1E
:1054C0002CF0070C00F0010040EA0C0068604FF07F
:1054D000050E05EB0C00BCF10F0FC0E901EE00F268
:1054E000328150681546124B1A688A4238BF1960DB
:1054F000104B1A688A4238BF196094E0AA1943F029
:10550000010346F001066E602046BA60536000F069
:105510002FFA0835284603B0BDE8F08FD9681A4441
:10552000A1E600BFA8040020F8150120C81501203D
:10553000F0150120F4150120B0040020B00800206F
:10554000B2F5206F4FEA522363D3142B00F2B780D9
:1055500003F15C01C9005B3307EB010E7958AEF132
:10556000080E8E4500F091804B6823F003039342B0
:1055700002D989688E45F7D1D1F80CE07A68C5E97F
:10558000021ECEF80850CD60D6E6142B59D9542B04
:1055900000F29D80330B03F16F0003F16E0CC3002A
:1055A0008AE60EF1010E1EF0030F05F108057FF4E7
:1055B000D5AE51E0424445465368D8F80C1043F04C
:1055C0000103536055F8083F2046D9608B6000F016
:1055D000CFF9F3E6F00806F1080237E62A44204640
:1055E000536843F001035360083500F0C1F9E5E664
:1055F000A919204646F0010643F001046E60C7E990
:105600000411C1E902CC4C60AB5000F0B1F908358F
:10561000D4E6930903F13901C90038339CE7BD4250
:105620005FD0BD68686820F003084645A8EB060314
:1056300002D80F2B3FF762AF204600F099F9002502
:10564000BCE603F15C0003F15B0CC30034E659F8DF
:1056500008394B4540F0968010F0030F00F1FF3001
:10566000F5D17B6823EA01037B60490099423FF64C
:10567000C0AE19B9BDE649000EF1040E1942FAD0C8
:10568000704667E603F11008D0E69A104FF0010863
:105690007B6808FA02F21A437A6070E702EB0801AD
:1056A0004942C1F30B0A51462046009200F0D8F956
:1056B000431CDDE900237FF4EFAEDA46EFE6542B1E
:1056C00025D8130B03F16F01C9006E3344E7B3F51E
:1056D000AA7F25D8F30B03F1780003F1770CC30000
:1056E000EAE5294B186840441860B1E6CAF30B0C90
:1056F000BCF1000F7FF4ACAEBD68C84448F00100B7
:105700006860F0E61546EEE60123536094E7B3F5D2
:10571000AA7F23D8D30B03F17801C90077331BE7A5
:1057200040F25452934223D8B30C03F17D0003F1AD
:105730007C0CC300C0E5ABF1080BD844A8EB020811
:105740004FF0000AABE605F108012046009305F092
:105750003DF8BD68009B68681968C4E640F2545182
:105760008B420BD8930C03F17D01C9007C33F3E627
:105770004FF47E737F204FF07E0C9DE54FF47E71D9
:105780007E23E9E67B6870E7C8150120844641EA7C
:10579000000313F003036DD1403A41D351F8043BA9
:1057A00040F8043B51F8043B40F8043B51F8043BFB
:1057B00040F8043B51F8043B40F8043B51F8043BEB
:1057C00040F8043B51F8043B40F8043B51F8043BDB
:1057D00040F8043B51F8043B40F8043B51F8043BCB
:1057E00040F8043B51F8043B40F8043B51F8043BBB
:1057F00040F8043B51F8043B40F8043B51F8043BAB
:1058000040F8043B51F8043B40F8043B51F8043B9A
:1058100040F8043B51F8043B40F8043B403ABDD209
:10582000303211D351F8043B40F8043B51F8043BAB
:1058300040F8043B51F8043B40F8043B51F8043B6A
:1058400040F8043B103AEDD20C3205D351F8043B3A
:1058500040F8043B043AF9D2043208D0D2071CBF06
:1058600011F8013B00F8013B01D30B88038060462F
:10587000704700BF082A13D38B078DD010F00303A5
:105880008AD0C3F10403D21ADB071CBF11F8013B15
:1058900000F8013B80D331F8023B20F8023B7BE764
:1058A000043AD9D3013A11F8013B00F8013BF9D28F
:1058B0000B7803704B7843708B7883706046704729
:1058C000830730B548D0541E002A3FD0CAB20346E1
:1058D00001E0013C3AD303F8012B9D07F9D1032CD9
:1058E0002DD9CDB245EA05250F2C45EA054536D917
:1058F000A4F1100222F00F0C03F1200EE6444FEA4F
:10590000121C03F1100242E9045542E9025510321B
:105910007245F8D10CF1010214F00C0F03EB0212E6
:1059200004F00F0C13D0ACF1040323F00303043391
:10593000134442F8045B9342FBD10CF003042CB1F6
:10594000CAB21C4403F8012B9C42FBD130BD644613
:105950001346002CF4D1F9E703461446BFE71A4674
:10596000A446E0E7014805F0DBB900BF00160120BE
:10597000014805F0D7B900BF001601200FB400B5EB
:10598000074983B004AB086853F8042B816801937E
:1059900001F0AAFE03B05DF804EB04B0704700BF4D
:1059A00078000020024B01461868826805F0AEBE00
:1059B0007800002070B5054688B008460C4600F017
:1059C000BFF8224EAA6B059001214318CDE906616C
:1059D00004A8022104940393AC680190029122B3BD
:1059E000636E13F0010FB4F90C309AB201D198052F
:1059F00025D5910406D4626E43F4005322F400527C
:105A0000A3816266284601AA214604F0E5FF636E81
:105A1000002814BF4FF0FF350A25DA0702D4A38906
:105A20009B0506D5284608B070BD284604F0D6FD73
:105A3000D6E7A06D05F076F9284608B070BDA06DD8
:105A400005F06EF9B4F90C309AB2D2E760CA0110D1
:105A5000024B01461868FFF7ADBF00BF7800002079
:105A600038B5074D0022044608462A60FCF7D0FEF0
:105A7000431C00D038BD2B68002BFBD0236038BD01
:105A80000C1601200CB410B51F4B00291C689CB0EB
:105A900035DB4FF40273ADF81430029006901FAB63
:105AA00018D001394FF6FF7204910791ADF8162016
:105AB00002A91E9A0193204600F0B2F8421C01DAB6
:105AC0008B232360029B00221A701CB0BDE810409B
:105AD00002B070474FF6FF7204910791ADF816209F
:105AE00002A91E9A0193204600F09AF8431C01DA9D
:105AF0008B2323601CB0BDE8104002B070478B239D
:105B000023604FF0FF30F5E7780000200000000030
:105B10000000000000000000000000000000000085
:105B20000000000000000000000000000000000075
:105B30000000000000000000000000000000000065
:105B400090F800F06DE9024520F007016FF0000CBD
:105B500010F0070491F820F040F049804FF0000465
:105B60006FF00700D1E9002391F840F000F1080040
:105B700082FA4CF2A4FA8CF283FA4CF3A2FA8CF378
:105B80004BBBD1E9022382FA4CF200F10800A4FADF
:105B90008CF283FA4CF3A2FA8CF3E3B9D1E9042333
:105BA00082FA4CF200F10800A4FA8CF283FA4CF36A
:105BB000A2FA8CF37BB9D1E9062301F1200182FA24
:105BC0004CF200F10800A4FA8CF283FA4CF3A2FA2A
:105BD0008CF3002BC6D0002A04BF04301A4612BA38
:105BE000B2FA82F2FDE8024500EBD2007047D1E93B
:105BF000002304F00305C4F100004FEAC50514F0CA
:105C0000040F91F840F00CFA05F562EA05021CBF9A
:105C100063EA050362464FF00004A9E700000000B4
:105C20002DE9F04F2DED0A8BD3B00C46914609EECD
:105C3000101A0D9309EE900A05F06AF8036817939D
:105C40001846FFF77DFFA38916901A0603D523692E
:105C5000002B00F0A1874D469FEDA57B2B780024FB
:105C600029AACDE92744CDE91944CDE91B448DED9E
:105C7000147B19EE909A12942692904618940994E7
:105C8000002B00F0EC81AB4604E01BF8013F002B39
:105C900000F01A81252BF8D1BBEB050640F01881E6
:105CA0009BF80030002B00F0DA8100234FF0FF3228
:105CB0009BF801708DF87B300A930BF1010B089271
:105CC0009A462B2420210BF1010BA7F120035A2B1C
:105CD00000F23C81DFE813F0D5023A013A01D0022C
:105CE0003A013A013A016A003A013A016502FE02BC
:105CF0003A017002E4023A01DF025B005B005B00E4
:105D00005B005B005B005B005B005B003A013A01FB
:105D10003A013A013A013A013A01D2013A01360216
:105D20008500D201D201D2013A013A013A013A0189
:105D3000CB023A013A01C6003A013A013A01400267
:105D40003A0175023A013A0150073A013A013A0123
:105D50003A013A013A013A013A01D2013A013602D6
:105D60008700D201D201D201BE02870080003A0131
:105D7000B1023A019902C800870280003A0140024C
:105D80007D002B073A013A012F073A017D00A7F168
:105D9000300300221BF8017B02EB820203EB42027C
:105DA000A7F13003092BF5D90A928EE7484604F093
:105DB000AFFF43681B931846FFF7C2FE1C900646D0
:105DC000484604F0A5FF836819932021002E40F077
:105DD000C2859BF8007076E79BF800704AF0200AB5
:105DE00071E74AF0100A1AF0200F0D9B00F09A811B
:105DF000073323F007031A465B6852F8084B0D92ED
:105E00001E46002BC0F26B85089B013301F03A80DF
:105E10002AF08003079354EA060300F0E7840A2C73
:105E200076F1000380F0918730340123DDF81CA067
:105E30008DF847410B930DF2471508990B989DF883
:105E40007B3081424FF00002B8BF01460C920791AF
:105E5000109213921192002B00F08980079A013260
:105E6000079284E04AF0100A1AF0200600F04B81F5
:105E70000D9B073323F007035E6853F8084B0D931F
:105E80002AF480630793002300228DF87B20089A70
:105E9000551C00F02682079921F0800A54EA060179
:105EA00040F01D82002A41F02980002B40F0A4849C
:105EB000079B13F001030B9300F0428530238DF80C
:105EC00047310DF24715B8E7BBEB050600F0C78078
:105ED000289B33442893279B0133072BC8E900569E
:105EE000279309DC08F10808099B33440993D7E696
:105EF000000000000000000019EE101A26AA484613
:105F000005F0DAFE90B90DF1A408EDE719EE101ACC
:105F100026AA484605F0D0FE002800F091800C9B90
:105F200023B10C9919EE900A04F050FC19EE103AC6
:105F30009B8913F0400F099B18BF4FF0FF33099363
:105F4000099853B0BDEC0A8BBDE8F08F002F00F02C
:105F5000868000238DF8E4708DF87B300122CDE936
:105F60000B230792089310931393119339AD1AF0F2
:105F700002020E9202D0079A023207921AF08402AD
:105F80000F9205D10A9A0799561A002E00F30D8335
:105F9000289C8BB1279B0DF17B0201330134C8F89B
:105FA0000020072B4FF0010228942793C8F8042003
:105FB00000F3338308F108080E9B83B1279B1FAAC7
:105FC00001330234C8F80020072B4FF00202289456
:105FD0002793C8F8042000F32D8308F108080F9BCD
:105FE000802B00F00F82089B0B9A9E1A002E00F364
:105FF00050821AF4807F40F0AB810B9BC8F80430CC
:106000001C44279BC8F800500133072B2894279382
:1060100000F3BE8208F108081AF0040F05D00A9BAD
:10602000079A9D1A002D00F31283DDE909320799C2
:106030008A42ACBF9B185B180993002C7FF466AFB3
:10604000002327930C9B1BB10C99484604F0BEFB20
:106050000DF1A4085D462B78002B7FF414AE289B2D
:10606000002B3FF463AF19EE104A19EE101A19EE27
:10607000900A26AA05F020FEA3895AE70D9B073354
:1060800023F00703B3EC027B8DED147BDDE91412E2
:106090000D9322F000430AEE101A0AEE903A4FF0E8
:1060A000FF32B0EE4A8AF0EE6A8AA54B51EC180B2B
:1060B00007F06AFD002840F06784A14B51EC180BF3
:1060C0004FF0FF3207F042FD002840F05D84DDE92B
:1060D00014010022002307F02FFD002840F0A587BF
:1060E0009DF87B30974D984A2AF0800A0321472F6C
:1060F000C8BF154600220C9207910B91089210928E
:1061000013921192A7E61AF0100340F033841AF0AC
:10611000400200F05B870D9A52F8044B0D921E4628
:10612000A4B2ADE653F8044B0D931AF0100F40F0F3
:106130000E841AF0400F00F0068444F3C036334654
:1061400024B25EE60D9A002352F8041B8DF87B30D2
:106150008DF8E4100D9201E70D9C54F8045B0026C5
:106160008DF87B60002D00F0D986089B5A1C00F04A
:1061700047851A463146284604F04AFE0C9000280E
:1061800001F07B800C9B0896591B0B9121EAE17171
:106190009DF87B300D9407910C96109613961196EE
:1061A00059E60D9B53F8042B0A92002A80F2C38310
:1061B0000A9A0D9352420A929BF800704AF0040A20
:1061C00081E54AF010030793079B13F0200600F0C7
:1061D00073830D9B073323F007035E6853F8084B66
:1061E0000D93012350E60D9B53F8044B0D93302380
:1061F0004AF0020278278DF87C30544B18930792AE
:106200008DF87D70002602233EE61AF0200F40F044
:1062100083841AF0100F40F078861AF0400F40F097
:106220004C871AF4007F00F070860D9B099953F893
:10623000042B0D9311705D460DE79BF800706C2FD9
:1062400003BF9BF801704AF0200A0BF1010B4AF0E2
:10625000100A38E59BF80070682F03BF9BF80170A7
:106260004AF4007A0BF1010B4AF0400A2BE59BF847
:1062700000704AF0080A26E59BF800704AF0010A0F
:1062800021E59DF87B30002B7FF4A3AD9BF80070D7
:106290008DF87B1017E59BF800704AF0800A12E534
:1062A0005A4612F8017B2A2F01F0F081A7F1300342
:1062B000092B934698BF002200F2F5871BF8017B5B
:1062C00002EB820203EB4202A7F13003092BF5D95E
:1062D0000892FAE49BF800708DF87B40F3E4CDF867
:1062E0001CA0012B3FF49BAD022B52AD12D1189A8A
:1062F00004F00F032409D35C05F8013D44EA067459
:10630000360954EA0603F3D152AB5B1BDDF81CA03F
:106310000B9392E504F00703E40844EA4674F60898
:10632000303354EA06012A4605F8013DF2D10799B7
:10633000C80700F14C8252AB5B1B8A460B937CE58D
:10634000FFFFEF7F3CD1011040D101104CD1011073
:10635000652F40F3D780DDE914010022002307F008
:10636000E1FB002800F0B481279BBC4AC8F800205C
:10637000013301340122072B28942793C8F8042005
:1063800000F3848508F10808209B129A934280F25A
:10639000CD82169B179A1C44C8E90023279B28949A
:1063A0000133072B279300F3EA8308F10808129BB7
:1063B0005D1E002D7FF730AE102D279B41F34481E9
:1063C000A74F0E972246102619EE104A05E008F155
:1063D0000808103D102D40F3678501331032072B5C
:1063E000C8E90076CDE92732F1DD26AA21464846E4
:1063F00005F062FC00287FF492ADDDE927320DF153
:10640000A408E6E70A9B079A9E1A002E7FF7EBADD9
:10641000102E279B41F34C8091490F95224619EE8F
:10642000105A0E910C4604E0103E102E08F1080898
:1064300019DD013310321021072BCDE92732C8F8BE
:106440000040C8F80410EFDD26AA294648460DF1A1
:10645000A40805F031FC00287FF461AD103E102E39
:10646000DDE92732E5DC0F9D144601330E9AC8F8AA
:1064700000203444072BCDE92734C8F8046000F32A
:106480002F85089B0B9A9E1A002E08F108087FF7AB
:10649000B0AD102E279B40F3C48571480E90424644
:1064A000214619EE108A044604E0103E102E02F137
:1064B000080216DD013310311020072BCDE92731FA
:1064C00014605060F1DD26AA4146484605F0F4FB11
:1064D00000287FF424AD103E102EDDE9273129AAD3
:1064E000E8DC90460C4601330E9AC8F8002034448C
:1064F000072BCDE92734C8F8046000F3CF8108F1F9
:10650000080876E5129B012B40F37C81279EC8F892
:106510000050013601340123072E28942796C8F82D
:10652000043000F3E78108F10808169B179A01363A
:106530001C44072EC8E90023CDE9276400F3E88155
:1065400008F10808DDE914010022002307F0EAFA47
:10655000002840F07681129B0136013B01351C4436
:10656000072EC8F800502796C8F80430289400F386
:106570005A8108F108081A9BC8F8043001361C44F7
:10658000072E22ABCDE92764C8F800307FF742AD73
:1065900019EE101A26AA484605F08EFB00287FF453
:1065A000BEAC289C0DF1A40836E5102EDDE927329B
:1065B00022DD1D95102419EE105A04E0103E102E15
:1065C00008F1080817DD013326491032072BC8E906
:1065D0000014CDE92732F1DD26AA294648460DF1FF
:1065E000A40805F069FB00287FF499AC103E102E3A
:1065F000DDE92732E7DC1D9DC8F804600133B418DB
:10660000072B184AC8F80020CDE9273400F3E283AD
:106610009DF87B3008F10808BBE419EE101A26AA91
:10662000484605F049FB00287FF479AC289C0DF121
:10663000A408C1E419EE101A26AA484605F03CFB4E
:1066400000287FF46CAC289C0DF1A408C7E4102D41
:10665000279B26DD19EE107A10260AE07CD1011066
:1066600090D1011080D10110103D102D08F10808C3
:1066700017DD0133C24A1034072BC8E90026CDE9E3
:106680002734F1DD26AA394648460DF1A40805F065
:1066900013FB00287FF443AC103D102DDDE92734B7
:1066A000E7DC0133B64AC8F804502C44072BCDE987
:1066B0002734C8F800207FF7B8AC19EE101A26AAC4
:1066C000484605F0F9FA00287FF429AC289CACE490
:1066D000209A002A40F39683DDE911739F42A8BFF8
:1066E0001F46002F0BDD279B01333C44072BC8E9D5
:1066F00000572894279300F35C8508F10808119E41
:10670000002FA8BFF61B002E00F35482119B1AF431
:10671000806F2B440B9340F08482209B129A93420B
:1067200003DB1AF0010F00F0B884169A179914448D
:10673000C8E90012279A28940132072A279200F309
:10674000778508F10808129A0B99AE18761AD51AAF
:10675000AE42A8BF2E46002E0DDD279BC8F80010C4
:1067600001333444072BC8F804602894279300F3BE
:106770009E8508F10808002EA8BFAD1B002D7FF7ED
:106780004BAC102D279B40F35F877E4F0E97224620
:10679000102619EE104A05E008F10808103D102DEA
:1067A00040F3828301331032072BC8E90076CDE92C
:1067B0002732F1DD26AA2146484605F07DFA002859
:1067C0007FF4ADABDDE927320DF1A408E6E7302B0D
:1067D0003FF49AAD3023023A05F8013C52AB9B1AC4
:1067E000DDF81CA00B931546FFF727BB089B002B79
:1067F0007FF41AABDDF81CA0002308930B9352AD75
:10680000FFF71BBB1AF0010F7FF480AE279EC8F87C
:106810000050013601340123072E28942796C8F82A
:1068200004307FF7A6AE19EE101A26AA484605F0E6
:1068300043FA00287FF473ABDDE927640DF1A40867
:1068400099E6129B5D1E002D7FF795AE102D40F34B
:1068500012874C4ACDF820A0234619EE10AA0E92BA
:106860001027144605E008F10808103D102D40F3EC
:106870009D8301361033072EC8E90047CDE9276311
:10688000F1DD26AA5146484605F016FA00287FF4A5
:1068900046ABDDE927630DF1A408E6E719EE101A0F
:1068A00026AA484605F008FA00287FF438AB289C51
:1068B0000DF1A408FFF79DBB079B13F0100340F0F8
:1068C0002481079A12F0400200F09B830D9A52F83F
:1068D000044B0D921E46A4B20123FFF7D5BA2D2317
:1068E00064428DF87B3066EB4606CDF81CA0012390
:1068F000FFF7CDBA19EE101A26AA484605F0DCF9C2
:1069000000287FF40CABDDE927640DF1A4080CE648
:1069100019EE101A26AA484605F0CEF900287FF491
:10692000FEAADDE927640DF1A4080BE61AF0010FB9
:106930003FF472AB2DE59BF800700D93FFF7C3B9E0
:1069400052ADFFF77ABA1AF4007F40F0B083E61731
:106950003346FFF756BA199B002B3FF43AAA199B0E
:106960001B78002B3FF435AA9BF800704AF4806A2C
:10697000FFF7A9B90D9B53F8044B0D93FFF780BAAD
:1069800080D1011090D10110DDE9140102460B46BF
:1069900007F0FAF8002840F0C485612F00F08385E5
:1069A000412F00F09584089B013327F020030793C3
:1069B00000F0B083472B00F07F85DDE914014AF435
:1069C000807200290B924FF00003C0F2218541EC48
:1069D0001B0B0E930C93079B462B00F0F883452B63
:1069E00000F04B85089B019324AB049321AB0393E8
:1069F00020AB029302230093484653EC1B2B02F07A
:106A000087FD079B472B054640F065861AF0010F6E
:106A10005646DDF82CA040F00785249B5B1B1293A3
:106A2000079B472B00F08A83079B462B00F00F84BF
:106A3000209B1193119B079A013B412A209300F060
:106A4000D385FAB20021002BB8BF119B8DF88820A6
:106A5000BABFC3F101032D222B22092B8DF8892007
:106A600040F3B3850DF19704DFF894C32246104636
:106A70008CFB0321DA17C2EBA10202EB8201A3EB2C
:106A80004101303100F8011C19466329134600F119
:106A9000FF32ECDC3033D9B2831E9C4202F8011C79
:106AA00040F2008613460DF18A0201E013F8011B43
:106AB00002F8011B9C42F9D10DF199030DF18A02F4
:106AC0001B1A134422AA9B1A1A93129B1A9A012B7F
:106AD0001A440B9240F3B3850B9B169A13440B9305
:106AE0000B9A002326F4806622EAE27246F4807A4A
:106AF00010930792139311930E9B002B40F0448345
:106B000008939DF87B30FFF7A6B90D9B53F8044B13
:106B10000D930123FFF7B8B90D9B099853F8041B97
:106B20000D93C217C1E900025D46FFF794BACDF894
:106B30001CA0FFF749BBAF4B18931AF0200600F0DA
:106B4000EF800D9B073323F007035E6853F8084B73
:106B50000D931AF0010F09D054EA060306D0302332
:106B60008DF87D704AF0020A8DF87C302AF480633B
:106B700007930223FFF788B99F4B1893DDE719EEBF
:106B8000101A26AA484605F097F800287FF4C7A9EE
:106B9000289C0DF1A4080AE419EE900A4021FEF7A2
:106BA00045FB20602061002800F080854023636160
:106BB000FFF751B8102E279B40F365858F480E9044
:106BC0004246214619EE108A1027044604E0083296
:106BD000103E102E40F32E8201331031072BC2E9F4
:106BE0000047CDE92731F2DD26AA4146484605F0A7
:106BF00063F800287FF493A9DDE9273129AAE7E7A4
:106C0000284608960D94FEF79BFF20EAE0719DF858
:106C10007B300B9007910C96109613961196FFF708
:106C20001AB9129BCDF838B0DDF84CB00B9E199F05
:106C3000CDF82CA0EB1808934246DDF870A0109B0D
:106C40000F9519EE108AA446BBF1000F30D093BB0C
:106C5000013F0BF1FF3B1B9BC2E9003A279B01332D
:106C6000D444072BCDF8A0C0279362DC0832089BE0
:106C700038789B1B8342A8BF0346002B1C460CDDC3
:106C8000279801309C440728C2E90063CDF8A0C0D2
:106C9000279000F3188138780832002CACBF051B10
:106CA0000546002D0BDC0644109BBBF1000FCED136
:106CB000002B00F03282109B013B1093CBE7102D8C
:106CC00027981FDD1024634604E0103D102D02F1CB
:106CD000080216DD0130494910330728C2E90014C3
:106CE000CDE92703F1DD26AA4146484604F0E4FF3A
:106CF00000287FF414A9103D102DDDE9270329AAEF
:106D0000E8DC9C4601303D4B5560AC440728CDE99A
:106D1000270C136000F33F82387808320644C3E73B
:106D20001AF0100300F0A3800D9B53F8044B0D9351
:106D30000FE726AA4146484604F0BEFF00287FF42C
:106D4000EEA8DDF8A0C029AA91E7079B0B9703F4F2
:106D50008063002208EE109ACDF83080DDF8649050
:106D60000DF5A47A174698460CE0002320463146DC
:106D70000A2206F097FF0A2C76F100031CD3044682
:106D80000E46AA4620460A220023314606F08AFF14
:106D900030320AF1FF3501370AF8012CB8F1000F43
:106DA000E3D099F800309F42DFD1FF2FDDD00A2CCD
:106DB00076F1000380F04F8152AB5B1BCDF86490FD
:106DC000129718EE109ADDE90B78DDF81CA00B93F2
:106DD000FFF733B819EE101A26AA484604F06CFFE4
:106DE00000287FF49CA89DF87B30289C0DF1A40816
:106DF000FFF7CFB84CD1011060D1011090D1011034
:106E000067666666279BC049C8F8001001330134E5
:106E10000121072B28942793C8F8041000F32F8131
:106E200008F10808002A40F08A80129A0AF001034B
:106E300013433FF4F1A8169B179A1C44C8E900239A
:106E4000279B28940133072B279300F33F8108F1F8
:106E50000808129AC8F8005001331444072BCDE9F2
:106E60002734C8F804207FF7D5A8FFF791BB1AF0A4
:106E7000400200F0B9800D9A52F8044B0D921E4664
:106E8000A4B266E6CDF81CA0FEF7C9BF19EE101A31
:106E900026AA484604F010FF00287FF440A8289C4A
:106EA0000DF1A408FFF770BA144601330E9AC8F822
:106EB00000202C44072BC8F80450CDE927347FF775
:106EC000A9A8FFF765BB26AA4146484604F0F4FE90
:106ED00000287FF424A83878DDF8A0C029AADCE6D1
:106EE00019EE101A26AA484604F0E6FE00287FF4A0
:106EF00016A8289C0DF1A408FFF775B8012BCDF852
:106F00001CA07FF4F1A9FEF78FBF0D9B099953F8E0
:106F1000042B5D4611600D93FFF79DB8089A0C9500
:106F2000062A294628BF062208952B460792774D48
:106F30000D940B92109113911191FEF78CBF169B3B
:106F400017991C44C8E90013279B28940133072B89
:106F5000279300F3BB8008F10808002ABFF679AF39
:106F60005642103280F2AB8369480E902146424669
:106F7000102719EE108A044604E00832103E102E45
:106F800040F3B08201331031072BC2E90047CDE94D
:106F90002731F2DD26AA4146484604F08DFE00283E
:106FA0007EF4BDAFDDE9273129AAE7E7DDF820A0AF
:106FB0001C4601360E9BC8F800302C44072ECDE944
:106FC0002764C8F804507FF7D4AA2CE40D9B1AF468
:106FD000007614BF53F8044B53F8044B0D931CBFB9
:106FE0001646E4B2FEF74CBF0D9B1AF4007614BFB0
:106FF00053F8044B53F8044B0D931CBF1646E4B2F0
:10700000A7E5079B13F400760D9B14BF53F8044BC0
:1070100053F8044B0D931CBF1646E4B20123FEF750
:1070200033BF3B4A0E92FFF75EBA2D238DF87B30BB
:10703000FFF758B890460C4601330E9AC8F8002066
:107040003444072BCDE92734C8F804604DDC08F13F
:107050000808FFF75BBB1C9B1B99ED1A1A462846D4
:1070600004F0F8FD99F801300BB109F1010920464F
:1070700031460A220023002706F014FE7FE619EEAF
:10708000101A26AA484604F017FE00287EF447AFDF
:10709000209A289C0DF1A408C4E6129A0B99AE1808
:1070A000761AD51AAE42A8BF2E46FFF764BB44F34A
:1070B000C016334664B2FEF7A4BE0D9B099953F87F
:1070C000042B0D9311805D46FEF7C5BF19EE101A13
:1070D00026AA484604F0F0FD00287EF420AFDDE942
:1070E0002734209A0DF1A40837E719EE101A26AAC2
:1070F000484604F0E1FD00287EF411AF289C0DF114
:10710000A408FFF703BB00BF7CD1011074D10110AC
:1071100090D10110062308934FE40F9D129BDDF8D8
:107120002CA0DDF838B01997EB189E4290463246F5
:1071300028BF1A4664460B92FFF7EFBA209B1193C3
:10714000DA1C02DB089A934204DD023F27F0200399
:1071500007936FE4DDE911329342C0F29A80F007A1
:1071600040F1DC81169A13440B93710503D5119BF2
:10717000002B00F3FC810B9B23EAE3730793672743
:10718000002310931393B7E42D2300228DF87B3056
:107190000892FEF763BE26AA4146484604F08CFDDD
:1071A00000287EF4BCAE3878DDF8A0C029AA0644D9
:1071B0007AE519EE101A26AA484604F07DFD00284B
:1071C0007EF4ADAE289C0DF1A408FFF798BA089B99
:1071D000019324AB049321AB039320AB02930323CD
:1071E0000093484653EC1B2B02F092F90378302BA6
:1071F000054600F0FF81209B089A56461344DDF8AF
:107200002CA0EC1851EC1B0B0022002306F08AFC8A
:1072100008B1234602E4249BA342BFF4FFAB302114
:107220005A1C24921970249B9C42F9D8FFF7F6BB94
:1072300019EE101A26AA484604F03EFD00287EF4F6
:107240006EAE209B289C0DF1A408FFF77CBA209A13
:107250001192002A40F3FB81089906F001030B43C9
:1072600040F0AD81119B0B936627730500F180817F
:107270000B9B23EAE373079382E7089B07930B9327
:107280000D949DF87B300890109013901190FEF7AC
:10729000E2BD129B169A9A18119B0B92002B40F399
:1072A000C5816727E1E700230893FEF70EBD19EEBD
:1072B000101A26AA484604F0FFFC00287EF42FAEE0
:1072C000209D129B289C5D1B0DF1A408FFF753BA6B
:1072D00030238DF87C3058238DF87D30089B632B4C
:1072E0004AF0020400F3A38000230C9339ADDDE9DA
:1072F00014124AF481730B93002A27F02003A2464C
:107300000793C0F28680002342EC1B1B0E93612F73
:1073100000F01581412F7FF45EAB20AA51EC1B0BCE
:1073200004F01AFC00224FF07F5306F093F9024656
:107330000B4643EC182B0022002306F0F3FB08B1A8
:1073400001232093B24B0F93089B1D95CDE910B7F5
:10735000CDE912A80CEE109ADDF83CB059EC188B70
:107360005E1E2C4605E000220023013E06F0DAFBFB
:10737000E0B9A84B00224046494606F06BF9894621
:10738000804606F017FC054606F0FAF80B46024662
:107390004946404605F0A6FF1BF80530A24604F812
:1073A000013B731C374680468946DCD149EC188B7B
:1073B000994BDDF840B0DDF84C80CDF840A051ECA1
:1073C000180B00223E46DDF848A0119F11951CEED7
:1073D000109A1D9D06F0CEFB98BB51EC180B8E4BFE
:1073E000002206F09FFB10B1119BD90729D4002E73
:1073F000334606DB01332344302204F8012BA34239
:10740000FBD1631B56461293DDF82CA0FFF708BB97
:107410000C93DDE9141202F100430BEE903A2D2398
:107420000BEE101A0E9372E7089BEC18EAE6591C53
:107430004846FDF7FBFE0546002800F043810C900E
:1074400055E7109B24930F9B14F8012CD97B8A429B
:10745000234609D1302003F8010C249B5A1E2492A4
:1074600013F8012C9142F6D0392A0BBF0F9A013242
:10747000927AD2B203F8012CC3E7089B5C1C24ABC0
:10748000049321AB039320AB029302230093019456
:1074900053EC1B2B484602F03BF8054656462C445D
:1074A000DDF82CA0AEE630238DF87C30782313E78E
:1074B0005A4A0E92FEF7D9BF089B002B08BF012342
:1074C0000893159B4AF48072002B0B92C0F2D9806E
:1074D0009DED147B0C900E90B0EE47BAF0EE67BABB
:1074E000FFF780BA0C46904601330E9AC8F8002088
:1074F0003444072BCDE92734C8F804607FF7A7ACE4
:1075000019EE101A26AA484604F0D6FB00287EF48D
:1075100006ADDDE927340DF1A4089AE4119B0B9325
:1075200023E6159B3E4D3F4A002BB6BF2D239DF809
:107530007B308DF87B302AF0800AFEF7D7BD20AA79
:1075400051EC1B0B04F008FB00224FF07F5306F0B8
:1075500081F802460B4643EC182B0022002306F06C
:10756000E1FA08B1012320932F4B0F93ECE6672734
:1075700019990B78FF2B00F0B0800024119A204657
:1075800003E001300131FF2B08D0934206DAD21A12
:107590004B78002BF5D10B780134F4E71991119257
:1075A00013901094109A139B1C9913440B9A01FB8F
:1075B00003230B9323EAE3730793FFF79DBA169B0C
:1075C000D31819440B9166274FE6002956D1302273
:1075D0008DF88A200DF18B02303302F8013B22AB8B
:1075E000D31A1A93FFF771BA07F10F02D2B2012131
:1075F000FFF729BA51EC1B0B0022002306F092FA88
:1076000000287FF4F8AD089BC3F101032093F3E554
:1076100060D10110000030400000E03F90D1011027
:1076200044D1011048D101104CD10110C3F1010324
:107630001A4422EAE2730B9207936727A0E5F40746
:107640007FF54EAAFFF748BA264A0E922DE4089A13
:1076500006F0010656EA020304D1012307936627C8
:107660000B938DE5169B01331A4422EAE2730B92C9
:107670000793662784E51B4B0E939AE40DF18A026B
:10768000AAE70C90C5E6174A0E92D5E40D9B9BF82D
:107690000170934653F8042B0D9342EAE27208926C
:1076A000FEF711BB02231A93FFF70FBA19EE902AC7
:1076B0000C2313604FF0FF330993FEF741BC094AD6
:1076C0000E9211E719EE101A8B8943F0400213460F
:1076D0008A81FEF72EBC089CE0E6002310931393EA
:1076E00060E700BF90D101102DE9F04F2DED0A8B1E
:1076F000D3B01C4609EE101A914609EE900A0546D1
:1077000003F006FB0368179318460D94FEF718FA6A
:1077100016901DB1AB6B002B00F0488219EE102AB9
:10772000536EDB0740F14781B2F90C309AB29604F0
:1077300009D419EE101A43F400538B819AB24B6EA0
:1077400023F400534B66150740F1CC8019EE103A34
:107750001B69002B00F0C68002F01A030A2B00F010
:10776000D2804D469FED9C7B2B78002429AACDE941
:107770002744CDE91944CDE91B448DED147B19EE66
:10778000909A12942692904618940A94002B00F036
:10779000B081AB4604E01BF8013F002B00F0CD8028
:1077A000252BF8D1BBEB050640F0CB809BF80030D1
:1077B000002B00F09E8100234FF0FF329BF80170F8
:1077C0008DF87B3009930BF1010B08929A462B241C
:1077D00020210BF1010BA7F120035A2B00F20081AD
:1077E000DFE813F00A03FE00FE000503FE00FE00C2
:1077F000FE006A00FE00FE0076029E02FE0081028C
:10780000A802FE00A3025B005B005B005B005B0064
:107810005B005B005B005B00FE00FE00FE00FE0004
:10782000FE00FE00FE008E01FE001602ED018E013C
:107830008E018E01FE00FE00FE00FE000003FE0031
:10784000FE004502FE00FE00FE002002FE00C20215
:10785000FE00FE009A07FE00FE00FE00FE00FE0095
:10786000FE00FE00FE008E01FE001602EF018E01FA
:107870008E018E01E602EF01E801FE00F302FE0038
:1078800086024702D402E801FE0020027D0076074E
:10789000FE00FE007A07FE007D00A7F13003002203
:1078A0001BF8017B02EB820203EB4202A7F13003DB
:1078B000092BF5D909928EE7484603F029FA436867
:1078C0001B931846FEF73CF91C900646484603F009
:1078D0001FFA836819932021002E40F0EA869BF856
:1078E000007076E719EE101A19EE900A19EE105A88
:1078F00001F000FD002841F02483AA8902F01A0358
:107900000A2B7FF42EAF19EE101AB1F90E30002BAE
:10791000FFF627AF4B6ED90702D4920541F156818D
:1079200019EE101A19EE900A23464A4653B0BDECE0
:107930000A8BBDE8F04F01F09DBCBBEB050600F0E3
:10794000D880289B33442893279B0133072BC8E911
:107950000056279305DC08F108080A9B33440A9374
:1079600024E719EE101A26AA484604F05DFA90B9E9
:107970000DF1A408F1E719EE101A26AA484604F002
:1079800053FA002800F0A6800C9B23B119EE900A50
:10799000194602F01BFF19EE102A536ED80740F16A
:1079A000FA8093895A0601F1D5820A9853B0BDEC4A
:1079B0000A8BBDE8F08FB2F90C309F059AB23FF503
:1079C000B6AE19EE105AA86D03F0AAF9B5F90C304D
:1079D0009AB2ACE6AFF300800000000000000000A7
:1079E000002F00F0868000238DF8E4708DF87B3046
:1079F0000122CDE90B23079208931093139311935F
:107A000039AD1AF002020E9202D0079A02320792A2
:107A10001AF084020F9205D1099A0799561A002E7E
:107A200000F36883289C8BB1279B0DF17B02013307
:107A30000134C8F80020072B4FF001022894279347
:107A4000C8F8042000F39F8308F108080E9B83B157
:107A5000279B1FAA01330234C8F80020072B4FF0E0
:107A6000020228942793C8F8042000F3998308F1B0
:107A700008080F9B802B00F06A82089B0B9A9E1AC5
:107A8000002E00F3AB821AF4807F40F006820B9B3D
:107A9000C8F804301C44279BC8F800500133072B5A
:107AA0002894279300F3198308F108081AF0040FAB
:107AB00005D0099B079A9D1A002D00F38583DDE907
:107AC000092307998A42ACBF9B185B180A93002CC4
:107AD0007FF451AF002327930C9B1BB10C994846B0
:107AE00002F074FE0DF1A4085D462B78002B7FF4A4
:107AF00050AE289B002B41F01882002327934AE7C1
:107B00000D9B073323F00703B3EC027B8DED147B51
:107B1000DDE914120D9322F000430AEE101A0AEE6A
:107B2000903A4FF0FF32B0EE4A8AF0EE6A8AB74BD5
:107B300051EC180B06F028F8002840F0E884B34B0D
:107B400051EC180B4FF0FF3206F000F8002840F01F
:107B5000DE84DDE914010022002305F0EDFF00289A
:107B600040F067879DF87B30A94DAA4A2AF0800A29
:107B70000321472FC8BF154600220C9207910B9195
:107B80000892109213921192002B3FF43AAF079A89
:107B90000132079235E7938999053FF503AF19EE56
:107BA000104A906D03F0BEF8A389FBE6284602F068
:107BB00015FDB3E59BF800704AF0200A09E64AF08B
:107BC000100A1AF0200F0D9B00F04084073323F0B9
:107BD00007031A465B6852F8084B0D921E46002BAD
:107BE000C0F24384089B013300F0BC822AF080037A
:107BF000079354EA060340F0B782089B002B40F03D
:107C0000B882DDF81CA0002308930B9352AD1FE14E
:107C10000D9A002352F8041B8DF87B308DF8E41088
:107C20000D92E5E60D9C54F8045B00268DF87B6010
:107C3000002D00F09085089B5A1C00F051861A46D2
:107C40003146284603F0E4F80C90002801F02C811E
:107C50000C9B0896591B0B9121EAE1719DF87B3032
:107C60000D9407910C961096139611968CE74AF096
:107C7000100A1AF0200600F0C9830D9B073323F089
:107C800007035E6853F8084B0D932AF4806307934B
:107C9000002300228DF87B20089A551C00F0C0803C
:107CA000079921F0800A54EA060140F0B780002AC3
:107CB00040F00786002BA6D1079B13F001030B931E
:107CC00000F0148430238DF847310DF24715BFE0E2
:107CD0000D9B53F8042B0992002A80F2D583099A50
:107CE0000D93524209929BF800704AF0040A70E525
:107CF0001AF0200F40F0D2841AF0100F40F0E78500
:107D00001AF0400F40F0A9861AF4007F00F0DF85DA
:107D10000D9B0A9953F8042B0D9311705D46E4E610
:107D20009BF800708DF87B4053E59BF800704AF09B
:107D3000800A4EE55A4612F8017B2A2F01F06D8227
:107D4000A7F13003092B934698BF002201F2E98086
:107D50001BF8017B02EB820203EB4202A7F1300326
:107D6000092BF5D9089236E54AF010030793079BD3
:107D700013F0200600F059830D9B073323F007030F
:107D80005E6853F8084B0D93012382E70D9B53F86F
:107D9000044B0D9330234AF0020278278DF87C3093
:107DA0001D4B189307928DF87D700026022370E713
:107DB0009BF80070682F03BF9BF801704AF4007AAB
:107DC0000BF1010B4AF0400A03E59BF800706C2FA1
:107DD00003BF9BF801704AF0200A0BF1010B4AF037
:107DE000100AF6E49BF800704AF0080AF1E49BF8E8
:107DF00000704AF0010AECE49DF87B30002B7FF420
:107E00006EAD9BF800708DF87B10E2E4FFFFEF7F12
:107E10003CD1011040D101104CD10110CDF81CA073
:107E2000012B00F0A181022B52AD20D1189A04F051
:107E30000F032409D35C05F8013D44EA06743609B2
:107E400054EA0603F3D152AB5B1BDDF81CA00B9385
:107E500008990B989DF87B3081424FF00002B8BF23
:107E600001460C9207911092139211928CE604F045
:107E70000703E40844EA4674F608303354EA06017E
:107E80002A4605F8013DF2D10799CC0700F1758229
:107E900052AB5B1B8A460B93DAE7652F40F3D78022
:107EA000DDE914010022002305F03CFE002800F06B
:107EB000C681279BC14AC8F8002001330134012242
:107EC000072B28942793C8F8042000F3DE8408F1D8
:107ED0000808209B129A934280F2D182169B179A2F
:107EE0001C44C8E90023279B28940133072B2793C0
:107EF00000F3238408F10808129B5D1E002D7FF714
:107F0000D5AD102D279B41F36781AD4F0E972246CB
:107F1000102619EE104A05E008F10808103D102D52
:107F200040F3C18401331032072BC8E90076CDE954
:107F30002732F1DD26AA2146484603F075FF0028C6
:107F40007FF422ADDDE927320DF1A408E6E7099BB5
:107F5000079A9E1A002E7FF790AD102E279B41F3B3
:107F60003C8097490F95224619EE105A0E910C4607
:107F700004E0103E102E08F1080819DD013310321C
:107F80001021072BCDE92732C8F80040C8F80410AB
:107F9000EFDD26AA294648460DF1A40803F044FF68
:107FA00000287FF4F1AC103E102EDDE92732E5DC2D
:107FB0000F9D144601330E9AC8F800203444072B55
:107FC000CDE92734C8F8046000F3A983089B0B9A15
:107FD0009E1A002E08F108087FF755AD102E279B3A
:107FE00040F30F8576480E904246214619EE108ADE
:107FF000044604E0103E102E02F1080216DD0133A3
:1080000010311020072BCDE9273114605060F1DDCD
:1080100026AA4146484603F007FF00287FF4B4AC87
:10802000103E102EDDE9273129AAE8DC90460C46E7
:1080300001330E9AC8F800203444072BCDE92734C9
:10804000C8F8046000F3D48108F108081BE5129B0E
:10805000012B40F37381279EC8F80050013601348C
:108060000123072E28942796C8F8043000F396833E
:1080700008F10808169B179A01361C44072EC8E918
:108080000023CDE9276400F3978308F10808DDE9B0
:1080900014010022002305F045FD002840F07B81FB
:1080A000129B0136013B01351C44072EC8F80050D5
:1080B0002796C8F80430289400F3518108F1080885
:1080C0001A9BC8F8043001361C44072E22ABCDE9B8
:1080D0002764C8F800307FF7E7AC19EE101A26AA1B
:1080E000484603F0A1FE00287FF44EAC289C0DF119
:1080F000A408DBE4102EDDE9273222DD1D951024D3
:1081000019EE105A04E0103E102E08F1080817DD91
:1081100001332C491032072BC8E90014CDE927326E
:10812000F1DD26AA294648460DF1A40803F07CFE9D
:1081300000287FF429AC103E102EDDE92732E7DC61
:108140001D9DC8F804600133B418072B1D4AC8F8F8
:108150000020CDE9273400F37D839DF87B3008F1C2
:10816000080860E4CDF81CA00A2C76F1000380F02A
:10817000318330340123DDF81CA08DF847410B9387
:108180000DF2471564E619EE101A26AA484603F0C8
:108190004BFE00287FF4F8AB289C0DF1A40855E4B1
:1081A00019EE101A26AA484603F03EFE00287FF476
:1081B000EBAB289C0DF1A4085BE400BF7CD101105F
:1081C000B0D10110A0D10110102D279B20DD19EE98
:1081D000107A102604E0103D102D08F1080817DD74
:1081E0000133AC4A1034072BC8E90026CDE9273407
:1081F000F1DD26AA394648460DF1A40803F014FE25
:1082000000287FF4C1AB103D102DDDE92734E7DCF9
:108210000133A04AC8F804502C44072BCDE9273479
:10822000C8F800207FF74BAC19EE101A26AA484672
:1082300003F0FAFD00287FF4A7AB289C3FE4209AC6
:10824000002A40F32B81DDE911739F42A8BF1F462E
:10825000002F0BDD279B01333C44072BC8E9005757
:108260002894279300F3D18508F10808119E002F68
:10827000A8BFF61B002E00F34483119B1AF4806FF5
:108280002B440B9340F0DF84209B129A934203DB34
:108290001AF0010F00F0D283169A17991444C8E916
:1082A0000012279A28940132072A279200F3BB85EF
:1082B00008F10808129A0B99AE18761AD51AAE4230
:1082C000A8BF2E46002E0DDD279BC8F800100133F5
:1082D0003444072BC8F804602894279300F30686DB
:1082E00008F10808002EA8BFAD1B002D7FF7DEABFC
:1082F000102D279B40F37087674F0E97224610265C
:1083000019EE104A05E008F10808103D102D40F361
:10831000CA8201331032072BC8E90076CDE9273233
:10832000F1DD26AA2146484603F07EFD00287FF4B1
:108330002BABDDE927320DF1A408E6E71AF0010FB7
:108340007FF489AE279EC8F800500136013401231E
:10835000072E28942796C8F804307FF7AFAE19EEA1
:10836000101A26AA484603F05FFD00287FF40CABE4
:10837000DDE927640DF1A408A2E6302B3FF463ADDC
:108380003023023A05F8013C52AB9B1ADDF81CA0E1
:108390000B9315465CE5129B5D1E002D7FF790AE9A
:1083A000102D40F31F873C4ACDF820A0234619EE3C
:1083B00010AA0E921027144605E008F10808103D97
:1083C000102D40F3E38201361033072EC8E9004731
:1083D000CDE92763F1DD26AA5146484603F024FD86
:1083E00000287FF4D1AADDE927630DF1A408E6E7B0
:1083F00019EE101A26AA484603F016FD00287FF44D
:10840000C3AA289C0DF1A408FFF73DBB1AF0100386
:1084100040F03E811AF0400200F0C8820D9A52F8F6
:10842000044B0D921E46A4B22FE4079B13F01003D9
:1084300066D1079A12F0400200F0C6820D9A52F8F7
:10844000044B0D921E46A4B2012322E453F8044BC0
:108450000D931AF0100F4FD11AF0400F48D044F38B
:10846000C036334624B2FFF7BABB2D2364428DF8E1
:108470007B3066EB4606CDF81CA001230CE41AF015
:10848000010F3FF413AB29E59BF800700D93FFF744
:10849000A0B900BFA0D10110B0D10110279BB649EF
:1084A000C8F80010013301340121072B28942793C9
:1084B000C8F8041000F3808408F10808002A40F08E
:1084C0004682129A0AF0010313433FF4EFAA169B67
:1084D000179A1C44C8E90023279B28940133072BD3
:1084E000279300F3648308F1080841E252ADAFE43A
:1084F0001AF4007F40F0AB82E6173346FFF76FBBFC
:108500000D9B53F8044B0D930123FFF7C2BBDDE92C
:10851000140102460B4605F037FB002840F02C867C
:10852000612F00F07D85412F00F0A082089B013370
:1085300027F02003079300F0C285472B00F0A985A0
:10854000DDE914014AF4807200290B924FF0000318
:10855000C0F2418441EC1B0B0E930C93079B462BFE
:1085600000F07084452B00F02285089B019324AB1A
:10857000049321AB039320AB02930223009348465C
:1085800053EC1B2B00F0C4FF079B472B054640F024
:108590005B861AF0010F5646DDF82CA040F0DF8410
:1085A000249B5B1B1293079B472B00F01683079BB2
:1085B000462B00F08584209B1193119B079A013B69
:1085C000412A209300F0E685FAB20021002BB8BFC3
:1085D000119B8DF88820BABFC3F101032D222B22F5
:1085E000092B8DF8892040F36E850DF19704DFF893
:1085F00098C1224610468CFB0321DA17C2EBA10278
:1086000002EB8201A3EB4101303100F8011C194655
:108610006329134600F1FF32ECDC3033D9B2831EFC
:108620009C4202F8011C40F20B8613460DF18A02AF
:1086300001E013F8011B02F8011B9C42F9D10DF176
:1086400099030DF18A021B1A134422AA9B1A1A934A
:10865000129B1A9A012B1A440B9240F3AF850B9B85
:10866000169A13440B930B9A002326F4806622EA91
:10867000E27246F4807A10930792139311930E9B43
:10868000002B40F0D98208939DF87B30FFF77CBA2D
:108690000D9B53F8044B0D93FFF7F7BA0D9B0A9807
:1086A00053F8041B0D93C217C1E900025D46FFF7A2
:1086B0001CBA199B002B3FF412A9199B1B78002BA5
:1086C0003FF40DA99BF800704AF4806AFFF781B867
:1086D000CDF81CA0FFF74BBB284B18931AF02006CF
:1086E00054D00D9B073323F007035E6853F8084B03
:1086F0000D931AF0010F09D054EA060306D0302377
:108700008DF87D704AF0020A8DF87C302AF480637F
:1087100007930223FFF7BDBA194B1893DEE719EE52
:10872000101A26AA484603F07FFB00287FF42CA9E4
:10873000289C0DF1A408FFF7A0B919EE101A26AA7B
:10874000484603F071FB00287FF41EA9289C0DF118
:10875000A408FFF7D1BB089A0C95062A294628BF22
:10876000062208952B460792064D0D940B92109108
:1087700013911191FFF708BA7CD101104CD101106F
:1087800060D1011074D10110676666661AF010039B
:1087900070D00D9B53F8044B0D93AAE719EE101AF5
:1087A00026AA484603F040FB00287FF4EDA8DDE947
:1087B00027640DF1A4085DE419EE101A26AA4846B4
:1087C00003F032FB00287FF4DFA8DDE927640DF118
:1087D000A4085CE4079B002203F48063CDE90B78D6
:1087E00008EE109A0DF5A47ADDF8649017469846C5
:1087F0000CE00023204631460A2205F053FA0A2CE9
:1088000076F100031CD304460E46AA4620460A22EF
:108810000023314605F046FA30320AF1FF350137C0
:108820000AF8012CB8F1000FE3D099F800309F420C
:10883000DFD1FF2FDDD00A2C76F1000380F0E58038
:10884000CDF864901297DDF830800B9F18EE109AE7
:10885000FFF7F9BA19EE101A26AA484603F0E4FA0F
:1088600000287FF491A89DF87B30289C0DF1A40886
:10887000FFF7D9B81AF0400200F0B6800D9A52F80E
:10888000044B0D921E46A4B233E719EE101A26AA25
:10889000484603F0C9FA00287FF476A8289C0DF119
:1088A000A408FFF716BB144601330E9AC8F800203F
:1088B0002C44072BC8F80450CDE927347FF7F4A8DF
:1088C0000BE4012BCDF81CA07FF4ADAA51E40D9B65
:1088D0000A9953F8042B5D4611600D93FFF705B913
:1088E000284608960D94FDF72BF920EAE0719DF8D3
:1088F0007B300B9007910C96109613961196FFF70C
:1089000043B9102E279B40F39484BA480E904246F8
:10891000214619EE108A1027044604E00832103E62
:10892000102E40F3378201331031072BC2E9004784
:10893000CDE92731F2DD26AA4146484603F074FA14
:1089400000287FF421A8DDE9273129AAE7E7169B53
:1089500017991C44C8E90013279B28940133072B5F
:10896000279300F3248108F10808002AC0F2FA8254
:10897000129AC8F8005001331444072BCDE927346C
:10898000C8F804207FF790A8FFF7A7BBDDF820A068
:108990001C4601360E9BC8F800302C44072ECDE94A
:1089A0002764C8F804507FF789ABD8E40D9B1AF40C
:1089B000007614BF53F8044B53F8044B0D931CBFBF
:1089C0001646E4B2FFF761B9079B13F400760D9BDE
:1089D00014BF53F8044B53F8044B0D931CBF1646B9
:1089E000E4B20123FFF755B90D9B1AF4007614BFCA
:1089F00053F8044B53F8044B0D931CBF1646E4B2D6
:108A000077E67C4A0E92FFF713BB1C9B1B99ED1A6D
:108A10001A46284603F01EF999F801300BB109F106
:108A20000109204631460A220023002705F03AF9C1
:108A3000E9E62D238DF87B30FFF796B8129A0B9953
:108A4000AE18761AD51AAE42A8BF2E464AE444F3B1
:108A5000C016334664B2FFF7C2B80D9B0A9953F8AB
:108A6000042B0D9311805D46FFF73FB830238DF83E
:108A70007C3058238DF87D30089B632B4AF002042C
:108A800000F3D38200230C9339ADDDE914124AF4CC
:108A900081730B93002A27F02003A2460793C0F2AC
:108AA0009B81002342EC1B1B0E93612F00F04C8333
:108AB000412F7FF453AD20AA51EC1B0B03F04CF86F
:108AC00000224FF07F5304F0C5FD02460B4643ECF5
:108AD000182B0022002305F025F808B1012320936C
:108AE000454B0F93089B1D95CDE9107BCDE912A84E
:108AF0000CEE109ADDF83CB059EC188B5E1E2C463B
:108B000005E000220023013E05F00CF8E0B93B4BE4
:108B100000224046494604F09DFD8946804605F006
:108B200049F8054604F02CFD0B46024649464046EE
:108B300004F0D8FB1BF80530A24604F8013B731C77
:108B4000374680468946DCD149EC188B2C4BDDF842
:108B50004C8051EC180B00223E461CEE109ADDE9C9
:108B6000107BCDF840A01195DDF848A01D9D05F0C3
:108B700001F8002840F0388251EC180B204B0022FD
:108B800004F0D0FF18B1119BD90700F12D82002EFF
:108B9000334606DB01332344302204F8012BA34281
:108BA000FBD1631B56461293DDF82CA0FBE419EEB3
:108BB000101A26AA484603F037F900287EF4E4AEDE
:108BC000DDE92734209A0DF1A408CEE619EE103A1B
:108BD000986D02F0A7F8FEF7A3BE209B1193DA1C54
:108BE00002DB089A93420DDD023F27F02003079332
:108BF000E3E400BFB0D1011060D1011000003040AB
:108C00000000E03FDDE911329342C0F28081F007BD
:108C100040F19782169A13440B93710503D5119B6B
:108C2000002B00F360820B9B23EAE3730793672713
:108C300000231093139322E52D2300228DF87B301F
:108C40000892FEF7A4BF129BCDF838B0DDF84CB007
:108C50000B9E199FCDF82CA0EB1808934246DDF827
:108C600070A0109B0F9519EE108AA446BBF1000F5F
:108C700030D0002B71D1013F0BF1FF3B1B9BC2E9B0
:108C8000003A279B0133D444072BCDF8A0C027938B
:108C900067DC0832089B38789B1B8342A8BF0346D9
:108CA000002B1C460BDD279801309C440728C2E9A5
:108CB0000063CDF8A0C027905FDC38780832002C24
:108CC000ACBF051B0546002D17DC0644109BBBF10D
:108CD000000FCED1002B40D10F9D129BDDF82CA0B0
:108CE000DDF838B01997EB189E429046324628BFFF
:108CF0001A4664460B92FFF7C7BA102D27981FDD5E
:108D00001024634604E0103D102D02F1080216DD28
:108D10000130B44910330728C2E90014CDE9270314
:108D2000F1DD26AA4146484603F07EF800287EF48D
:108D30002BAE103D102DDDE9270329AAE8DC9C4667
:108D40000130A84B5560AC440728CDE9270C1360CF
:108D50004DDC387808320644B8E7109B013B10938D
:108D60008CE726AA4146484603F05EF800287EF4C8
:108D70000BAEDDF8A0C029AA8CE726AA41464846DA
:108D800003F052F800287EF4FFAD3878DDF8A0C07B
:108D900029AA94E790460C4601330E9AC8F80020A1
:108DA0003444072BCDE92734C8F8046000F363810D
:108DB00008F10808FFF761BA19EE101A26AA48460A
:108DC00003F032F800287EF4DFAD209A289C0DF1E4
:108DD000A408FFF773BB0C93DDE9141202F1004302
:108DE0000BEE903A2D230BEE101A0E935DE626AA99
:108DF0004146484603F018F800287EF4C5AD38789F
:108E0000DDF8A0C029AA064460E719EE101A26AAC8
:108E1000484603F009F800287EF4B6AD289C0DF111
:108E2000A408FFF723BA19EE101A26AA484602F042
:108E3000FBFF00287EF4A8AD209B289C0DF1A40820
:108E4000FFF738BA089B019324AB049321AB03933B
:108E500020AB029303230093484653EC1B2B00F0F6
:108E600057FB0378302B054600F09A81209B089A27
:108E700056461344DDF82CA0EC1851EC1B0B0022D5
:108E8000002304F04FFE10B12346FFF78ABB249B5A
:108E9000A342BFF486AB30215A1C24921970249B44
:108EA0009C42F9D8FFF77DBB089B07930B930D9469
:108EB0009DF87B300890109013901190FEF764BEDF
:108EC000209A1192002A40F39181089906F001033B
:108ED0000B4340F03081119B0B936627730500F123
:108EE00003810B9B23EAE3730793A1E619EE101AA3
:108EF00026AA484602F098FF00287EF445AD209D42
:108F0000129B289C5D1B0DF1A408FFF7EBB9129B87
:108F1000169A9A18119B0B92002B40F354816727E5
:108F2000DCE700230893FEF756BC19EE101A19EE81
:108F3000900A26AA02F078FF00283EF4DEADFEF784
:108F40002ABD6B6EDC0705D4AB89980502D4A86DE9
:108F500001F0E8FE4FF0FF330A93FEF726BD089BB1
:108F6000EC188AE75642103280F270811D480E904C
:108F70004246214619EE108A1027044603E00832C3
:108F8000103E102E5BDD01331031072BC2E9004784
:108F9000CDE92731F3DD26AA4146484602F044FFD9
:108FA00000287EF4F1ACDDE9273129AAE8E7089B27
:108FB0005C1C24AB049321AB039320AB02930223EC
:108FC0000093019453EC1B2B484600F0A1FA054690
:108FD00056462C44DDF82CA04FE7024A0E92FEF7CD
:108FE000E9BF00BFB0D10110109B24930F9B14F870
:108FF000012CD97B8A42234609D1302003F8010C89
:10900000249B5A1E249213F8012C9142F6D0392A3F
:109010000BBF0F9A0132927AD2B203F8012CC0E54D
:1090200030238DF87C30782324E5591C4846FCF722
:10903000FDF80546002800F00C810C9025E59046CF
:109040000C4601330E9AC8F800203444072BCDE9B2
:109050002734C8F804607FF746AA19EE101A26AA2A
:10906000484602F0E1FE00287EF48EACDDE92734AC
:109070000DF1A4087CE419EE101A26AA484602F065
:10908000D3FE00287EF480AC289C0DF1A408FFF7E5
:10909000F4B8089B002B08BF01230893159B4AF4E2
:1090A0008072002B0B92C0F29B809DED147B0E9082
:1090B0000C90B0EE47BAF0EE67BAFFF756BA062347
:1090C0000893FFF73DBA002940F0A48030228DF8C4
:1090D0008A200DF18B02303302F8013B22ABD31A08
:1090E0001A93FFF7B5BA672719990B78FF2B00F091
:1090F000A3800024119A204603E001300131FF2BA8
:1091000008D0934206DAD21A4B78002BF5D10B78AF
:109110000134F4E71991119213901094109A139B53
:109120001C9913440B9A01FB03230B9323EAE3736B
:109130000793FFF7A4BA169BD31819440B9166271F
:10914000CCE6119B0B9368E520AA51EC1B0B02F0B7
:1091500003FD00224FF07F5304F07CFA02460B46D9
:1091600043EC182B0022002304F0DCFC08B101239F
:1091700020933C4B0F93B5E4159B3B4D3B4A002B92
:10918000B6BF2D239DF87B308DF87B302AF0800A06
:10919000FEF7EEBC07F10F02D2B20121FFF716BABB
:1091A00051EC1B0B0022002304F0BCFC00287FF4D0
:1091B0005DAE089BC3F10103209358E6F4077FF5E9
:1091C00052AAFFF74CBAC3F101031A4422EAE27330
:1091D0000B92079367272BE5254A0E92FFF764BB96
:1091E0000C90F9E5224B0E93FFF7D3BB089A06F0DB
:1091F000010656EA020304D10123079366270B9365
:1092000016E5169B01331A4422EAE2730B92079388
:1092100066270DE50DF18A025DE70D9B9BF8017055
:10922000934653F8042B0D9342EAE2720892FEF73C
:10923000D0BA0F4A0E92AFE50023109313936DE757
:1092400002231A93FFF704BA089CC1E6084A0E925B
:10925000F7E619EE102A938943F040039381FEF755
:109260009ABB00BF4CD1011044D1011048D101106C
:10927000B0D1011070B50C468989ADF58E6D21F025
:109280000201ADF81410616E1B91E189ADF8161062
:10929000E1690991616A0B911CA9029106914FF451
:1092A000806106460491079118A80021CDE900329B
:1092B000089101F031FDDDE9003202A93046FEF7E8
:1092C00013FA051E07DB02A9304601F053F9002806
:1092D00018BF4FF0FF35BDF814305B0603D5A389E6
:1092E00043F04003A381189801F018FD28460DF5BE
:1092F0008E6D70BD38B5334B1B6805460C460BB1FF
:109300009A6B12B3B4F90C3018079AB225D52169BB
:1093100000292DD012F0010007D00020A060606964
:109320004042A06139B1002038BD950758BF60693F
:10933000A0600029F7D1120658BF0846F4D543F0C3
:109340004003A3814FF0FF3038BD184601F046F9C5
:10935000B4F90C3018079AB2D9D4D1062AD55207DD
:1093600014D4216943F00803A3819AB20029D1D112
:1093700002F42070B0F5007FCCD02146284601F0E1
:10938000D3FCB4F90C3021699AB2C3E7216B51B117
:1093900004F14002914204D0284601F017FAB4F9D2
:1093A0000C300022226321690022C4E9001223F05C
:1093B0002403D7E7092243F040032A604FF0FF302F
:1093C000A38138BD78000020024B13B1024800F0A1
:1093D00005B870470000000001A7001000230146F7
:1093E0001A46184603F0D8BC2DE9F04F03690C6902
:1093F000A34283B0C0F28780013C01F11405A300B1
:1094000000F11408009355F8243058F82420013353
:1094100081469A4208EB840005EB84070190B2FB79
:10942000F3F63BD30023AE4640469B465EF804ABC2
:1094300002681FFA8AFC06FB0C334FEA134C4FEA12
:109440001A4A06FB0ACA1FFA83FCABEB0C0C1FFA84
:109450008AF31CFA82FCC3EB124202EB2C421FFA85
:109460008CFC4CEA0243774540F8043B4FEA224B20
:109470004FEA1A43DAD2009B58F8033073B9019BC4
:10948000043B984504D307E0984504F1FF3403D228
:1094900053F80429002AF7D0C9F81040484602F0D2
:1094A0000BF800282BDB01364046002355F8041B3F
:1094B000D0F800C08AB29A1A0B0C12FA8CF2C3EBE5
:1094C0001C4303EB224392B242EA0342AF4240F80C
:1094D000042B4FEA2343E9D258F8242008EB8403F5
:1094E0006AB9043B984504D307E0984504F1FF347A
:1094F00003D253F80429002AF7D0C9F810403046A7
:1095000003B0BDE8F08F002003B0BDE8F08F00BFCE
:109510002DE9F04F2DED068B016C95B090469946E4
:10952000CDE90489279D044641B1426C4A6001237C
:1095300093408B6001F05EFD00232364B9F1000AC3
:10954000B4BF012300232B607B4BBCBF2AF0004A31
:10955000CDF814A033EA0A0300F0B2809DED047B3D
:10956000002251EC170BB0EE479AF0EE679A0023F9
:1095700004F0D8FA074680B1269A01231360289B8D
:10958000002B00F0DA826D481860431E03930398A5
:1095900015B0BDEC068BBDE8F08F12AB019313AB99
:1095A0000093204653EC192BB0EE498AF0EE698AFD
:1095B00002F04AF85FEA1A56054640F09980DDE964
:1095C00012763E4406F23240202840F3AA83C0F1CE
:1095D00040000AFA00FA06F2124028FA00F04AEABD
:1095E000000003F0BDFF0123013E0D93A1F1F871CE
:1095F000534B002203F076FE49A3D3E9002304F085
:1096000029F849A3D3E9002303F06EFE80463046D3
:10961000894603F0B5FF46A3D3E9002304F01AF806
:1096200002460B464046494603F05EFE80468946A8
:1096300004F0C0FA0022834600234046494604F065
:109640007BFA002840F06C82BBF1160F00F25B82BF
:109650003C4B03EBCB03D3E9002351EC190B04F093
:109660006BFA002874D00023BE1B0C93731E0BF101
:10967000FF3B069300F14E8200230993BBF1000FDC
:109680006DDA099BCDF81CB0A3EB0B030993CBF16A
:1096900000030B93249B092B4FF0000B68D8052B7C
:1096A00040F33D83043B24930026249B023B032B81
:1096B00000F29886DFE813F04D044A0441042404C4
:1096C000269A42F20F73CAF3130A13605AEA080388
:1096D0001DD1289B002B00F07C861B4B0393083385
:1096E000289A0398136015B0BDEC068BBDE8F08F87
:1096F00018EE903AC3F3130351EC190B43F07F516A
:109700000D97A6F2FF36129F41F4401170E7289B97
:10971000002B40F0D9830D4B039338E7AFF3008063
:1097200061436F63A787D23FB3C8608B288AC63F67
:10973000FB799F501344D33F0000F07F7DD101108F
:109740000000F83F10D30110C4D10110C0D10110A6
:10975000BE1B731E069300F19A840C900990069B21
:109760005B44CDE9063B00230B93249B092B96D940
:109770000023CDE9243301264FF0FF330A960893E6
:10978000089B0F9300216164204601F00DFC0390BB
:10979000002800F02F86039B2364089B0E2B00F209
:1097A000F980002E00F0F6800799002940F37184BB
:1097B000BD4B01F00F0203EBC2034FEA2118C905AC
:1097C000D3E9006740F10384B84B51EC190BD3E99E
:1097D000082304F069F841EC180B08F00F084FF06B
:1097E000030AB8F1000F13D0DFF8C09218F0010F90
:1097F00009D030463946D9E9002303F02BFF0AF19E
:10980000010A06460F465FEA680809F10809EDD12A
:1098100051EC180B32463B4604F046F841EC1A0B6B
:109820000C9B5BB157EC1A6BA14B1AEE100A00228D
:10983000394604F081F9002840F05285504603F083
:109840009FFE53EC1A2B03F005FF9A4B002203F006
:109850004BFD089B8046A1F15079002B00F0F3836B
:10986000079B1093089B0E930A9B002B00F0C0846B
:109870000E9A8D4B9049DDF80CA003EBC20353E91F
:109880000223002004F010F842464B4603F02AFD64
:1098900059EC1A8B41EC180B49461AEE100A04F0E9
:1098A00089F9074603F06CFE02460B461AEE100AD1
:1098B000494603F017FD30370AF8017B53EC182BAB
:1098C00006460F4604F038F9002840F055854FF061
:1098D00000080AEE105ACDF844B055465BEC18ABC0
:1098E00008EE104A44462AE00E9B01349C424BDAB3
:1098F000724B50465946002203F0ACFE6F4B0022DB
:1099000082468B463046394603F0A4FE894680469F
:1099100004F050F9074603F033FE02460B4640467A
:10992000494603F0DFFC303705F8017B52465B46C1
:1099300006460F4604F000F9002840F0188532462C
:109940003B465B49002003F0CDFC52465B4604F0E9
:10995000F3F80028C8D0109B039A0793AA4618EE84
:10996000104A1AEE105A02E0924500F0EA84D146FD
:109970001AF8013D392BF7D00133DBB28AF80030F9
:10998000079B01330793ABE1DDF844B01AEE105AA0
:1099900018EE104A139B002BC0F29480079A0E2AEF
:1099A00000F39080404B03EBC203D3E90089259B71
:1099B000002B1BDA089B002B18DC40F05D83404B2A
:1099C00000224046494603F045FE02460B4651EC54
:1099D000190B04F0BBF8DDF820A05646002800F073
:1099E000D082259BDDF80C80DF43D2E242464B4615
:1099F00051EC190B03F058FF04F0DCF806468346DF
:109A000003F0BEFD42464B4603F024FE0B460246E1
:109A100051EC190B03F066FCDDF80CA03346303333
:109A20000AF8013B089B012B00F08E834FF0010BDD
:109A300008EE105A08EE904A1D465446DA461DE0DC
:109A400042464B463046394603F02EFF04F0B2F84A
:109A5000834603F095FD42464B4603F0FBFD0AF1B9
:109A6000010A0B4602463946304603F03BFC0BF137
:109A70003003AA4504F8013B00F061830F4B00223C
:109A800003F0E8FD0022002306460F4604F04AF8E2
:109A90000028D5D0A24618EE105A18EE904A079B1F
:109AA00001330793D1461BE110D30110E8D2011016
:109AB0000000F03F00001C400000E03F0000244098
:109AC000000014400A9A002A3FD0249A012A40F349
:109AD0009C82089B03F1FF380B9B4345C0F26E82CA
:109AE000A3EB0808089B002BC0F26683069A1A4471
:109AF0000692099A17461A4409920121204601F05C
:109B000027FB064625E00123BE1B0C93731E06931C
:109B10007FF5B2ADC6F10103099300230693ADE5CD
:109B2000584603F02DFD42464B4603F0FBFF00284C
:109B30007FF48AAD0BF1FF3B86E5874B03930398D7
:109B400015B0BDEC068BBDE8F08FDDE90976DDF8D8
:109B50002C80002F0CDD069A002A09DD0999BA42F3
:109B60001346A8BF3B46C91AFF1AD31A0991069398
:109B70000B9BDBB10A9B002B00F08282B8F1000F37
:109B80000FDD31464246204601F0BEFB2A46014623
:109B90000646204601F00AFB29460546204601F00C
:109BA00029FA0B9BB3EB080240F000830121204609
:109BB00001F0CEFABBF1000F824600F3B780249B80
:109BC000012B40F385814FF000090120BBF1000F0C
:109BD00040F0B880069A104410F01F0000F0968004
:109BE000C0F12003042B40F3F883099BC0F11C0053
:109BF00003440244099307440692099B002B05DDA8
:109C000029461A46204601F0DFFB0546069B002B3D
:109C100005DD51461A46204601F0D6FB82460C9BD4
:109C2000002B40F03681089B002B40F31D810A9BDE
:109C3000002B40F0A080079B01330793DDF80C80D8
:109C4000DDF82090012707E0294600230A2220465C
:109C500001F0DAF90137054651462846FFF7C4FB03
:109C60004F4500F1300008F8010BEDDB089A002A9F
:109C7000C8BF9346039AD8BF4FF0010B03469344E5
:109C80000027294601222046049301F09DFB5146FE
:109C9000054601F011FC002840F3A5811BF8013CAA
:109CA000039A0BF1FF3B04E05A4500F0A7811BF833
:109CB000013D392B0BF10109F6D001338BF800304F
:109CC0005146204601F096F956B12FB1B74203D064
:109CD0003946204601F08EF93146204601F08AF9D6
:109CE0002946204601F086F9002389F80030269B9A
:109CF000079A1A60289B002B3FF449AC0398C3F8DD
:109D0000009015B0BDEC068BBDE8F08F1C20099BC0
:109D100003440993069B0344074406936DE7012619
:109D2000C3E4C0F1200008FA00F05AE401465A46A4
:109D3000204601F0E9FA249B012B824640F3D581AD
:109D40004FF00009DAF810300AEB8303186901F0CC
:109D5000AFF9C0F120003DE77CD10110314600236E
:109D60000A22204601F050F90F9B002B064640F3D3
:109D70002383CDE90783002F00F31981B9F1000F88
:109D800040F0FD81B046049B039F089903F0010257
:109D90007B1E1944249B0B92134309910A9351464D
:109DA0002846FFF721FB31468346284601F084FB15
:109DB000424651468146204601F0A0FBC26801465A
:109DC0000BF13003002A42D106902846089301F097
:109DD00073FB06990490204601F00CF9049A089B45
:109DE0001AB90A99002900F0D782B9F1000FC0F220
:109DF0008881249949EA01090B9951EA090100F087
:109E00008081002A00F3E881099A3B7007F101097B
:109E10009742CB4600F0E681294600230A222046DD
:109E200001F0F2F84645054631464FF000034FF089
:109E30000A02204612D001F0E7F841460646002308
:109E40000A22204601F0E0F84F468046A7E7204668
:109E5000049301F0CFF8049B0122C6E701F0D4F887
:109E60004F46064680469AE7249B022B78DC0A9BE5
:109E7000002B80D1079B5146013328460793FFF7FB
:109E8000B3FADDF80CB000F130030BF8013B00270A
:109E9000F7E65146284601F00FFB0028BFF6C3AE97
:109EA000294600230A22204601F0AEF8079B03F161
:109EB000FF380A9B0546002B7FF450AF0F9B002B09
:109EC00040F371820893B9E6BD4B0393033307E473
:109ED000DDE9041200297FF476AEC2F31303002BF0
:109EE0007FF471AEB74B1340002B00F03E82099B0C
:109EF00001330993069B013306934FF0010964E691
:109F000001230A93259B079A13440F930133012BD6
:109F10001F460893B8BF01270021172F61647FF700
:109F200033AC012204235B0003F11400B842114654
:109F300002F10102F7D9616426E401230A93259B0B
:109F4000002B4BDD0F9308931F46E5E700230A9390
:109F5000D8E700230A93F2E70F9BCDF81C80089303
:109F6000089B002B7FF43DAD51460522204601F0B1
:109F70004BF801468246284601F09EFA00287FF7FA
:109F800030AD0398079F3123804600F8013B01372D
:109F900003905146204601F02DF87B1CDDF80C9013
:109FA0000793CDF80C80002E7FF496AE98E63146EC
:109FB0003A46204601F008FA0646DFE60B9BCDF84C
:109FC0002C80A8EB03039B444FF000088AE54FF078
:109FD000020AB0EE498AF0EE698A02E40123259371
:109FE0000893FFF7CDBB03D1049BDB073FF556AECB
:109FF000D9461BF8013D302BFAD061E6079B039A46
:10A0000001330793312313705AE60D9A002A00F0AA
:10A01000638103F23343069ADDF82C801A440692DA
:10A02000099A17461A44099267E5504603F0A8FAC0
:10A0300053EC1A2B03F00EFB634B002203F054F990
:10A040008046A1F15079614B002251EC1A0B03F0CC
:10A0500049F942464B4606460F4603F08BFD002861
:10A0600040F07F8130463946424609F1004303F013
:10A0700063FD00283FF48EAC4FF0000A5646B0E472
:10A0800029460B9A204601F03FF905468EE50C90D3
:10A0900040E500F04E81079A4D4B564206F00F0204
:10A0A00003EBC203D3E9002351EC190B03F0D2FAFE
:10A0B000361141EC1A0B00F08881464F00234FF017
:10A0C000020AF20706D5D7E9002303F0C3FA0AF122
:10A0D000010A0123761007F10807F2D1002B3FF4A3
:10A0E0009FAB41EC1A0BFFF79BBB049B002B7FF44B
:10A0F00027AEDDE90412C2F31303002B3FF4F2AEE6
:10A100001EE6002A12DD294601222046049301F0B2
:10A110005BF95146054601F0CFF90028049B40F356
:10A120003581392B00F013810BF13103B94609F861
:10A13000013B079B0133374607934646C0E5A246DD
:10A1400018EE105A18EE904A02460B4603F0CCF86F
:10A1500042464B4606460F4603F00CFD60B94246A8
:10A160004B463046394603F0DDFC00283FF497ACFF
:10A170005FEACB717FF593AC039AFFF7F8BB716888
:10A18000204600F011FF0746002800F03A813369AD
:10A1900002339A0006F10C010C30FBF7F7FA39464E
:10A1A0000122204601F010F98046ECE529462046C0
:10A1B00001F0AAF80546F9E4DDE908239F1A9CE4BA
:10A1C000C0D101100000F07F00001C4000001440CE
:10A1D00010D30110E8D20110392B00F0B880B94635
:10A1E0000133A4E7079A013237460792464648E50D
:10A1F0000E988D4901EBC00142464B4651E90201E0
:10A2000003F028FA5AEC1A9B41EC180B51461AEE4F
:10A21000100A03F0CFFC074603F0B2F902460B46E2
:10A220001AEE100A514603F05DF806460E98DDF866
:10A230000C803037012808F8017B0F4600F0BA8007
:10A240000E9B039ACDF838B013449B46C246774B19
:10A2500000223046394603F0FDF98946804603F076
:10A26000A9FC074603F08CF9303702460B464046FE
:10A27000494603F037F80AF8017BDA4506460F46EF
:10A28000E5D1DA46DDF838B0694B59EC188B00227D
:10A2900018EE100A494603F027F832463B4603F011
:10A2A0004BFC00286DD118EE102A4B466049002067
:10A2B00003F018F832463B4603F05CFC00283FF4FC
:10A2C00069ABD1460AF1FF3A19F8013C302BF8D0BE
:10A2D000109B0133079303E5129BC3F136039AE603
:10A2E000089B002B3FF4A1AE0F9B002B7FF752ABD6
:10A2F000079A0E93013A4D4B10921AEE100A394606
:10A30000002203F0A7F9024616460F460AF10100A3
:10A3100003F036F932463B4603F09CF9454B0022E8
:10A3200002F0E2FF47EC1A6B8046A1F15079FFF78B
:10A330009BBA4FF0020AB0EE49AAF0EE69AAFFF705
:10A340006FBA079B013307933123FFF717BB079BB6
:10A35000BB4601330793392337460BF8013B46468A
:10A360009EE44FF0000A56460BE699462DE4AA46B5
:10A3700018EE104A1AEE105A109B01330793D1467B
:10A38000AEE4109B039A0793FFF7F1BA7FF4CEAEC9
:10A39000DA077FF5CBAEC4E6392BD8D0B9F1000F80
:10A3A0003FF7C2AEC2E6249B022B3FF7D5ADCDF8F6
:10A3B0001C805FE5C24667E7249B022B3FF7CCADCC
:10A3C0000F9BCDF81C800893D5E44FF0020AFFF7ED
:10A3D00027BA194B0393FFF7DAB83FF40EACC0F17C
:10A3E0003C0094E4002666643146204600F0DCFD23
:10A3F000039068B9114B124800224FF4D57102F056
:10A4000011FD0E4B0E483A4640F2EA2102F00AFDD9
:10A41000039B236401224FF0FF3325960F930A928A
:10A420000893FFF7B7BA00BF10D301100000244013
:10A430000000E03F00001C40C4D10110D0D1011049
:10A44000E4D10110B1F90C202DE9F0410C461107BF
:10A45000804647D4636842F40062002BA2815EDD2F
:10A46000A56A002D58D00023D8F80060C8F8003045
:10A4700093B212F4805256D10123E1694046A847B5
:10A48000431C67D0A389A56A5F0705D56368C01A16
:10A49000236B0BB1E36BC01AE1690246002340460F
:10A4A000A847411C41D1D8F80030002B3DD01D2BCE
:10A4B00001D0162B56D1A3892269226023F40063B0
:10A4C00000216160A381216BC8F8006021B304F111
:10A4D0004003994202D0404600F078F90020206302
:10A4E000BDE8F0812669BEB193B2256826609A075F
:10A4F0000CBF63690023AD1BA3600BE02B46324603
:10A50000E169676A4046B847B0F1000CA5EB0C055D
:10A51000664417DD002DF1DC0020BDE8F081E36B1F
:10A52000002B9DDCF8E7206DAEE7B4F90C30226912
:10A53000226023F40063A3810022DB046260C2D5A1
:10A540002065C0E7A38943F040034FF0FF30A381AB
:10A55000BDE8F081D8F80030002B93D01D2B06D039
:10A56000162B04D0A38943F04003A381D5E7C8F894
:10A570000060D1E738B50C46054608B1836BA3B13E
:10A58000B4F90C00B8B1636EDB0701D4810515D5B1
:10A5900028462146FFF756FF636EDA07054602D4C8
:10A5A000A3899B050ED5284638BD00F017F8B4F9ED
:10A5B0000C000028E7D10546284638BDA06D00F004
:10A5C000AFFBE5E7A06D00F0ADFB284638BD00BF4E
:10A5D000014900F079BB00BF01CF00102DE9F04721
:10A5E0008246394800F09CFBDAF83840002C66D1EE
:10A5F000DAF80450354ACAF83C200323CAE9B843C4
:10A60000DFF8DC90DFF8DC80314F324E04230AF5AE
:10A610003B72CAF8E8222146C5E90243C5E9004475
:10A62000C5E904446C660822AC6105F15C00FBF7E7
:10A6300047F9C5E90759C5E90987EE6205F15800F0
:10A6400000F06AFBDAF80850234BEB602146C5E9BD
:10A650000044C5E904446C66AC60AC61082205F1B5
:10A660005C00FBF72DF9C5E90759C5E90987EE62DA
:10A6700005F1580000F050FBDAF80C50174BEB6076
:10A680002146C5E90044C5E904446C66AC60AC6190
:10A69000082205F15C00FBF713F905F15800C5E944
:10A6A0000759C5E90A76C5F8248000F035FB012377
:10A6B000CAF838300448BDE8F04700F033BBBDE8C5
:10A6C000F047014800F02EBB08160120D1A500106C
:10A6D0002DBC00104DBC001009000100120002004A
:10A6E000C9BB0010EDBB0010014800F019BB00BF52
:10A6F00004160120014800F015BB00BF041601201C
:10A7000038B5084B084D5B1B9C1007D0043B1D441B
:10A71000013C55F804399847002CF9D1BDE8384080
:10A7200012F020BF340A0020300A0020F8B5244F70
:10A730000C460646FBF716F9BA685568C4F57E6301
:10A740000F3325F003052B4423F47F6323F00F031D
:10A75000A3F58054B4F5805F07DB00213046FBF79A
:10A760007FF9BB682B44984204D03046FBF700F9D0
:10A770000020F8BD61423046FBF772F901300DD080
:10A78000104ABB682D1B45F001055D60136830461B
:10A790001B1B1360FBF7ECF80120F8BD00213046CD
:10A7A000FBF75EF9BA68831A0F2BDEDD43F0010375
:10A7B0005360054B03491B68C01A0860D5E700BF0A
:10A7C000A8040020C8150120B0080020002961D08D
:10A7D000F8B50C460646FBF7C5F854F8042C7B4F39
:10A7E000A4F1080522F0010105EB010CB868DCF8C2
:10A7F0000430604523F0030300F08B80D207CCF8CF
:10A80000043032D454F8082CAD1A1144AA6807F168
:10A81000080082426AD00CEB0304D4F804E0EC6830
:10A82000D4601EF0010FA26000F0978041F0010398
:10A830006B60CCF80010B1F5007F35D27A68CB0898
:10A8400048090121013381401143796007EBC302BC
:10A8500057F83310083AC5E9021247F83350CD6073
:10A860003046BDE8F840FBF783B80CEB03025268B2
:10A87000D00710D4194407F10800DCF808308342EF
:10A8800073D0DCF80C20DA60936041F001036B6058
:10A890006950D0E7704741F00103B1F5007F44F8FB
:10A8A000043CCCF80010C9D3B1F5206F4FEA512316
:10A8B00048D28B0903F1390003F13802C300F818BC
:10A8C000FB580838984259D05A6822F003028A424D
:10A8D00002D99B689842F7D1D868C5E902308560F3
:10A8E000DD603046BDE8F840FBF742B80CEB0302F0
:10A8F0005268D20763D40B44DCE90212CA6091604B
:10A9000043F001026A603046EB50BDE8F840FBF7C7
:10A910002FB80B44D10707D454F8082CAD1A1344B0
:10A92000D5E90212CA60916043F001026A60284AC8
:10A93000BD6012689A4293D8264B30461968FFF7DB
:10A94000F5FE8DE7142B0AD9542B1FD80B0B03F1FE
:10A950006F0003F16E02C300B1E719448DE703F104
:10A960005C0003F15B02C300A9E741F00103C7E902
:10A970000455C5E902006B60695071E7796892106F
:10A98000012404FA02F20A437A60A6E7B3F5AA7F2B
:10A9900006D8CB0B03F1780003F17702C3008EE7F2
:10A9A00040F25452934206D88B0C03F17D0003F120
:10A9B0007C02C30083E74FF47E737E227FE741F081
:10A9C00001036B60CCF800104AE700BFA804002028
:10A9D000B4080020F81501209368002B00F0858052
:10A9E0002DE9F04FB1F90C300C461907804683B0C1
:10A9F000174698B225D523691BB310F002033D68B2
:10AA00002DD04FF0000ADFF8BCB25646B9465E457D
:10AA10003346524628BF5B464046002E52D0E1697D
:10AA2000676AB847002856DDD9F808301B1A8244F7
:10AA3000361AC9F80830002BE9D1002003B0BDE870
:10AA4000F08F21464046FEF755FC002840F0368145
:10AA5000B4F90C303D6898B210F00203D1D110F077
:10AA6000010944D14E46009746B38205D4F808B098
:10AA700040F18380B3455A4600F2B28010F4906FE3
:10AA800040F0BF8020680192494600F011FAA368A7
:10AA9000019AA3EB0B012368A1601344B246236023
:10AAA0000026009B9868A0EB0A00D144986000281B
:10AAB000C3D0B4F90C0080B2002ED6D1D5E90096EF
:10AAC0000835D1E7D5E900A60835A0E7214640467C
:10AAD000FFF750FD80B3B4F90C3043F040034FF062
:10AAE000FF30A38103B0BDE8F08F002070471E4601
:10AAF000AA46994618461D46009756B388B34A465B
:10AB0000D4E904132068B24228BF3246884205D9EE
:10AB1000A16803EB010B5A4500F3A680934263DC66
:10AB2000E169676A2A464046B847B0F1000BD2DDBA
:10AB3000B9EB0B09CAD00120009A9368A3EB0B0371
:10AB40005D44A6EB0B069360002B3FF476AF002E1E
:10AB5000D4D10AF1080353E902569A460833002E6D
:10AB6000F9D032460A21284600F052F9002800F0B8
:10AB70009C800130A0EB0509C1E720682369984259
:10AB800016D86369B34213D86FF00042B24228BFAF
:10AB90003246E16992FBF3F2676A02FB03F3404637
:10ABA0004A46B847B0F1000A95DDA6EB0A0678E7F9
:10ABB000B345DA4628BFB2465246494600F078F916
:10ABC000A3682268A3EB0A035244A3602260002B0F
:10ABD000EBD121464046FFF7CDFC0028E5D07AE7CF
:10ABE0002068B34632464EE72946019200F060F9EC
:10ABF000019AA3689B1AA3602368134423609346B9
:10AC000096E723682169A3EB010B636903EB430A11
:10AC10000AEBDA7A0BF101034FEA6A0A334453452F
:10AC2000524684BF9A46524643052CD511464046AB
:10AC3000FAF7FCFA00283BD05A4621690190FAF74E
:10AC4000A5FDA289019B22F4906242F08002A281BC
:10AC500003EB0B002361AAEB0B03C4F814A0A36061
:10AC60002060B34632460EE729465A4600F020F9E6
:10AC700023685B44236021464046FFF77BFC0028A5
:10AC80003FF456AF27E7404600F07AFD0346002820
:10AC9000DED121694046FFF799FDB4F90C300C2252
:10ACA00023F08003C8F8002017E7721C914627E7BD
:10ACB0000C22B4F90C30C8F800200EE74FF0FF303A
:10ACC000BCE600BF00FCFF7F2DE9F843074688463D
:10ACD00000F538764FF00009D6E90154013D11D452
:10ACE000A389012B05F1FF3508D9B4F90E300133E2
:10ACF000214603D03846C04749EA00096B1C04F1DD
:10AD00006804EDD13668002EE6D14846BDE8F883E8
:10AD100000487047AC090020704700BF704700BF73
:10AD2000704700BF704700BF2DE9F0418B890C468A
:10AD3000990796B008D504F143030122C4E904320F
:10AD4000236016B0BDE8F081B4F90E100029064664
:10AD500027DB6A4602F0D6F9002821DB019D05F4C5
:10AD60007045A5F50055B5FA85F54FF480686D0975
:10AD70004FF4006741463046FAF758FAB4F90C3000
:10AD8000F0B1204AF26343F08003C4F81480A38139
:10AD90002060206135BB3B43A38116B0BDE8F08144
:10ADA000A38913F0800519D04FF040084146304682
:10ADB000FAF73CFA0025B4F90C302F460028E0D110
:10ADC0009A05BED423F0030304F1430243F00203C7
:10ADD0000121C4E90421A3812260B2E74FF4806815
:10ADE0002F46C7E7B4F90E10304602F0A1F910B9AA
:10ADF000B4F90C30CFE7A38923F0030343F0010338
:10AE00001BB2C8E7D1A50010000000000000000040
:10AE100001F0FF01102A2BDB10F0070F08D010F80B
:10AE2000013B013A8B422DD010F0070F42B3F6D10F
:10AE3000F0B441EA012141EA014122F007047FF028
:10AE400000070023F0E80256083C85EA010586EA7F
:10AE5000010685FA47F5A3FA87F586FA47F6A5FABB
:10AE600087F68EB9EED1F0BC01F0FF0102F00702C7
:10AE700032B110F8013B013A83EA010313B1F8D172
:10AE80000020704701387047002D06BF3546033853
:10AE9000073815F0010F07D1013015F4807F02BF8C
:10AEA000013015F4C03F0130F0BC0138704700BFDD
:10AEB00088420DD98B1883420AD900EB020CBAB133
:10AEC000624613F801CD02F801CD9942F9D17047DD
:10AED0000F2A0ED8034602F1FF3C4AB10CF1010CD7
:10AEE000013B8C4411F8012B03F8012F6145F9D186
:10AEF000704740EA01039B0750D1A2F1100370B5DF
:10AF000001F1200C23F00F0501F1100E00F11004E7
:10AF1000AC441B095EF8105C44F8105C5EF80C5CF5
:10AF200044F80C5C5EF8085C44F8085C5EF8045C6D
:10AF300044F8045C0EF1100EE64504F11004E9D16A
:10AF4000013312F00C0F01EB031102F00F0400EBC0
:10AF5000031327D0043C24F003064FEA940C1E444C
:10AF60001C1F8E465EF8045B44F8045FB442F9D1BE
:10AF70000CF1010402F0030203EB840301EB8401F2
:10AF800002F1FF3C4AB10CF1010C013B8C4411F879
:10AF9000012B03F8012F6145F9D170BD02F1FF3C8F
:10AFA00003469BE72246EBE7C36C70B505460C46AB
:10AFB0004BB153F8240080B1026843F824200023E9
:10AFC000C0E9033370BD2122042101F04BFF034689
:10AFD000E8640028EDD1002070BD012101FA04F6DB
:10AFE000721D9200284601F03DFF0028F3D0C0E911
:10AFF0000146E4E731B1C36C4A6853F822000860A7
:10B0000043F82210704700BFF0B50C69064683B0C4
:10B010000D4601F1140E0020DEF800101FFA81FC2D
:10B0200002FB0C334FEA134C090C02FB01CC01303C
:10B030009BB203EB0C4384424EF8043B4FEA1C43A3
:10B04000EADC3BB1AA68A24207DD05EB84020134C9
:10B0500053612C61284603B0F0BD6968019301314A
:10B060003046FFF7A1FF019B0746B8B12A6901935B
:10B07000023205F10C0192000C30FAF787FBF26CFA
:10B080006968019B52F82100286042F821503D4632
:10B0900005EB8402013453612C61DBE7024B03486A
:10B0A0003A46B52101F0BEFED0D1011064D20110A4
:10B0B000030C1B04D3B90004102310F07F4F04BF0E
:10B0C0000002083310F0704F04BF0001043310F089
:10B0D000404F04BF80000233002805DB10F0804F92
:10B0E00003F1010308BF2023184670470023E4E75B
:10B0F000036813F00702014607D0DA071FD4980748
:10B1000021D55B080B600120704798B2A0B11046B2
:10B11000DAB20AB908301B0A1A0704BF1B09043047
:10B120009A0704BF9B080230DA0703D45B0800F1DA
:10B13000010006D00B6070471B0C1020E8E70020D0
:10B140007047202070479B080B600220704700BFAB
:10B1500038B5C36C04460D464BB15868B0B10268AF
:10B160005A6000220123C0E90435C26038BD2122A3
:10B17000042101F077FE0346E0640028EDD1094B7D
:10B18000094800224FF4A07101F04CFE1C2201215D
:10B19000204601F067FE0028F1D001220223C0E919
:10B1A0000123DEE7D0D1011064D201102DE9F04F68
:10B1B0000E691569AE4285B08846144605DB2A46FD
:10B1C000234635460C4616469846A3686168AF1973
:10B1D000BB42B8BF0131FFF7E7FE0190002800F045
:10B1E0008780019B03F1140909EB870AD14505D239
:10B1F0004B46002243F8042B9A45FBD808F114086B
:10B2000008EB860B04F11403D8451A4603EB8505B9
:10B210005FD22B1B153B23F0030304331534A542E7
:10B2200038BF0423CDE902A7AC461F46924605E08D
:10B23000000C29D1C34509F1040948D958F8040B79
:10B2400085B2002DF4D056464C46002356F8040B28
:10B25000216882B21FFA81FE05FB02EE000C0A0C87
:10B26000734405FB002202EB13429BB243EA024304
:10B27000B44544F8043B4FEA1243E7D849F8073095
:10B2800058F8040C000CD5D0D9F8003054461946B3
:10B290004D4600222688090C00FB06110A449BB289
:10B2A00043EA024345F8043B54F8046B2968360C22
:10B2B0008BB200FB063303EB1243A4454FEA134263
:10B2C000E8D8C34549F8073009F10409B6D8DDE9E3
:10B2D00002A7002F02DC05E0013F03D05AF8043D2D
:10B2E000002BF9D0019B18461F6105B0BDE8F08F17
:10B2F000034B0448019A40F25D1101F093FD00BF39
:10B30000D0D1011064D2011012F003032DE9F041F5
:10B310001446064632D10D46A41020D0D6F84880F7
:10B32000B8F1000F33D0E3074FF0000707D46410E3
:10B3300015D0D8F80000A8B18046E307F7D54246FB
:10B3400029463046FFF732FFB5B16968F36C6410E7
:10B3500053F821202A6043F821500546E9D12846B8
:10B36000BDE8F081424641463046FFF71FFFC8F86E
:10B37000000007608046E0E70546D8E7013B0F4A3A
:10B3800052F823200023FFF73FFE0546C4E70121C2
:10B390003046FFF709FE804640B1012340F271229A
:10B3A000C0E904320023B0640360BCE7044B0548E5
:10B3B00042464FF4A07101F035FD00BFD8D3011013
:10B3C000D0D1011064D201102DE9F0470C4690460F
:10B3D0002669A368496806EB6216751C9D420746FC
:10B3E0004FEA621904DD5B009D4201F10101FADCC4
:10B3F0003846FFF7D9FD8446002851D0B9F1000F37
:10B4000000F114000EDD09F105024FEA820E034639
:10B410000CEB8202002143F8041B9342FBD1AEF1F6
:10B4200014031844216904F1140318F01F0803EBF6
:10B4300081012DD0C8F1200986464FF0000A1A6814
:10B4400002FA08F242EA0A024EF8042B53F8042BDF
:10B45000994222FA09FAF2D80B1B153B23F0030399
:10B46000043304F11502914238BF0423BAF1000FEE
:10B4700018BF2E4640F803A0FB6C6268CCF8106041
:10B4800053F822102160604643F82240BDE8F0875F
:10B49000043853F8042B40F8042F9942F9D8EBE70D
:10B4A000034B0448624640F2D91101F0BBFC00BFD7
:10B4B000D0D1011064D201100B6984460069C01A12
:10B4C00016D10CF1140C14310CEB830210B401EB07
:10B4D000830301E0944508D252F8044D53F8041D4B
:10B4E0008C42F7D005D24FF0FF305DF8044B704727
:10B4F000704701205DF8044B704700BF2DE9F84FFD
:10B500000F691369FF1A002F0E4690467AD101F198
:10B510001405143202EB830205EB830301E09D4224
:10B5200073D253F8041D52F8044DA142F7D064D3EE
:10B530007168FFF739FD8146002872D03569D8F867
:10B540001020C76008F1140E06F1140009F1140A66
:10B5500006F1100C0EEB820200EB85075646002127
:10B560005EF8044B5CF804BFA3B211FA8BF1CB1A5E
:10B57000210CC1EB1B4101EB23419BB243EA014388
:10B58000724546F8043B4FEA2141E9D8A2EB080492
:10B59000153C08F11508424524F0030606F104069F
:10B5A00038BF0426304424F0030238BF002287420B
:10B5B0005244B24416D95646044654F8043B11FA94
:10B5C00083F10A1402EB134289B241EA0243A74213
:10B5D00046F8043B4FEA2241EFD87A1E101A20F0B9
:10B5E0000302524423B952F8043D013D002BFAD026
:10B5F000C9F810504846BDE8F88F33460127464643
:10B60000984695E7F9DB002792E70021FFF7CCFC8D
:10B61000814668B101220023C9E904234846BDE8F8
:10B62000F88F074B07484A464FF4107101F0FAFBB8
:10B63000034B04484A4640F2322101F0F3FB00BFBD
:10B64000D0D1011064D20110F0B5012183B01646AB
:10B650001F46FFF7A9FC054600284CD0C7F30A5443
:10B66000C7F313030CB143F48013002E019323D0CE
:10B6700068460096FFF73CFD0346002837D0019A44
:10B68000C0F1200102FA01F1C24000980192014389
:10B690006961002A14BF02210121AA612961B4B1A4
:10B6A000089AA4F233441C441460099AC3F1350388
:10B6B0002846136003B0F0BD01A8FFF719FD019BF8
:10B6C0000121C5E9041300F12003002CE8D105EBAA
:10B6D0008102A3F232431069089A1360FFF7E8FC75
:10B6E000099BC0EB41101860284603B0F0BDDDE9AE
:10B6F00000126961CDE7034B03482A4640F20A3144
:10B7000001F090FBD0D1011064D2011070B50E464B
:10B710001446054608B1836BEBB1636ED80702D4BB
:10B72000A389990523D5A368013B002BA3601CDAEC
:10B73000A269934212DBF0B20A280FD023685A1C88
:10B74000226005461E70636EDA0702D4A3899B054A
:10B7500011D5284670BDFEF741FFDEE72846224698
:10B76000314601F0ABFA0546EDE7F0B2E6E7A06D31
:10B77000FFF7D6FAD7E7A06DFFF7D4FA284670BDD9
:10B780002DE9F84F1746002900F0988007F10B05C6
:10B7900080460C46FAF7E6F8162D5DD810252A46A5
:10B7A000AF425ED854F8041C21F003069642A4F17F
:10B7B000080962DABC4BD3F808C009EB06008445DF
:10B7C00000F09780D0F804C02CF0010303445B68BC
:10B7D000DB0768D42CF0030C06EB0C03934247DA2A
:10B7E000CB0710D454F8083CA9EB030ADAF804306C
:10B7F00023F003018C44B444944580F21181731802
:10B80000934280F2E88039464046F9F70FFD07463B
:10B81000E0B154F8043C23F001034B44A0F10802CA
:10B82000934200F0D280321F242A00F2F580132ABE
:10B8300000F2AC80034622461168196051685960D5
:10B8400092689A6021464046FEF7C0FF4046FAF7EC
:10B850008FF83846BDE8F88F25F00705002D2A46F9
:10B860009EDA0C23C8F8003000273846BDE8F88F70
:10B870001E46D0E90223D3609A60731B0F2B22D897
:10B88000D9F8043003F0010333434E44C9F80430BF
:10B89000736843F00103736040462746FAF768F87F
:10B8A0003846BDE8F88FC907ADD454F8083CA9EB79
:10B8B000030ADAF8041021F00301A0E7BDE8F84F0D
:10B8C0001146F9F7B3BCD9F8041001F0010129437E
:10B8D000C9F8041009EB05014E4443F001034B6025
:10B8E000736843F00103083173604046FEF76EFF52
:10B8F000D2E7DCF8040020F0030B06EB0B0C05F19B
:10B90000100084454DDAC9073FF57DAF54F8081C97
:10B91000A9EB010ADAF8041021F003018B44B344C7
:10B9200058453FF76CAF5746DAF80C1057F8080F38
:10B93000321F242AC160886000F2DB80132A40F2A3
:10B94000D6802168CAF808106168CAF80C101B2A52
:10B9500000F2DF8008340AF110022168116061688A
:10B960005160A16891600AEB0501ABEB050242F062
:10B97000010299604A60DAF8043003F001031D43C4
:10B980004046CAF80450F9F7F3FF6EE723680360F6
:10B99000636843601B2A68D804F1080200F10803B9
:10B9A0004AE709EB05029A60ACEB050343F001039B
:10B9B000536054F8043C03F001031D43404644F82F
:10B9C000045CF9F7D5FF27464FE750F8043C23F015
:10B9D00003031E4451E75746DAF80C1057F8080FD6
:10B9E000321F242AC16088604CD8132A48D92168A4
:10B9F000CAF808106168CAF80C101B2A56D8083417
:10BA00000AF110021E462368136063685360A3683E
:10BA10009360D1463C4630E72146FFF749FA11E7EB
:10BA2000D0E902135746CB60996057F8081FDAF83F
:10BA30000C30CB60321F242A99602DD8132A29D9C3
:10BA40002368CAF808306368CAF80C301B2A42D849
:10BA500008340AF1100322681A6062685A60A2680A
:10BA60009A606646D1463C4607E7A3688360E36870
:10BA7000C360242A26D004F1100200F11003DBE693
:10BA80003A46BFE7214638461E46D146FFF710FA30
:10BA90003C46F2E63B46DEE7214638466646D1465E
:10BAA000FFF706FA3C46E8E6A8040020A168CAF8B9
:10BAB0001010E168CAF81410242A20D010340AF1BA
:10BAC00018029FE7236903616169416104F118026B
:10BAD00000F11803B0E6A368CAF81030E368CAF8AA
:10BAE0001430242A21D010340AF11803B3E73A465F
:10BAF00033E721463846FFF7DBF9164B33E7226977
:10BB0000CAF818206269CAF81C2018340AF1200209
:10BB100078E7A168CAF81010E168CAF81410242A5E
:10BB20000DD010340AF1180217E72369CAF818304B
:10BB30006369CAF81C3018340AF120038BE72269C4
:10BB4000CAF818206269CAF81C2018340AF12002C9
:10BB500003E700BFA8040020DFF864C0F8B521F0B7
:10BB600000430027634504460D461646176022DC55
:10BB7000844653EA0C0C1ED0DFF848C001EA0C0CD6
:10BB80000A46BCF1000F09D10C4B002201F062FD06
:10BB90006FF0350704460A4621F0004322F0FF42C9
:10BBA0001B1522F4E002A3F2FE3342F07F553B4422
:10BBB00045F40015336020462946F8BD0000504387
:10BBC000FFFFEF7F0000F07F10B50C46B1F90E10BB
:10BBD00001F0F2FA002803DB236D0344236510BD56
:10BBE000A38923F48053A38110BD00BF2DE9F04148
:10BBF0000C46B1F90C101F46CB05054616460BD472
:10BC000021F48051A1813B46B4F90E1032462846FA
:10BC1000BDE8F04101F0AAB8B4F90E1002230022E9
:10BC200001F09EFAB4F90C10EAE700BF10B50C461B
:10BC3000B1F90E1001F094FAA389421C0EBF23F44F
:10BC4000805343F480532065A38110BDB1F90E10D9
:10BC500001F044B930B540EA0104A30701D1032A39
:10BC60000FD8844601F1FF3E07E01EF8011F03F8DC
:10BC7000011B541EC1B19C4622466346002AF4D1E2
:10BC800030BD0B468446194653F8045BA5F10134D8
:10BC900024EA050414F0803FE4D1043A032A4CF866
:10BCA000045B1946EFD8DDE76244002CE8D003F8C6
:10BCB000011B9342FBD130BD2DE9F04F936883B057
:10BCC0009146002B6ED017688D6880460C46086838
:10BCD000083744E0A38913F4906F2ED0D4E90415FB
:10BCE000A0EB010A05EB450505EBD5750AEB06004F
:10BCF0006D100130A8422A4684BF05462A465B05DE
:10BD000037D511464046F9F791FA00283BD0524604
:10BD100021690190F9F73AFDA289019B22F4906212
:10BD200042F08002A281A5EB0A0203EB0A006561E2
:10BD3000A260236120603546B24659465246FFF75D
:10BD4000B7F8A068D9F808102368451B8E1B03EBD1
:10BD50000A00A5602060C9F808601EB3083757E9DB
:10BD600002B6002EFAD0B542AA46B3D93546B2463D
:10BD7000E3E74046FFF704FD03460028D3D12169DD
:10BD80004046FEF723FD0C23C8F80030A3890022AB
:10BD900043F040034FF0FF30A381C9E9012203B013
:10BDA000BDE8F08F0020C9F8040003B0BDE8F08FB3
:10BDB0002DE9F84F4B6E9C0490462DD59368126880
:10BDC00043B38B46064602F1080959E9025A5FEA75
:10BDD0009A0715D0043D002401E0A7420ED055F883
:10BDE000041F5A46304601F059F9431C04F101047E
:10BDF000F3D10023C8E90133BDE8F88FD8F8083043
:10BE00002AF0030AA3EB0A03C8F8083009F108096D
:10BE1000002BDAD10020ECE7FEF7DEFD0023C8E9B5
:10BE20000133BDE8F88F00BF10B494681CB15DF811
:10BE3000044BFFF7BDBF204654605DF8044B7047CC
:10BE40002DE9F04F2DED028BBBB008EE101A08EE75
:10BE5000900A1C461746039318B1836B002B00F021
:10BE60009C8218EE102A536EDE0740F19E81B2F9D3
:10BE70000C108AB2900409D441F4005218EE101A42
:10BE80004B6E8A8123F4005392B24B66110740F146
:10BE9000F88018EE103A1B69002B00F0F28002F0D7
:10BEA0001A030A2B00F0FE8011AB0E930023CDE99C
:10BEB0000F33CDE9083306930DF14409079302933C
:10BEC0003B78002B00F05B813C4604E014F8013F16
:10BED000002B00F03481252BF8D1E51B40F0318197
:10BEE0002378002B00F04B814FF0000300258DF8E4
:10BEF0003330671C637801954FF0FF3B2B240137EB
:10BF0000A3F120025A2A00F26181DFE812F0AB02AD
:10BF10005F015F01A7025F015F015F016A005F01CE
:10BF20005F0149027E025F015402B9025F01B5025E
:10BF30005B005B005B005B005B005B005B005B0029
:10BF40005B005F015F015F015F015F015F015F01F6
:10BF50005F015F01360284005F015F015F015F01E5
:10BF60005F015F015F015F015F015F01E5005F014C
:10BF70005F015F011A025F016C025F015F014C0506
:10BF80005F015F015F015F015F015F015F015F01B1
:10BF90005F015F01360286005F015F015F0162029F
:10BFA000860080005F0158025F019402E700820270
:10BFB00080005F011A027E006C055F015F016E0563
:10BFC0005F017E00A3F13002002117F8013B01EB75
:10BFD000810102EB4101A3F13002092AF5D9019157
:10BFE0008EE718EE900AFEF793FE43680893184612
:10BFF000F9F7A6FD0990064618EE900AFEF788FEAE
:10C0000083680793002E40F0A9843B7877E73B785C
:10C0100045F0200573E745F01005AC06039E40F19E
:10C020008281073626F007063246736852F8086B9D
:10C0300003929846002BC0F25984BBF1FF3F00F0F9
:10C040003E8556EA080325F0800A00F034840A2E63
:10C0500078F1000380F0EB84303601238DF8E7603F
:10C06000554600930DF1E704009A9DF833305A4588
:10C07000B8BF5A469046002B00F0B78002F1010885
:10C08000B3E018EE101A18EE900A18EE105AFDF7E9
:10C0900031F9002840F0AC85AA8902F01A030A2B76
:10C0A0007FF402AF18EE101AB1F90E30002BFFF634
:10C0B000FBAE4B6EDE0702D4950540F1778518EE96
:10C0C000101A18EE900A23463A463BB0BDEC028B9C
:10C0D000BDE8F04F00F0B2BD45F0100515F02008A6
:10C0E00000F01281039E073626F007063346D6F885
:10C0F000048053F8086B039325F4806A00234FF003
:10C1000000028DF83320BBF1FF3F00F0D38156EAE7
:10C1100008022AF0800540F0CC81BBF1000F40F00E
:10C12000D184002B40F0CC831AF00103009300F07F
:10C13000FC8330238DF8E7300DF1E70494E7E51B2D
:10C140001DD00F9B109A01332A44072BC9E90075B3
:10C1500010920F9305DC09F10809029B2B4402930E
:10C16000BEE6002A00F0A38318EE101A18EE900A1B
:10C170000EAAFFF71DFE40B90DF14409EDE7109B33
:10C18000002B40F0248500230F9318EE102A536EE5
:10C19000D90740F1AE8093895B0600F132850298A1
:10C1A0003BB0BDEC028BBDE8F08FB2F90C108D05F1
:10C1B00018EE103A8AB23FF55DAE18EE105A986D3F
:10C1C000FEF7AEFDB5F90C108AB253E6002BD6D0BF
:10C1D0008DF884304FF001084FF000038DF83330B4
:10C1E000CDF8008021AC4FF0000B15F00203049352
:10C1F00018BF08F1020815F08403059305D1019BCF
:10C20000A3EB0806002E00F37F82DDE90F21501C0E
:10C210009DF833608EB10DF133020131C9F8002071
:10C2200007284FF00102CDE90F01C9F8042000F3FF
:10C230004C82024609F108090130049BEBB10DABB9
:10C240000231C9F8003007284FF00203CDE90F0191
:10C25000C9F8043040F35382002900F0238318EE1C
:10C26000101A18EE900A0EAAFFF7A2FD00288CD132
:10C27000DDE90F210DF14409501C059B802B00F0D6
:10C280005A81009BABEB0306002E00F3BD81009B9F
:10C29000C9F8004019440728CDE90F01C9F8043056
:10C2A00040F34681002900F0898218EE101A18EE3A
:10C2B000900A0EAAFFF77CFD00287FF466AF109964
:10C2C0000DF14409680705D5019BA3EB0804002C78
:10C2D00000F37E82DDE901234245ACBF9B18434455
:10C2E0000293002940F0E08100230F930DF14409EF
:10C2F000E6E593899A053FF54FAF18EE104AA06D19
:10C30000FEF710FDA38947E715F0100340F03E83C8
:10C3100015F0400200F0FD83039A52F8046B03927B
:10C320009846B6B2E8E656F8043B0396E80600F1F4
:10C330000883690640F1028343F3C0381EB24346C6
:10C3400078E6039E56F8044B4FF000038DF8333027
:10C35000002C00F0C583BBF1FF3F00F049835A4633
:10C3600000212046FEF754FD002800F02484031B22
:10C37000009303964FF0000B76E6039E4FF0000308
:10C380008DF833304FF0010856F8043B8DF88430B7
:10C390000396CDF8008021AC25E7FEF71FF960E594
:10C3A000039B53F8042B0192002A80F2BA82019A6F
:10C3B0000393524201923B7845F004059FE53B7898
:10C3C0006C2B03BF7B7845F02005013745F0100545
:10C3D00095E53B78682B03BF7B7845F40075013702
:10C3E00045F040058BE545F0100A1AF0200800F0F2
:10C3F0006E82039E073626F007063346D6F8048081
:10C4000053F8086B0393012379E63B788DF83340AA
:10C4100075E5039B53F8046B039330238DF8343098
:10C4200078238DF83530C24B069345F0020A4FF061
:10C430000008022363E6AE0600F19E82EC0600F1DE
:10C440004783680600F1A483A90540F14183039E58
:10C45000029A56F8043B03961A7031E53B7845F092
:10C4600001054CE59DF83330002B7FF4CEAD202341
:10C470008DF833303B7842E53B7845F080053EE56A
:10C48000394611F8013B2A2B00F0C483A3F1300296
:10C49000092A0F464FF0000B3FF632AD17F8013B6B
:10C4A0000BEB8B0B02EB4B0BA3F13002092AF5D9F6
:10C4B00026E5AA46012B3FF4CAAD022B3AAC12D1B5
:10C4C000069A06F00F033609D35C04F8013D46EAEC
:10C4D00008764FEA181856EA0803F2D13AAB1B1B4C
:10C4E00055460093C0E506F00703F60846EA48768D
:10C4F0004FEAD808303356EA0801224604F8013DD5
:10C50000F1D11AF0010FE9D0302BE7D03023023AF5
:10C5100004F8013C3AAB9B1A554600931446A3E538
:10C52000009911940123129110910F930DF1440978
:10C5300009F10809C6E6019BA3EB0806002E7FF768
:10C54000A0AE102E40F36283DFF8E8A15346CDE998
:10C550000445BA4618EE904A18EE105A0846964618
:10C560001F4607E00EF1020C09F108099646103E3D
:10C57000102E1FDD0EF1010210301023072ACDE925
:10C580000F20C9F80070C9F80430EBDD0EAA0028AE
:10C5900000F09580294620460DF14409FFF708FC7C
:10C5A00000287FF4F2ADDDE90FE0103E102E0EF111
:10C5B000010CDFDCDDE904453B46014657469A465F
:10C5C0003144BCF1070FCDE90FC1C9F800A0C9F88B
:10C5D000046040F3AD81002900F0CA8218EE101A01
:10C5E00018EE900A0EAAFFF7E3FB00287FF4CDAD0A
:10C5F000009BDDE90F21ABEB0306002E02F10100E9
:10C600000DF144097FF743AE102EDFF828A137DD86
:10C610005346CDE90445BA4618EE904A18EE105A32
:10C620004FF0100B084694461F4607E00CF1020E2F
:10C6300009F108099446103E102E1ADD0CF1010292
:10C640001030072AC9E9007BCDE90F20EEDD0EAAE4
:10C6500020B3294620460DF14409FFF7A9FB002825
:10C660007FF493ADDDE90FC0103E102E0CF1010EEA
:10C67000E4DCDDE904453B460146574670469A46F0
:10C6800031440728CDE90F01C9F800A0C9F80460BA
:10C6900000F3F28009F108090130F8E54FF0010ECE
:10C6A00084460DF14409C6E718EE101A18EE900AF8
:10C6B0000EAAFFF77DFB00283FF416AE65E54FF0AC
:10C6C000010C86460DF1440951E7002900F0E7808E
:10C6D00018EE101A18EE900A0EAAFFF769FB002850
:10C6E0007FF453ADDDE90F210DF14409501CA4E5A1
:10C6F00002210DAB1291119301200DF14409024664
:10C7000009F10809501CB8E5102E40F35A82DDE902
:10C710000FC1DFF824A0CDF828B00B95A34618EE82
:10C72000105A5446102318EE90AA08460EE000BF97
:10C730004CD10110F4D30110E4D301100CF1020E1E
:10C7400009F108099446103E102E1CDD0CF101027F
:10C750001030072AC9E90043CDE90F20EEDD0EAA0B
:10C7600030B3294650460DF14409FFF721FB00285C
:10C770007FF40BADDDE90FC0103E102E0CF1010E61
:10C780004FF01003E2DCA2460B9D5C46DDF828B0BA
:10C79000014672463144072ACDE90F21C9F800A0AD
:10C7A000C9F8046000F3AB8009F10809501C2FE5BB
:10C7B00084464FF0010E0DF14409C4E76C070F9158
:10C7C00052D5019BA3EB0804002C4DDD0DF144096B
:10C7D000102C40F30882DFF85CA40F9A0B46BB468E
:10C7E0004946574618EE109A18EE90AA102505E013
:10C7F000901C08313246103C102C18DD561C1033AA
:10C80000072EC1E90075CDE90F63F1DD0EAA3BB338
:10C8100049465046FFF7CCFA00287FF4B6ACDDE974
:10C820000F23103C102C02F1010011A9E6DC89460F
:10C83000BA4619465F4621440728C9E900A4CDE954
:10C840000F017FF747AD79B118EE101A18EE900A74
:10C850000EAAFFF7ADFA00287FF497AC109939E5DE
:10C8600001201A4611A9C6E7DDE901234245ACBF04
:10C870009B184344029337E500293FF451AE18EE6C
:10C88000101A18EE900A0EAAFFF792FA00287FF409
:10C890007CAC0F98109901300DF14409F7E4049B2A
:10C8A000002B79D101200A460DF14409E5E40F92ED
:10C8B0000DF1440951E4BBF1000F7FF4CDAB5546B7
:10C8C0004FF0000BCDF800B03AACFFF7CDBB1AF03B
:10C8D00010033CD11AF0400200F00C81039A52F888
:10C8E000046B03929846B6B2012308E42D237642E6
:10C8F0008DF8333068EB4808AA46012303E4002989
:10C900007FD018EE101A18EE900A0EAAFFF750FA10
:10C9100000287FF43AACDDE90F210DF14409501CE9
:10C9200076E403933B78FFF7EABA3AACFFF79CBB97
:10C9300009F108090CF101006246A2E4AA0500F120
:10C940002F814FEAE3781E464346FFF773BB039BF4
:10C9500053F8046B03930123FFF7D1BB079B002B14
:10C960003FF453AB079B1B78002B3FF44EAB3B7857
:10C9700045F48065FFF7C3BADDE9021656F8042BCB
:10C980000396CB17C2E90013FFF79ABA039B53F83B
:10C99000046B0393FFF7B0BB02210DAB129111930F
:10C9A0000DF14409ACE6A04A069215F0200836D0F5
:10C9B000039E073626F007063246D6F8048052F862
:10C9C000086B0392EA0709D556EA080206D08DF8EB
:10C9D0003530302345F002058DF8343025F4806A77
:10C9E0000223FFF78CBBAA46FFE4904A0692DCE7DD
:10C9F00020460396F9F7A4F84FF0000B0090FFF7DC
:10CA000033BB9DF83320002A00F0B88001200DF1DF
:10CA10003302129011920DF14409014609E415F018
:10CA2000100242D0039A52F8046B0392CAE70AF448
:10CA30008063CDF800B0CDF81090BB46DDF81C90B7
:10CA400000253AAC1F4609E03046414601F02AF97C
:10CA50000A2E78F100031BD306468846304641462D
:10CA60000A22002301F01EF91146303104F8011C9E
:10CA70000A220023013C0135002FE5D099F800106F
:10CA8000A942E1D1FF2DDFD00A2E78F100035BD25D
:10CA90003AAB1B1BCDF81C905F46DDF81090DDF81B
:10CAA00000B000935546FFF7DFBA15F040013ED0C5
:10CAB000039951F8046B03919046B6B282E7AA46F7
:10CAC000FFF7C5BA012BAA467FF4F7ACFFF7C4BA4B
:10CAD000039E029A56F8043B1A600396FFF7F0B9DA
:10CAE0005B46062B28BF0623514C009303969846BD
:10CAF000FFF779BB039B1AF4007814BF53F8046B5B
:10CB000053F8046B03931CBF9046F6B20123FFF762
:10CB1000F6BA039B15F4007814BF53F8046B53F86E
:10CB2000046B03931CBF9046F6B2FFF7E5BA039A75
:10CB300015F4007814BF52F8046B52F8046B03929A
:10CB40001CBF8846F6B23DE7099B0899E41A1A46CD
:10CB50002046FFF77FF899F801300BB109F1010980
:10CB6000304641460A220023002501F09BF873E776
:10CB700001200A460DF14409FFF783BB049B002BFB
:10CB80007FF4B6AD0A4601200DF14409FFF779BBE9
:10CB9000039E029A56F8043B03961A80FFF790B959
:10CBA00043F3C0185EB24346FFF744BA886DFEF700
:10CBB000B9F8FFF784BACDF800B003968346FFF7C3
:10CBC00053BA0F9A1099DFF86CA00132E2E518EE23
:10CBD000101A18EE900A0EAAFFF7EAF800283FF4A0
:10CBE000D2AAFFF7D2BA0F98DFF848A0013022E6A8
:10CBF0006B6EDB0705D4AB899F0502D4A86DFEF7E9
:10CC000091F84FF0FF330293FFF7C9BADFF828A07D
:10CC10008446D5E4039A7B780F4652F8041B0392AE
:10CC200041EAE17BFFF76BB960D101104CD10110F3
:10CC300074D10110E4D30110F4D3011070B50C4687
:10CC40008989ADF58E6D21F00201ADF81410616E89
:10CC50001B91E189ADF81610E1690991616A0B91A8
:10CC60001CA9029106914FF4806106460491079138
:10CC700018A80021CDE900320891FEF74DF8DDE952
:10CC8000003202A93046FFF7DBF8051E07DB02A9D8
:10CC90003046FDF76FFC002818BF4FF0FF35BDF898
:10CCA00014305B0603D5A38943F04003A381189891
:10CCB000FEF734F828460DF58E6D70BDF8B50D46BB
:10CCC0001446064610B1836B002B43D0B4F90C20F8
:10CCD000A369A360170790B21BD52369CBB1EDB24E
:10CCE00081042F4622D522686169D31A994229DD31
:10CCF0000133A1680139A160511C2160157062697E
:10CD00009A422AD0A389DB0701D50A2D25D03846BF
:10CD1000F8BD21463046FCF7EDFA20BBB4F90C20F3
:10CD2000236990B2EDB281042F46DCD442F4005264
:10CD3000A281626E616922F4005262662268D31A8F
:10CD40009942D5DC21463046FDF714FC58B92268DB
:10CD50000123CEE7FDF742FCB8E721463046FDF758
:10CD600009FC0028D3D04FF0FF37D0E738B50C4688
:10CD7000084D8446114620461A4600232B6064461F
:10CD8000F4F7E0F9431C00D038BD2B68002BFBD032
:10CD9000236038BD0C1601202DE9F047DFF880A094
:10CDA0000646DAF8000098460F469146FDF7B8FFB0
:10CDB0001A4B1B68D3F8484124B365681F2D26DC45
:10CDC0005EB96B1C0235DAF80000636044F8257028
:10CDD000FDF7A8FF0020BDE8F08704EB85010123E3
:10CDE000C1F88890D4F88821AB401A43022EC4F8C9
:10CDF0008821C1F80881E4D1D4F88C211343C4F808
:10CE00008C31DEE703F5A674C3F84841D5E7DAF8BC
:10CE10000000FDF787FF4FF0FF30DCE738D101104D
:10CE2000B808002000B50B4C25681446EE681A4679
:10CE300085B003460D464CB107490095CDE9011474
:10CE40003046064900F0C2F800F0F8F904490C46F3
:10CE5000F3E700BF7800002004D4011014D40110BF
:10CE60002CCA011038B5A1FB02148CBBF8F7DEF90F
:10CE70000546E0B150F8042C22F00302043A242ABB
:10CE800017D8132A1AD91B2AC0E900441DD9242A0D
:10CE900014BF00F1100200F118024FF00003C0E9C6
:10CEA000024404BF04614461C2E900339360284630
:10CEB00038BD2146F8F704FD284638BD0246002358
:10CEC000C2E900339360284638BD00F10802F6E756
:10CED000F8F772F90C2300250360E8E738B5074D31
:10CEE0000022044608462A60F4F7F4F8431C00D0F8
:10CEF00038BD2B68002BFBD0236038BD0C160120F9
:10CF000070B500294BD006460C4610B1836B002B40
:10CF100048D0636ED80734D5B4F90C30002B3ED01E
:10CF200021463046FDF78EFAE36A054633B1E169E2
:10CF3000304698470028B8BF4FF0FF35A3891A063E
:10CF40003BD4216B41B104F14003994202D03046F9
:10CF5000FDF73CFC00232363616C21B13046FDF7F3
:10CF600035FC00236364FDF7BFFB636E0022DB0723
:10CF7000A28127D5A06DFDF7D1FEFDF7BBFB2846AA
:10CF800070BDA3899905CBD4A06DFDF7C9FEB4F996
:10CF90000C30002BC4D1656E15F0010508D00025BA
:10CFA000284670BDFDF71AFB636ED807B4D4E8E7D6
:10CFB000A06DFDF7B7FE284670BD21693046FDF72C
:10CFC00005FCBEE7A06DFDF7ADFED3E70EB410B5CE
:10CFD00083B005AB064C53F8042B0193014620683F
:10CFE000FEF72EFF03B0BDE8104003B0704700BF4E
:10CFF000780000202DE9F04782B08246884614462A
:10D0000000F0A8F8012803D108F1FF33FE2B36D930
:10D01000424604F15C0301A9504600F0E3F8421CCB
:10D02000064632D030B39DF804C00DF10509002545
:10D0300009E023685A1C226083F800C00135B5421C
:10D0400018D219F801CBA368013B002BA360F0DADA
:10D05000A769BB4261462246504602DBBCF10A0F7B
:10D06000E7D1FFF72BFE431CE8D10646304602B05D
:10D07000BDE8F0874646304602B0BDE8F0875FFA6B
:10D0800088FC8DF804C00646CFE7A389304643F0FC
:10D090004003A38102B0BDE8F08700BF30B5536EF6
:10D0A00013F0010FB2F90C30144683B005469AB262
:10D0B00001D198051CD5900406D4626E43F4005348
:10D0C00042F40052A381626622462846FFF792FF8F
:10D0D000636EDA07054602D4A3899B0502D528466C
:10D0E00003B030BDA06DFDF71DFE284603B030BD76
:10D0F000A06D0191FDF714FEB4F90C3001999AB2BC
:10D10000D9E700BF70B50C46084D034600262046FF
:10D1100011461C462E60F3F7E9FF431C00D070BD9A
:10D120002B68002BFBD0236070BD00BF0C160120C4
:10D1300038B5074D0022044608462A60F3F7CEFFB3
:10D14000431C00D038BD2B68002BFBD0236038BDBA
:10D150000C160120014B93F828017047BC080020F1
:10D1600038B50C46084D8446114620461A46002321
:10D170002B606446F3F7B6FF431C00D038BD2B6824
:10D18000002BFBD0236038BD0C16012082B049B1C2
:10D190005AB16BB113780B601278101E18BF0120C2
:10D1A00002B0704701A9002AF3D1104602B07047BF
:10D1B0006FF00100F4E700BF38B50C46084D844617
:10D1C000114620461A4600232B606446F3F792FF6F
:10D1D000431C00D038BD2B68002BFBD0236038BD2A
:10D1E0000C16012070B5054684B01C4639B10B4EB3
:10D1F000D6F8E060B047431C09D004B070BD0A46C1
:10D200000649D1F8E06001A9B047431CF5D10022DE
:10D210008A2322602B6004B070BD00BFBC080020D0
:10D2200049B1FF2A02D80A70012070478A2303609F
:10D230004FF0FF3070470846704700BF08B5062022
:10D2400000F004F8012000F047F800BF38B5154B96
:10D250001F281D6820D8D5F8DC22044662B152F898
:10D2600020304BB1012B15D0591C0FD0002542F8AE
:10D2700020509847284638BD284600F02BF8224613
:10D2800001462846BDE8384000F00EB816232B6052
:10D29000012038BD002038BD16232B604FF0FF3031
:10D2A00038BD00BF7800002070B50C46084D03461D
:10D2B0000026204611461C462E60F5F7CBFA431C8B
:10D2C00000D070BD2B68002BFBD0236070BD00BF69
:10D2D0000C160120F5F7BABAFEE700BF81F0004155
:10D2E00002E000BF83F0004330B54FEA41044FEA4B
:10D2F000430594EA050F08BF90EA020F1FBF54EAE6
:10D30000000C55EA020C7FEA645C7FEA655C00F081
:10D31000E2804FEA5454D4EB5555B8BF6D420CDD52
:10D320002C4480EA020281EA030382EA000083EAD5
:10D33000010180EA020281EA0303362D88BF30BD75
:10D3400011F0004F4FEA01314FF4801C4CEA1131CB
:10D3500002D0404261EB410113F0004F4FEA03332A
:10D360004CEA133302D0524263EB430394EA050FB5
:10D3700000F0A780A4F10104D5F1200E0DDB02FA24
:10D380000EFC22FA05F2801841F1000103FA0EF2B8
:10D39000801843FA05F359410EE0A5F120050EF17E
:10D3A000200E012A03FA0EFC28BF4CF0020C43FAAF
:10D3B00005F3C01851EBE37101F0004507D54FF0BC
:10D3C000000EDCF1000C7EEB00006EEB0101B1F50C
:10D3D000801F1BD3B1F5001F0CD349085FEA300052
:10D3E0004FEA3C0C04F101044FEA445212F5800F5D
:10D3F00080F09A80BCF1004F08BF5FEA500C50F1FA
:10D40000000041EB045141EA050130BD5FEA4C0CDC
:10D41000404141EB0101013C28BFB1F5801FE9D239
:10D4200091F0000F04BF01460020B1FA81F308BF5C
:10D430002033A3F10B03B3F120020CDA0C3208DD28
:10D4400002F1140CC2F10C0201FA0CF021FA02F103
:10D450000CE002F11402D8BFC2F1200C01FA02F173
:10D4600020FA0CFCDCBF41EA0C019040E41AA2BF98
:10D4700001EB0451294330BD6FEA04041F3C1CDA60
:10D480000C340EDC04F11404C4F1200220FA04F080
:10D4900001FA02F340EA030021FA04F345EA03012A
:10D4A00030BDC4F10C04C4F1200220FA02F001FAEC
:10D4B00004F340EA0300294630BD21FA04F029466E
:10D4C00030BD94F0000F83F4801306BF81F4801107
:10D4D0000134013D4EE77FEA645C18BF7FEA655C7A
:10D4E00029D094EA050F08BF90EA020F05D054EA4C
:10D4F000000C04BF1946104630BD91EA030F1EBF51
:10D500000021002030BD5FEA545C05D14000494154
:10D5100028BF41F0004130BD14F580043CBF01F547
:10D52000801130BD01F0004545F0FE4141F470012D
:10D530004FF0000030BD7FEA645C1ABF1946104608
:10D540007FEA655C1CBF0B46024650EA013406BF09
:10D5500052EA033591EA030F41F4002130BD00BFC8
:10D5600090F0000F04BF0021704730B54FF4806485
:10D5700004F132044FF000054FF0000150E700BF06
:10D5800090F0000F04BF0021704730B54FF4806465
:10D5900004F1320410F0004548BF40424FF0000152
:10D5A0003EE700BF42004FEAE2014FEA31014FEA95
:10D5B00002701FBF12F07F4393F07F4F81F06051E4
:10D5C000704732F07F4208BF704793F07F4F04BF2F
:10D5D00041F40021704730B54FF4607401F000450C
:10D5E00021F000411CE700BF50EA010208BF70476C
:10D5F00030B54FF000050AE050EA010208BF70475D
:10D6000030B511F0004502D5404261EB41014FF4C5
:10D61000806404F132045FEA915C3FF4D8AE4FF0CD
:10D6200003025FEADC0C18BF03325FEADC0C18BFB0
:10D63000033202EBDC02C2F1200300FA03FC20FA01
:10D6400002F001FA03FE40EA0E0021FA02F114444E
:10D65000BDE600BF70B54FF0FF0C4CF4E06C1CEA67
:10D6600011541DBF1CEA135594EA0C0F95EA0C0FD8
:10D6700000F0DEF82C4481EA030621EA4C5123EA4B
:10D680004C5350EA013518BF52EA033541F480117A
:10D6900043F4801338D0A0FB02CE4FF00005E1FB2D
:10D6A00002E506F00042E0FB03E54FF00006E1FB77
:10D6B00003569CF0000F18BF4EF0010EA4F1FF04BA
:10D6C000B6F5007F64F5407404D25FEA4E0E6D41FA
:10D6D00046EB060642EAC62141EA55514FEAC5200B
:10D6E00040EA5E504FEACE2EB4F1FD0C88BFBCF587
:10D6F000E06F1ED8BEF1004F08BF5FEA500E50F138
:10D70000000041EB045170BD06F0004646EA0101FD
:10D7100040EA020081EA0301B4EB5C04C2BFD4EB2F
:10D720000C0541EA045170BD41F480114FF0000E28
:10D73000013C00F3AB8014F1360FDEBF002001F096
:10D74000004170BDC4F10004203C35DA0C341BDC10
:10D7500004F11404C4F1200500FA05F320FA04F0E2
:10D7600001FA05F240EA020001F0004221F0004116
:10D7700010EBD37021FA04F642EB06015EEA430E89
:10D7800008BF20EAD37070BDC4F10C04C4F12005B9
:10D7900000FA04F320FA05F001FA04F240EA02006C
:10D7A00001F0004110EBD37041F100015EEA430E3D
:10D7B00008BF20EAD37070BDC4F1200500FA05F25D
:10D7C0004EEA020E20FA04F301FA05F243EA0203DC
:10D7D00021FA04F001F0004121FA04F220EA0200EB
:10D7E00000EBD3705EEA430E08BF20EAD37070BD31
:10D7F00094F0000F0FD101F00046400041EB010111
:10D8000011F4801F08BF013CF7D041EA060195F0F2
:10D81000000F18BF704703F00046520043EB0303AC
:10D8200013F4801F08BF013DF7D043EA0603704799
:10D8300094EA0C0F0CEA135518BF95EA0C0F0CD0A4
:10D8400050EA410618BF52EA4306D1D181EA0301EA
:10D8500001F000414FF0000070BD50EA410606BFE4
:10D860001046194652EA430619D094EA0C0F02D129
:10D8700050EA013613D195EA0C0F05D152EA03366E
:10D880001CBF104619460AD181EA030101F000418C
:10D8900041F0FE4141F470014FF0000070BD41F0D5
:10D8A000FE4141F4780170BD70B54FF0FF0C4CF4AF
:10D8B000E06C1CEA11541DBF1CEA135594EA0C0FCE
:10D8C00095EA0C0F00F0A7F8A4EB050481EA030E1B
:10D8D00052EA03354FEA013100F088804FEA033302
:10D8E0004FF0805545EA131343EA12634FEA0222D0
:10D8F00045EA111545EA10654FEA00260EF0004191
:10D900009D4208BF964244F1FD0404F5407402D2E2
:10D910005B084FEA3202B61A65EB03055B084FEA73
:10D9200032024FF480104FF4002CB6EB020E75EB70
:10D93000030E22BFB61A754640EA0C005B084FEA98
:10D940003202B6EB020E75EB030E22BFB61A754615
:10D9500040EA5C005B084FEA3202B6EB020E75EB60
:10D96000030E22BFB61A754640EA9C005B084FEAD8
:10D970003202B6EB020E75EB030E22BFB61A7546E5
:10D9800040EADC0055EA060E18D04FEA051545EAD4
:10D9900016754FEA06164FEAC30343EA52734FEA7D
:10D9A000C2025FEA1C1CC0D111F4801F0BD141EAF6
:10D9B00000014FF000004FF0004CB6E711F4801F5B
:10D9C00004BF01430020B4F1FD0C88BFBCF5E06F3B
:10D9D0003FF6AFAEB5EB030C04BFB6EB020C5FEA4B
:10D9E000500C50F1000041EB045170BD0EF0004EA0
:10D9F0004EEA113114EB5C04C2BFD4EB0C0541EAD2
:10DA0000045170BD41F480114FF0000E013C90E6CE
:10DA100045EA060E8DE60CEA135594EA0C0F08BF92
:10DA200095EA0C0F3FF43BAF94EA0C0F0AD150EA91
:10DA300001347FF434AF95EA0C0F7FF425AF104624
:10DA400019462CE795EA0C0F06D152EA03353FF44C
:10DA5000FDAE1046194622E750EA410618BF52EAC9
:10DA600043067FF4C5AE50EA41047FF40DAF52EA9D
:10DA700043057FF4EBAE12E74FF0FF3C06E000BF3A
:10DA80004FF0010C02E000BF4FF0010C4DF804CD47
:10DA90004FEA410C7FEA6C5C4FEA430C18BF7FEA07
:10DAA0006C5C1BD001B050EA410C0CBF52EA430C35
:10DAB00091EA030F02BF90EA020F0020704710F1B5
:10DAC000000F91EA030F58BF994208BF90422CBF44
:10DAD000D8176FEAE37040F0010070474FEA410C3D
:10DAE0007FEA6C5C02D150EA013C07D14FEA430C5B
:10DAF0007FEA6C5CD6D152EA033CD3D05DF8040BCC
:10DB0000704700BF8446104662468C4619466346FD
:10DB100000E000BF01B5FFF7B7FF002848BF10F1D4
:10DB2000000F01BD4DF808EDFFF7F4FF0CBF012019
:10DB300000205DF808FB00BF4DF808EDFFF7EAFF95
:10DB400034BF012000205DF808FB00BF4DF808ED50
:10DB5000FFF7E0FF94BF012000205DF808FB00BF45
:10DB60004DF808EDFFF7CEFF94BF012000205DF8CF
:10DB700008FB00BF4DF808EDFFF7C4FF34BF0120DC
:10DB800000205DF808FB00BF4FEA410C7FEA6C5CA7
:10DB900002D150EA013C0AD14FEA430C7FEA6C5CA7
:10DBA00002D152EA033C02D14FF0000070474FF01F
:10DBB000010070474FEA410212F5001215D211D54B
:10DBC0006FF47873B3EB625212D94FEAC12343F07A
:10DBD000004343EA505311F0004F23FA02F018BFFC
:10DBE000404270474FF00000704750EA013005D1C5
:10DBF00011F0004008BF6FF0004070474FF0000088
:10DC0000704700BF7BB972B90029BEBF00204FF03A
:10DC1000004106E008BF00281CBF6FF000414FF034
:10DC2000FF3000F0BFB9ADF1080C6DE904CE00295A
:10DC300009DB002B1ADB00F04DF8DDF804E0DDE92C
:10DC4000022304B07047404261EB4101002B1BDB13
:10DC500000F040F8DDF804E0DDE9022304B04042C2
:10DC600061EB4101524263EB43037047524263EB65
:10DC7000430300F02FF8DDF804E0DDE9022304B0EF
:10DC8000404261EB41017047524263EB430300F0B5
:10DC900021F8DDF804E0DDE9022304B0524263EB31
:10DCA0004303704753B94AB9002908BF00281CBF75
:10DCB0004FF0FF314FF0FF3000F074B9ADF1080CB8
:10DCC0006DE904CE00F006F8DDF804E0DDE902239A
:10DCD00004B070472DE9F047089D04468E46002B9E
:10DCE0004DD18A42944669D9B2FA82F252B101FA10
:10DCF00002F3C2F1200120FA01F10CFA02FC41EA20
:10DD0000030E94404FEA1C48210CBEFBF8F61FFAA4
:10DD10008CF708FB16E341EA034306FB07F199423F
:10DD20000AD91CEB030306F1FF3080F01F819942F2
:10DD300040F21C81023E63445B1AA4B2B3FBF8F0CC
:10DD400008FB103344EA034400FB07F7A7420AD953
:10DD50001CEB040400F1FF3380F00A81A74240F27B
:10DD600007816444023840EA0640E41B00261DB1E6
:10DD7000D4400023C5E900433146BDE8F0878B421B
:10DD800009D9002D00F0EF800026C5E900013046DA
:10DD90003146BDE8F087B3FA83F6002E4AD18B42B4
:10DDA00002D3824200F2F980841A61EB030301205E
:10DDB0009E46002DE0D0C5E9004EDDE702B9FFDE4A
:10DDC000B2FA82F2002A40F09280A1EB0C014FEAF5
:10DDD0001C471FFA8CFE0126200CB1FBF7F307FB52
:10DDE000131140EA01410EFB03F0884208D91CEBF5
:10DDF000010103F1FF3802D2884200F2CB80434692
:10DE0000091AA4B2B1FBF7F007FB101144EA014470
:10DE10000EFB00FEA64508D91CEB040400F1FF31FF
:10DE200002D2A64500F2BB800846A4EB0E0440EAED
:10DE300003409CE7C6F12007B34022FA07FC4CEAF6
:10DE4000030C20FA07F401FA06F31C43F9404FEAE9
:10DE50001C4900FA06F3B1FBF9F8200C1FFA8CFEFE
:10DE600009FB181140EA014108FB0EF0884202FA52
:10DE700006F20BD91CEB010108F1FF3A80F0888013
:10DE8000884240F28580A8F102086144091AA4B2D0
:10DE9000B1FBF9F009FB101144EA014100FB0EFE51
:10DEA0008E4508D91CEB010100F1FF346CD28E4580
:10DEB0006AD90238614440EA0840A0FB0294A1EB11
:10DEC0000E01A142C846A64656D353D05DB1B3EB6E
:10DED000080261EB0E0101FA07F722FA06F3F1409E
:10DEE0001F43C5E9007100263146BDE8F087C2F145
:10DEF0002003D8400CFA02FC21FA03F391400143BD
:10DF00004FEA1C471FFA8CFEB3FBF7F007FB1036F5
:10DF10000B0C43EA064300FB0EF69E4204FA02F4A1
:10DF200008D91CEB030300F1FF382FD29E422DD9F4
:10DF3000023863449B1B89B2B3FBF7F607FB163329
:10DF400041EA034106FB0EF38B4208D91CEB0101A9
:10DF500006F1FF3816D28B4214D9023E6144C91A29
:10DF600046EA004638E72E46284605E70646E3E639
:10DF70001846F8E64B45A9D2B9EB020864EB0C0E43
:10DF80000138A3E74646EAE7204694E74046D1E752
:10DF9000D0467BE7023B614432E7304609E7644400
:10DFA000023842E7704700BF0000185076010000B9
:10DFB0002F350ADFF3BFED0B3FFDF1F8FB01183BF6
:10DFC000F9F6E6F3F3081003F5F0A62602F911417D
:10DFD000E5D506D8201DE40B05E0E621370B071137
:10DFE0000E0709DE10072FF5F5F92203070CE8D11B
:10DFF000D1F6C924F8DDD913F8122BF6D534DF5841
:10E00000323C24D3DE1D3CEDE7F60606C7E3282F9D
:10E010002313DAF7022FDE3331F2300DE2D0E501BF
:10E02000D802EB01121AFA040AE4F7D5261D34FAD5
:10E0300012FCCFEB1002E8DF0340D3B0C8F73F2655
:10E04000EADCDC021E0E06E5E8EFF0F8F5F705FF66
:10E05000E8F8FFF9FCF104E9F70405F9E9FCF6FA40
:10E060000AEEE9F8D7F2F1F60CF7ED040703F50C28
:10E0700006060B10F1EB042BDB06F8FE091E0F0B56
:10E08000F205F1E902F30B0A1701EDF9F7F2F310CB
:10E09000E6EFF115F7E9EBE8E7FEE409F2FAEB1930
:10E0A000FD02F801D1F0EAFC03F206E60C02FC01E5
:10E0B000030008FF0103DF00EC02E104F0F5F8E6DD
:10E0C000E1E5F5FEDFD500FF1110F5E7FAD6FCC952
:10E0D00001190EEF231D21070A0504F0F612E6E3ED
:10E0E0000A0BEF0D0500121A0D101D08101D2B0E46
:10E0F000141137080701EDDD0DDFE9EAF8E310132D
:10E10000FF06F2F0181D0C191A07F0FA06F9ECEAEE
:10E11000D8D90A0D07FBE1EDF6E0FA16D0EEE2EDF4
:10E1200009EE0AE8FEE9F6F0D900F7EA02F3EDEAB3
:10E13000F9F4EFEEE401F6E20A10FBE0E00604FD7C
:10E14000FFF6E6010CF6FDFA311B09FCE923271F57
:10E15000FA09FEEEFEECE8F6F2F2F1F9EF11F6EC58
:10E160000EF805FFD9E8D7EBF21E11F4EFFA17FD10
:10E1700010F6FEFF050107F503F411DC07160F0783
:10E18000040010210E171106E8F9EF33FDE6E60250
:10E1900001F6F304F5EFFD01FEFAFB0817F60EF4A5
:10E1A000EC1E14281BFA01FBF6F9FF04EDFBF7FE49
:10E1B00021F4E5E3FBFCECECFB0CEE0C1B03160A74
:10E1C000F5F70325F8D8FC0BDDEBF604FC02FFEDB8
:10E1D0002310DFE4FAE7EAFEFFD9DF1EFEFFE4E3E7
:10E1E0000124E9F201FDFD0C1205F2F9120FF8EB22
:10E1F000FF12F80EE2E2F10610130FBEFBF90B233B
:10E20000FFEB15FBEEECD3F4E1E7F7E9FA0DF5F8D7
:10E21000FCFF06C2F11A040A03F9E109EFF7EBE289
:10E22000ECE2DCDD001617F0F8E1DD0AFB0B00EE96
:10E2300000EA0AFA0EFE0B08F40AE5F2E8FEDEE751
:10E240000F0B28F20623F20EFEE21304E4E2EBE9E0
:10E25000FEE4EAF6F3F400E1FE16EDFADAE8F6027F
:10E26000ECD4FDF2EA04020D10E2FAF70C22ECF80D
:10E27000041428000E08EDFD0509F40C0818FA1125
:10E280000EF2ED18FDF3DD1BFC11F3FAE2F90D07B8
:10E2900009F8FA12DF06F81E161206E107E7DBF4AA
:10E2A000E80811F612F705FC2B03F702113F180ED0
:10E2B00015EDF2F3E4DFFA220CF7DA11F9050A0F93
:10E2C000FBE4F8E726201F41E1180803F5030DFCE5
:10E2D0000D1FE303FDFE0B0837F008142105F6FEC1
:10E2E000E9DBD0000DE8EE1CFF12E8262C04090241
:10E2F000F2E6F8060F14EDF803ECE2F603F0000185
:10E3000000E71D00E9E702D3E9D2EB12F1E717E8D5
:10E3100016060C17201BF31804F7D31306D3DC0CD6
:10E320001514ED1C1BF4000D0A0CE60DD0EBE21EDB
:10E33000031919FA01F2EE04D61304FF0D0311E5D7
:10E3400010D0F01800F3CF0D1907E90B1AE6000BF7
:10E350002DE1F400F7F813FE0D000ADD25EFFF1F95
:10E36000F2D414FE0904EDF00503020412FD1C06AC
:10E370001B0B2C0C0BEDF6E2E9FCE304FEF20004AF
:10E38000EE1AFD0C0E04301608F4F406F5D7EE1B59
:10E3900011FF1AF505E3F3F2311BEF02F1E14BE84F
:10E3A000F3290205FA0E11F008F4F70D34F81CDF1A
:10E3B00017122DE4FD0315E211E8EF18F0E30BDD71
:10E3C0001CC7D0EC030E200FE400F6F8D40BDA16CD
:10E3D00002EF0F053705C604E1FF2004E9FAF2F465
:10E3E000E00EED103D0DF50F0B1B07101F190C175C
:10E3F0000D0F1EF1E51D164119E9F1CEF5E605FFF9
:10E400000DF502F9E7FD08F007EE1C10F1190FFDFC
:10E41000F3DCFBE506EDE719EC090901F6F4ED0282
:10E42000F70205CDFA080202F5EAF4EB0C0A0DFA40
:10E4300023FB051711FD02EEFF053AE406460DEB3E
:10E4400009BE02E000E4FF10FA07FCF503E7F6FE60
:10E45000EEF921F1F8DE020BEE1A13F237171A0269
:10E460000F260D04FDECF617EE0100E407DC06159F
:10E47000051B171004FCE90FEF1E0EEB18DB08025A
:10E48000FFE3F8F9FF0B1D0FE51EE8EFF7040104A9
:10E49000EE0AFB15F94215C808044E080AEC09EC0F
:10E4A000DE07E5F3ECF1F10719200E05FDEAD808C7
:10E4B0000DCAF0DE2A08F6040613CCD8E105F2E016
:10E4C000F5E9E10512110B2011FA0EE8191CF2E131
:10E4D000F32B2923F9F730FA0A342337E6F2EEFA60
:10E4E0002A20FFF9ED050BF9E9E0CDE9E8F3E3DCDB
:10E4F0000FFFFEE8E6F5E8DAFFF412FE00F211E79E
:10E50000CADEDAE51FE8CFD2EBE6E3F0D7E9E6E0D2
:10E510000307E9FAD5D4D4D2042BF3D8000D1400A4
:10E52000321A181314F717382B0A01F30D1C1BFAB3
:10E53000F5E4F30BDEEAED0A080AF8E61C29FE080A
:10E54000FF1103F7E7F31926011120311A0CFDDE44
:10E550001004DFF8F5DDD1F208FF01FCE5D7F51670
:10E5600001D514DE1819120107E2E202FBFDFB05DA
:10E57000ECFC1F36070BF50D1115FC130000000C09
:10E58000D500000000001D1000401850760100006A
:10E59000D8F916340FEFEC1C08C1EFF049FCF8C4B1
:10E5A000282EDEFFF5ECF811092C063DE4DB21DA1C
:10E5B000FDE6D5F3F3F0DDF4F1EDFB03E6CDDE018E
:10E5C000F5EFDD041D221BEC0DD809FA13ECCBE4AA
:10E5D00015CA04F7290C43F90E09DB50D8B3E6E558
:10E5E0001FF904EFF34FC1C626F8DDCEEE2A23EF64
:10E5F000F310142EF4EDD6FF3C15C5CC14E31ECB5E
:10E60000F4F1F1350C250B14F0EDF4C82837F608B9
:10E61000F5C7FDFAF9EEE51C1A0DF1EC0402202D08
:10E62000FF1EF803F8FA1008FFF30E2806FFFA069B
:10E63000F2EAF304F5E9FCFB0F11F7F7FF0A03FF19
:10E64000EE160C14EAE703FEFAFD0BF5F1FAF2F808
:10E650000EE1EAF7F01EE7FCF4F8DE0E03F3020425
:10E660000103FFFD18080D09FB0B00F7E705F6F4A1
:10E6700003070704220A0F1504000712E6EDF8F756
:10E68000F0F0F1E9290DEB13FB12F917DD03EFDDD3
:10E690000CFF291002E91FF808F6FF041D28FA03F1
:10E6A00001FFEE00FAF6C5F900E700D51B190208D4
:10E6B000121AFBDEF91502F9EAF9031111F90F0735
:10E6C000F1F7E00DFFE70E04030A0DF7F8FF0CF574
:10E6D000F900FB04080DDF0807ED0415F5F2E1F67B
:10E6E0000EFDF71AFEFB07FE1D062407E7F3F90CE3
:10E6F000C7EFEB07F00FE3011DF5F801EEF9010795
:10E70000020C03F10807F4E7EB19FE2B080CF8E004
:10E710001FE1D2E9F01CFD13F608130DF10B1904EB
:10E72000F8F5FEF4F61502E7FBE8E6FAFAE8FAF681
:10E73000EDF2D4EDFAFCEFF2D8F6E508EFEAFB05CE
:10E74000E616F4E8F7E7031B1510FB280E08F6049D
:10E75000101909FDF60AF6FB0AEEF9EB0300F612B2
:10E7600000EFDCF7F515E4F9FDD00209EE03E01641
:10E77000FE03EFFF07E50D1011EFED0E0503E905B0
:10E78000D7E5F2E1EFD9EAE2FDE9220606F6DD0F70
:10E790000BFB020029F7E802F1F4F0E9EB04F7FEC5
:10E7A000E7FB0BF2E41108FEFBF60D08F1EAF8F4C2
:10E7B0000EFCF1F2EE0FED0FF506F7F61B00EFEC95
:10E7C000F413F416F7F7ED0006FDDA05F4FC05F591
:10E7D0000DEFEFF7F6EE0505DD0EF118FEE7DA09AD
:10E7E0000226F5E1EAF3F802FA0CFDF90407020744
:10E7F00006FD0418EFFCD9E5EAF1FE001AE812EB79
:10E80000F90A0BFA0400FFF40F03FC0FE81ADCF618
:10E81000F311F8F4EC03FBF5040A0303ED0603F42B
:10E82000F3FAF4F21A0107F00F10110CF406F2FAE1
:10E8300004FAED11011518FFE9FEF31E0CEB0D159E
:10E84000F4060FF7F5E602E4F7F4E9FCE3D9E6098C
:10E85000E9EBE6EE0700F302ED10FAFB0E1C22F2E4
:10E86000F710E80CF9F81102F21D3C08DBE2213543
:10E870000306D6FE0D0A051B2915120108EADF1052
:10E880000CFA0BE700F8EAE71B010C251CFEFD1152
:10E89000FE13FB050FF5D4DAEAF00AD8DDEA050D20
:10E8A000CEEBDCF7260801E9091F01F11419F7F98D
:10E8B0002022FBFBDAF7CFF714F12D04F003F4D696
:10E8C000F7EDE4E3EAE4FEF0EB04C30E0A151EF6EE
:10E8D000F4F7E713FFFF0CEAF20104FDF1FCF20E7E
:10E8E00022F40C1FE5EB10EFF22EFAD4D0F5230240
:10E8F0000800FE22F1F61AFE0BE2FC12CAEBFD1331
:10E90000E113FEFD0A03092402E6BBE4010524032A
:10E91000F1262D180CC21EFDD4EF17D4FA0DF8F411
:10E9200001D7F9F3EDEDF0F8EAE20FF10BF8E5F2BB
:10E930000AEB0613CFF21BE7DB1AF8E4F4FE0E1B1A
:10E9400002FBF101D7F7F6FF02230BF716001B11AC
:10E95000DB06F51426E9050905EA12021B01F81683
:10E960001FE0F918D4EEE20AFD1C16F1F5F6D6F810
:10E97000F1FB2804F3E2ECFAFBF0F216FE00F500DE
:10E98000EBEAF70BF7162308E722FD1A0BF101FE5D
:10E99000DDEB022FE70D1FF30F131508F00CFCF54C
:10E9A000FC16EBF7CF0916DC1719002124E1020E43
:10E9B000F31503DE16CEFF1B110CF6E0EBEB1EF297
:10E9C0001CF5DB1113E7FEEC21F0060D03F9020044
:10E9D000F3E5EDF904080EFD07F112EF1AEEFA1C4B
:10E9E000E6F2FBD00ADA4E1407050AFE1FF9FE0D07
:10E9F00013E4F5F319F9DAEE07FAF1F7E306F9FE95
:10EA0000080405F6F8E7F81C0AFF243911FAF402A5
:10EA1000300B0710EC2FFF1E0036EC0B120601F82E
:10EA2000100DE920D604E402FDDD02E8FFD91F0045
:10EA3000EDEDCE06E0F5E7111502EBECF4E407E5A9
:10EA40001B07F3F90D04E90105EDF516FE0BD0F2F5
:10EA500008CB17080824DF07E40FF4F4EA2E04308B
:10EA60002A272310E5130613360BC1F412F0D72220
:10EA7000F4EFF1ECEDDE18FDF6DFFA35EEEBFAF12E
:10EA800029EC370CF1DB0FDAF2E4EB0C1800FE197D
:10EA900005EC080B070FE607EE2305F60D26F30637
:10EAA000052519DCF214160BFFDDDF07F0ECEC0096
:10EAB000EFC7F2EEEFDBDFF6DCDBE1F3FADACBBE39
:10EAC000DAFA07E3F3FCE8DC081D11F0E2020FE0DC
:10EAD0000D09F6F41B130A180C0C100CD7F6F0EA0B
:10EAE000E6EBC9B4FFE8F2F0E6F5D41F09060BF136
:10EAF0000B03050E21110A0D1B050F2C1A111F23E4
:10EB0000F22F212FF90A09F51D00160EE4CDD3F1DD
:10EB100001F0DBE3D4EAEFFEE3D3C1BD1B38E7D657
:10EB200009FA05260ED7E3FF01281E12F3F9F3F2C6
:10EB3000FF03130005F603EEF6F92207EBD2D5FB2F
:10EB400014FE0AFCEAD804E81E1C0FFCFA0E1A3266
:10EB5000F91BFA042C1A0F06FD17172600000013E4
:10EB60000D0000000000FEFE00801850760100003D
:10EB70000B0C251514DD18E3E803FAC2EF36D6F8BE
:10EB8000FFD9281FF0C5FDDAF8FFECE3F22740D7E4
:10EB90000E241408FF124114FB10181F1AD5160377
:10EBA000061A1602061B0305F5E20C37050AFD09D5
:10EBB00005F9D7EC4531E0E7131B302A011606F4BE
:10EBC000E1D60EEEF7F904D84115F721BADEFE05BD
:10EBD000E113EEC607F501F0EB0701EEE233F53382
:10EBE000201211264620E6FBFCF511DEBEFA04FEDB
:10EBF0003A21FC0F02FEF72BFA06BD051AFFE706C5
:10EC000014110A0213FE0507FDEDFB03E8F708E700
:10EC100004FDF3F1EB04FDF813F7F80B0BFEFEFA1D
:10EC2000FE0E0C1F0F0CD80D0500F922EDEBE8FBD2
:10EC3000FDDF020AF20ADCF41014EDE800EEF50B39
:10EC4000FE090203CFFDE701EB1C00FAE6DBF90544
:10EC5000FC05DFF8F909FF14DA0303FD17FEEA01EA
:10EC6000FEFA22FDE7CDFBFFFFD108F3F9EEEFEF4F
:10EC700008FAE7EC0C080D15050E1EFC1EEA081438
:10EC8000EDFEEEFF0EF4FBE3E9041EEBFAFCF0F3FD
:10EC90000404E9FCF8030AF006FA001DFAEB03D7B6
:10ECA000F6FCDFE608CDED12F7FBFFFD01F5F8E815
:10ECB000090F0AED090CFDFBFC000304FD11DFFC4C
:10ECC0001CFEF4E4D0EE0AFB2002E6EA1EFE13FB73
:10ECD000EE07040BF1ED26C5E3EF020AE3F0E802CC
:10ECE00004ECF5EC0CFE0DF8F9FCEFE9F104071467
:10ECF000F7041EF6221C0FF50C210C13FFE1D2E3E2
:10ED00000F1EF407FF10080EF4F90C0EFCD5CDE22F
:10ED100005F400EF173A033306201621FC160C0BFE
:10ED2000D40507EEF809F1EF211D18F6FD112BFEB1
:10ED3000F6F60921FBE403FDFF0E120CEDE7FC16CD
:10ED40001EFAE403F50401EA02F2F4E40B130ED513
:10ED50000AF81317DE09DE040202030AF3FD16FFA8
:10ED6000F9FDFC0F22E90208161AF00207FC080B55
:10ED70000FFB03FF081F1DFA0AF924FA0B0F0DED14
:10ED8000FD0E1EFCDEFF0DEAFE150D21050105023C
:10ED900004E3FC0E11F7F519070DFA04F9EB1E0C4C
:10EDA000ECFA10F50EF6FECF02010601EC040CE5BC
:10EDB000FDFA00D403FC0E12FA0909FB09F51C0C3C
:10EDC000F8F313E7DF031F100B04F1F1FDF5110158
:10EDD0000EF4F9EF09091723D6C8F10CD3F9EEF2B6
:10EDE000D4F0FDF912DE1900072013FF16082417CE
:10EDF000EEFFF503ECFE15FCE31F100AE4E7140533
:10EE0000FA080005E8CBEBFFEF190C011E060EF324
:10EE100005FF10090C12F1DE0EE007E9FEFB0C0FF6
:10EE20000B1B001319F8DB0AF211190009EAEDFDBA
:10EE3000FC03FFEFF0FBCDF3E0EBF506F508F6FD84
:10EE400010FF160A1F16EB191F140ECDFC361820E2
:10EE5000EB1C0700F206FAB60CF317E71FFE05FDE0
:10EE60000CF808FAE8F8FAF60407DD133208FD1B7F
:10EE7000DE08F70DF711E5E7F9DBF3FF0DE109D93E
:10EE8000F614F900DEDF2EECE406F5F5FB14F230A3
:10EE9000DDFFFBE90E461EF8DBEE38E8330EFC1111
:10EEA000081A1F271303F9DFE600F9E411F90BF73D
:10EEB000120BF5B3E2EF1DFAF715F1FC2626E1037C
:10EEC000080F1CED1019F40EC805F40A1EAEF60664
:10EED0001D0415F1EDD4F10F09FE1D01F7E706F74A
:10EEE000E510FBE603E3F0B728F9FBF42433FAF965
:10EEF0000C3A0B3507E6F2CC00FCF9D4E40CF2F83E
:10EF000000CBF2E8E0DEF5F3DE06FBE4E4EFECDF55
:10EF1000010BE40AC831FF0026F5EB0B041DE2FFEC
:10EF20001E002603F008F3F2FFFD03F619E5302B6F
:10EF3000080A0BF806F21E0BF4F6E8F91D20FFE3B1
:10EF400023260D1FD302E72FE0F8F108C708E10DD3
:10EF500002D9F3C31C1F05280FD4F1F500F1FF01FE
:10EF600099060E010CE4CFD90AECF3000EF6F70473
:10EF7000F102212810070CFC002541ED0310EEFBE7
:10EF8000EB00FA19FD162C1D1DEFD1070428062AE7
:10EF90001AFF120ACABDEE0EEBF1D3E4F80FFD1012
:10EFA000DCF01AF8FDFDF5DD030DF41302F2061096
:10EFB000EDF90A1B1518141D1C12E2EDD7EEF70827
:10EFC00005D4F8F7F12FDDEDE7E1160E0B18142E3E
:10EFD00009EBF0090E0E0EF4FC1C171B2A0AF40CA8
:10EFE000FDDFE4F307F608EAD9FD01EAE20AF9E8F1
:10EFF000E6F9060F0CF325F419DDF529E5FDDE1D14
:10F0000039FFFDD40E02CC2CFA2310031AECF501C3
:10F01000F10F07012CE42F2DE818DE191829FDCE79
:10F02000F7F917F81DE4F5F3FAEEDD021FEBB2CBAA
:10F03000011CEEDBEDB9FFF51010FB08F1FA05ED50
:10F04000270E12EFD2D70DE5F8EE24F4EE28E0EC0F
:10F05000FC07F6CBE6F9EAEA0925FDDF021AE3E947
:10F060003AF9121222F9E0E601F7FF060F011BE759
:10F07000E9E00DF91D20F804261CE5E0E83B020A52
:10F080000BF70BD4110B0400C7E8E30F03FDF5D712
:10F09000FD13CFFEEBF1070709F5E5EE1009062A8F
:10F0A00013090A0AFA0805F81D0E000703010B09E7
:10F0B000021B1219FB0110F719102414EFF5D9EEF9
:10F0C0001D0C0A12F8F9031E133237FB1E03031737
:10F0D0000FF9F0EFF90D1528080A1D00020D0DFBC0
:10F0E000D5FA12070AF2FAF9FEECD7E60BECE7D9EB
:10F0F000C6EE1DF8FF0B0ED50B0C181AE6EDF7F354
:10F10000E3E5EB0107FBF7F4FCFAFFF80A182CF92A
:10F110001D0ECEF316FF1815E702E31C00F90AF9DD
:10F120000B04F7FA0BF4EEFC1DD5F50AF300E5F23B
:10F13000120C151CE2D4E6FFFC092F180000000A8F
:10F14000E20000000000030A40C018505201000015
:10F15000F006F7F605FBFCFF09F002E4030603EDF9
:10F1600005190B0107DD2E0702FA0BFB00F4FDEA7F
:10F17000FCF0FA16E50AEC0EF2EA07EFEFDA0FCD33
:10F18000FDF7E3FC10F0FD0DFA080CF5FAF3FEF8BC
:10F19000E3F7D6F9F7F6DCD301140608F1F004E83A
:10F1A00023FFF4E8FF1E0008EF22E50A0405F1063C
:10F1B000FE07090A06FBF8072F15160AF800F8DE05
:10F1C00016FA08F2F016FD08F8071B13ECF6E3ED4B
:10F1D00004080610F7FF0101F606F5100C0EF902FF
:10F1E000FAFFEEFBE8F61000EAF0F7F2DEEEF1E2ED
:10F1F00023F1E5E4E5050EFAFC0FE9F51515F3FF3B
:10F2000000DCF5C61E0C04FB07FBFD0DF80106141F
:10F21000010906F80002F707F4DFE608F7FBF80338
:10F22000F007D8E6101933E9DEF5FAFF04F102061B
:10F230000404F3F81CFDF40B0DF7FEF509DEECFDFC
:10F24000FDFAFEE6F00411E3F2FB070DFEE9F0CD56
:10F25000221009F9E6E2FA2EEBEAEAE5FCF1FE0FEC
:10F26000FE040BF3060D0BFA090208F91201E3FC88
:10F270000002F5F921F629EEFE07F601F3F7050D78
:10F280000ED6000B04FC0A1807FEF3F90C0601E683
:10F29000EDFDF6EDF8D4D90BF810EFE10AF806060B
:10F2A000FA17FAF4F7EA0706EBF0DA14050AF6F8AB
:10F2B000FEF80F06FE05F7F3F114DA25D5ED100080
:10F2C000ED11F8F9F8F7F8FC14DF070C06EAFCFD7D
:10F2D0000A0CF0D30802EFFCE506F4EA04F1F104AD
:10F2E000FFF9F90C0F07FB0EF60BEE24F9FA0FFFEE
:10F2F000F5F804130808FFFA01E5F6F3010DF02113
:10F300000CF10DEBE5FBE6FB0EEBF7EA0C0716F450
:10F31000160BFEFCED0EFE15F1F5F9FDF409010BDF
:10F32000D4FEEFDFFBE2EFFA0820FDEDFF0B19FA48
:10F33000E2D5ECF108F007F4FF0A100511F3F4D858
:10F34000F7090EF9100D0E1901EBD3D93A04F5F6B1
:10F35000F20FF50704DE110F0D04EF02F1F7E600DE
:10F36000E908FA00DBF7DCE8E8F5E901FC07E7EC7F
:10F37000E6FC0E0617FFE419E522FFD9F0E1E5FCF3
:10F380001AFF0323EC0EF8F302EBEA000C05191048
:10F39000EA0D26F211CD01D90B19E6F31216F4FB92
:10F3A0001807FF0AECEFED22000FF9E80D1A01ED46
:10F3B000F701E40AF2F61B0518F702E80204FEFB67
:10F3C000FCF01D0319070F0D17EACEDA1113FFD950
:10F3D000DA08090000DB12F81D1C000A06F6F90F16
:10F3E0000B12F4F2F8DAE4EDFF3F13F4F92DDEFB33
:10F3F000E8011BE2ED04C3F204FC120708FDFEEE77
:10F400001504F5FF06E318EADBFCF815EE17F30028
:10F41000DC170ED517FCEED90B102BF71E00E1F808
:10F42000000FFEDEE8000AF51FF01B08FBEF1403D7
:10F43000050A0404F5DF0BEA09EEF6E60910185F89
:10F4400017300E36DEDE13F6DEEB4CECE712F8FE7C
:10F4500016E2F5E2E703F8FF2421ED11FD04F80BB5
:10F46000F4180BEF09F033E11AEF1218E217D6F691
:10F47000EE362D04011B361CFAE5DF13E1F6EBFA3C
:10F48000DB2B011524F7161719D616ECF808FE0623
:10F49000FED916FAF9E70CCC03F5DB19FAFE09F1EF
:10F4A00011D2D2EA090AF00708E7060407FF02179B
:10F4B0000612ECBBE4F0121DF9F7EEFC2BDC100F8A
:10F4C0000DB603EDCFF71A24FB070315EA07FAF38D
:10F4D000E4F7FF0E08F20FED360AF80F2FFF0019C0
:10F4E00011F103EB081E04190AE7F8EC060410E515
:10F4F000E800CE09F115EEFFD4020CF5FE0DD1FAAD
:10F50000F211EB1917F8F51F04E8E7F414210117BD
:10F51000E3EFDDEEF12606EC3216F4FC050D070CE8
:10F52000FA06F702EAEACDE4F8D8D704161DF10688
:10F53000E6DDD015EDEB0EEDF2000BD5D5D410FFC6
:10F54000F50C1A0208DD341D2A2E1A03141DF307C8
:10F55000EEEE05E2F8E6F3EB2AEED5DDF912162D14
:10F56000F6E0C01DED281A0C10F8E113F8E507F4D9
:10F5700011E015001E0506CC0025D50503DF10FAA5
:10F58000E5E9DA061E132F090A1CE9C6011C061B51
:10F59000F2480BFA160533142E021AEFF700FA1B85
:10F5A0000101E3D1172008E4F9DFF10511E9E114C5
:10F5B000FA120DFFDCEFF31E0604F6F101D4020986
:10F5C000DFE706FFE7DFEFF92620EDF611F536E27B
:10F5D000FDDFF5E6DBF2070DFC0006E0D8FDD5E225
:10F5E0001BFF0ADF01CDCB112BF1E90CDD10072C3D
:10F5F000F9FE0A1117211132230ECFF6100E0B1A45
:10F600000EE4E90002EE2414FE2928F1FEF1EAF6E8
:10F61000E3D30C1716FA050202180EE3F7F6C7DD5E
:10F6200025FDE2F1B6A9CB05FBD9EBD6C9D6010B76
:10F63000EFBFA2A4F818F9FACAC4DCD004151D0B58
:10F64000F1E70D09211121DF35043E3C0312050FBE
:10F650002416F7EEFA18200323181526160EFC2A96
:10F66000121F370209132E1A2402F009101B16F676
:10F67000FCD3FC00EFF12AEFEAD0D8E0E7FA020071
:10F68000DBDDEEEAD6A6D4E3EF09FF0B000000EDC8
:10F69000CA0000000000EFF44000195052010000C1
:10F6A000E8E10CFBFDF7DCEFF1E8F4FE02F612E412
:10F6B000FE0CF1F6E006EFFAF306EA0C07D6F205C7
:10F6C000F0FDD7152A200B03F4FDF90C1B01E90A04
:10F6D000010F13050DF6F529E2E6E7F52600E7EA46
:10F6E00012FCF0F0EFEDEAFD341F0C0C140FF615D0
:10F6F0002936220606F72627320F08F92B0E352366
:10F700001C3B1CFDF4200327F8F8011AFFECF30161
:10F71000110E14F8483218100EF41E21F40AF0CE1F
:10F7200011100DFF1402F4EF090E282AEAF9FCEE7D
:10F73000DCE9EE010802E6DEE609050DF3E80C312E
:10F740003609FDF900F4360A0F2B12F500EDE9E653
:10F750000F0103F605170307E60EF714DFF8C5F1EE
:10F76000DEFCEAFC13F0D4FC120B14FE02E6F718E0
:10F77000E6E3E3180FFD0A0CF5F6F0FD27F6FDFDB4
:10F780002B1302F108060F1DF0F3F4F80EEEE5F569
:10F790001A010002E61D051700DDFEDF16F5F01365
:10F7A0002D150201E9E3F61B0301F4E71628050015
:10F7B000240818FE1D18260D251B0CFEF1EBF8FF82
:10F7C000E6FF1D04E5F9E3EFF0EA1AEEECF3E0FDE5
:10F7D000FE16E1F7121404020F032111FB15FF03BB
:10F7E0002A12141D05EAFA05191402EDF6F2E715BE
:10F7F00002FC0505F6DD02230609F5F9F8ECE80B35
:10F80000F205FF0AF511D9F00FF9FCEEF8EEFA0D4A
:10F8100004F8FBF1FE170F07F9F6FFD8E1EFE60C4D
:10F8200008E601050AFDF1F003E7150FDE091CF8F3
:10F8300010FD02F519F2F1260F051426DBE4F5138D
:10F840000408F3230409EEFEF60A0EF42CDBEDE2C5
:10F8500035343A11E6250427EE091404DD08070BB8
:10F860000AF6F9F9FEEEE5F4EF080C0CF51003E8E2
:10F87000F0FEF6E818F8F201FFFF170117FE0E1967
:10F88000E4EEFC0716F9ECE818FB250C0FF405E094
:10F89000F0FC330B0FFFE6070A0D0BF31809F60215
:10F8A00002E1F314E40F12022A09CDEC02F1FC018B
:10F8B000FE08D2D9F3EBD6EBC917C8F614EBEB214F
:10F8C0001515F9080E061AF402072110090014068E
:10F8D0000CDEEFF42106FA00E1FBEEEA15F71BFA65
:10F8E000EB1228F6E70BF4F4E8F000FBFBDAD91989
:10F8F000ECFDF1F7FD1108E117EB0A0F1107FB040E
:10F90000FD12E7DDF7E90F0D07FDEA2FECED140B13
:10F91000FDFB0518FB0B16DCF425062608EF060593
:10F9200018100026341B0A0AFDF2FAD1E50621124E
:10F93000F1FEF90EF2FFF5E9E8F70FEEF919F2F82A
:10F94000261AF0C8F0090AF4D50124DF00EF020DF1
:10F950001CF40FDEFA1CEA0D01F00C2205FD360640
:10F9600007DCF31608F1E6FE0F02BC14152701FAB6
:10F97000DA0DFA06F504FFFA15F6093BFDEE10F66E
:10F98000F1DB0604F9F9EF10CEEAF8FDEEED06FC26
:10F99000E4F6FAE626FA0DF2F70C04CFF4FB07DEE4
:10F9A000DB07F708DBE7F4E95018160906170FFA2A
:10F9B0001AE300F8F6F404FEF50DD9F6140C0D4721
:10F9C00011DA052A2400080011DB0A1F1101E907DA
:10F9D00001FB011007FEF4E0DB09C3EEB113CF1CFD
:10F9E000E5F0CEE3E0FBEAE1F2F5F7131DFFEF0DE2
:10F9F000163A1C12CAF40B0A1F25070C190532020D
:10FA000016FDFC14FDE904ED0502F7FC24EF0721C7
:10FA1000E6F801161E220020F0360634F8DB08D87E
:10FA20000026CC15080E04170F2311F80E34FFFB27
:10FA3000FBFC21F2130CEAF8E80B15FDE7F6FBCD11
:10FA4000DDF20404EEDCFDEE20F70427310DFC05A9
:10FA5000E1E6FF0CF9042D0DD7EEE4F6082DE207E0
:10FA6000F6F130151C16D5CDE7170AD9F6FA25049C
:10FA700004DFD20A25E6FDF70EFD05F70D101D1C6B
:10FA800004EA22E8D918F4E2EBEB2601D3C5F5D657
:10FA90001D1C0BEAFEFEFE2010F906EEE0DEE90C6E
:10FAA000DF08C8F7F9EAD1F9DBF91E02DDF41EE739
:10FAB000F910F6F8F7F8F9142402DEE42DEFE61059
:10FAC000F803E4EFFB10D8FA07F6DC1603DE2AF79A
:10FAD000F4E1EAF6E2E8FB31070A172CF6FEF10F33
:10FAE0000108041F050522FC07F8DA00F5D7CBE46E
:10FAF0002FF7E6D2011416132CF1F5FA1F0805149E
:10FB00001C24FB060213FD2EEA0D1DFB1001160D31
:10FB10001A03D5153209F4141A2CBB07F70D12FF7E
:10FB2000191A2A07280D04FFF0EADE37EF0500F264
:10FB3000E0DDF7FFD7BEBDF012DAB4DDF9FB261227
:10FB4000E3FBFCF2200E3314201216150AFA03FD13
:10FB500004070F23FDE90E20C9E9D7F5CAEECCE969
:10FB60000AF6D5CBD4D20712FFEFF7201209140101
:10FB7000372B27FD2B2D0B42180E0F211F260B0CA8
:10FB800001252E33ED1509FDFBF40401EADBF2F447
:10FB9000EEF3F3F9C5CFF9E12FD8C0C5050AF51486
:10FBA000E6CB0215210009CA110D171B0300E6F36D
:10FBB00004F40AF4F31A270D00F2D706FCED01E66F
:10FBC000DAD1F307E2D1EAF10FD9E4F8EBF9FDF36A
:10FBD000F1F6EBD947427A3A1913163C00000016A9
:10FBE0001700000000000D2A40401950520100008B
:10FBF000F5FA00F609FDF8F20AFAF806FEF8DBEB72
:10FC000011F9F5021200FF0221DAECF6E3040D0906
:10FC1000FC090EF4E7F0F1FFF3E0E3E2ED0BEB009B
:10FC2000E8ECECF5F5F5DFE7F417FD0CD8DFF3FBB6
:10FC3000E8F4FAE00AF611FE08F4F8DEF5FDF40542
:10FC40000823F72B0405EEF8DEFC12FAE9F613FCA4
:10FC5000EEF9DDE90E07EC05F81D02F3FB050914CA
:10FC6000FA11FD01E9F1F8030604EEFF04F602D1F2
:10FC7000081404F30102E70AFEFF05060B15FBFC5E
:10FC80000FF9F60E1311F4FD09131A0908230FF9E1
:10FC9000E70A06F10EFD0909EEEB03F8FD09F5F997
:10FCA000EAEFF2DFFAF6021E15E9FBF2011BFEFB9A
:10FCB00006F001F1E5FFFDE7FEF8EBEC0B01F0ECDF
:10FCC000EDE1FE06FB04ED0402F7F2EFFAF8F60FA1
:10FCD000ECF01400EB0F1412EBF5EFF6F3E9F4DDA2
:10FCE000F5E8EDF50C05EDFD060EE7F612E8F2F28B
:10FCF00008EF12E1F1ECEADD141606F9F2F0170252
:10FD0000FAF3F1030AFBE9E616F30CF51102FA0720
:10FD100006061A160001F70EFA34022E100C011115
:10FD200007FC01FF25ECE9FF0311FAEA06FF020CCC
:10FD300011EF0BFBF809090316FEEC05F522DEFEB8
:10FD40000606EC00FCFFF4FA0AF81006F30513F7B8
:10FD500012FC0421FCFB0F0F08FAFAE3F5F8060683
:10FD6000071107FAFEF6FCF1F80A1F1002F1F4E39E
:10FD7000FA090EF7FEEA0816EDE4FA11000515FC83
:10FD80002020F1F4EBFB0513ECF30DF50E02040754
:10FD90000112F00BEA0CF410F9F9E7EDE0EFFBFFCC
:10FDA00002F9160904E1E7ED060EFBFF0E1400F858
:10FDB00013220809090F060DF301FA16EDF10800E8
:10FDC000FDF6F5ECF105F913F3FD01EDFD1005D29B
:10FDD000E40DF7F110F517FEF8F9E7F90DDED6F3AB
:10FDE000F1E8021CF62718FB110FEE1AEC03FE01D6
:10FDF000FDF20A11DAE4F0E914F407E70508120B42
:10FE00000F09180DD609EF07ED21E9FAE30F10FFEE
:10FE10000808031C16FD0EEEF90D15F413040BF182
:10FE200014FFFF0BF21B1826F912EBFEF5030E0967
:10FE3000EB0316EFEA1EEDE2E5F20FFCFB1DDD0E13
:10FE4000EBFF0BE5080C00F9FE0BE4E9D9FCDAED59
:10FE5000020501F71004F6C90201000EF4FEF404D5
:10FE600009E1F90719DC06EA06FF0DE9FAEACBF920
:10FE7000F20A09060105020B16EC05FCF50A071843
:10FE8000E5FCFC16FFF824CADF071309D8EF14F3CA
:10FE9000FF0CF505D4F8D5EDF2F3F21A1B16E9DAEA
:10FEA000D1D4FE0CD1FFEEE91D0FFAFFF2E30302FD
:10FEB000FA16FB2AE6FE0CF41324FB040BF50CEFF8
:10FEC00013F8F5EE1E2212FF40071CFC412E1E51B6
:10FED00001F22D21F20CF5EC0A0AF501F91912F8DC
:10FEE0001B18FC0C050315F5F7EAEAFCF7EDBD025B
:10FEF000F7F7E3DDDAEDE1DDFEE704E5FBF00DEF1A
:10FF0000F702DFEADDFECAF50DD7E90905EFFA10C1
:10FF10000F09D80200F200FFF3EAC90DDE1901074C
:10FF20000AF811FD25EDCF04FE190331F522031364
:10FF3000EDFEF8DD32E2E4FB17F5D32419FBDF1CFC
:10FF40000B1B38E7FDE0EC03050EF50805E910FC96
:10FF50000D040EEE0FE7F516D817FB02E6FFE2D709
:10FF60000307FC16FCE1CB0312E6EFF9ECF8142CC6
:10FF70000205F919FCF2C807FD2C030400F70BF089
:10FF80002EEA02DBFC2B042B190F20FAE300FFF111
:10FF9000FD07E4011117F61804D904ECFE07E3F499
:10FFA000010401180DEDF4E809F4292307152C1EAE
:10FFB000E5D206F826EFF8FC062402F5FB111B4FEC
:10FFC000DDFC2DFBEC0B000302F51129F9070922DA
:10FFD0000BF7211BF9F9F8F5E91A1C021E07252079
:10FFE0001F23F819FBCC14ED161F14FB10FCF0F0C6
:10FFF000E001EDD6FC18F6FA3DF4F3FEC6EC16FC73
:020000041001E9
:1000000002CBDBD5E70FCEE5D715E115290134F298
:10001000040DFE4006082106F6171C0F0DFB1BEC15
:100020001C1A06E4F5EC151000E5FCEEF8120B09BD
:100030003508F707001EFE07083322FC1325FFFED4
:10004000DF0CFBD9FD250F062C230333F1EE221123
:10005000F218FCEDDA2DE7002DF909E603F6FB2F87
:1000600001FAE422000CF6E2F70BFE19E1CE29E2D8
:10007000F6F304201D23090EFA261F2F1F0507F390
:100080002829FA1808E8E61D1D0504F2F82623279A
:10009000070309021531140AFEF008121F12F214A8
:1000A000FF17FC2B07F1FCF92048320BDEE8E234A5
:1000B0000A1803F4F2F6E5EC1028FFEDF8EFFB1355
:1000C00029EDF9E0EF0D150FDEE1DDDC2E1C0DF161
:1000D000FFEFF8070401F8E9F0F12113F8DDDDF88E
:1000E0000509F909E1FEFB04181807FCFBFA07FFF4
:1000F000F0CFCBECFF141EE5E6E5EE0A0DE406EECC
:10010000DAF4F8E2FCEC0AF9F6E7D8F206F5DBF5EA
:10011000DED8DAF2DF04E1F6E4EFFCF3F1E8FFDB2E
:10012000E4E91312CBADD5F0F02D02CA000000F1C6
:10013000DF0000000000F6F5408019505201000079
:100140000000ECF11102FEF007FDEF08FC0CF507D2
:10015000FB10FDFA06141EE0F000F60708ED00EEB5
:10016000000D1101E5F5F9EDE6DED8E008051EDD2C
:10017000F40115F6F3E902FEFDECFFDFE22A02F7D7
:10018000D908F602F71518F5E8011F27EAD80EF787
:100190001A15310AD9DE00070100ED010714F92B09
:1001A00010FCF8F60F10ED190806F7FC1305F5FA28
:1001B0001F16ED14F3F1FEE710DDE501F40DECEF91
:1001C0000C0C0CFB14E1E5F5F5E3EF0BDCCEF7F0DE
:1001D0000E090A0E0EFD1A14EE04FC0DF9FEF5EDE3
:1001E00018E8F4F5FCF7E5E3F5F007030A13F0125D
:1001F000F7170B050B030FF8080DED09F60C101B94
:10020000FFEA080F0ADFF60312FAEEE9181101EF10
:10021000FC0B050FF4F7F83311293D3008FBFAF217
:1002200000F2E709DDF1D9E90ED20400000DF9FB77
:10023000DDF3EDEAF7E4D3F0D2020CF00504FBF9AC
:10024000F518FD0B22040408D20518E3E30FFC05A2
:10025000FF060EDEFA1109F501DEF016C3E2E80F23
:100260000FFAFC011811FCED11F6130203FDFD0855
:100270002819F9FEFC121403FDD902E6ED100AE478
:10028000F71708F1EDEDEFFC0C18F5130DEBD20CA0
:10029000E3E6182201F5FFEB0100F71214E4F10781
:1002A0001600050F11110C02E0F5FBF1FEE80C0938
:1002B000E6FFEAF210EB1FED141DE91C211C22F6EB
:1002C000F80A121AE9ECDFD3CFF3DFE12215D8F8F0
:1002D000DDFE0C1AF7EEEEFAEDFF14EEFB09EB0073
:1002E000030B0410EE040C0A12DEECF5221B041AB8
:1002F0000BE1F20BE7ECF5F9FEFD0DE1E4231DE85F
:10030000F4FC0A020DF812EA101401EAFEF3F6F802
:10031000FEFB07031EF61CFC0DFFFF0C1005FB1C6B
:1003200000FA0BF20DF4E61BEEF8EDEFF2F2FADE56
:10033000FDFED5F719F4E1F2FE24F0061100EEE41B
:100340000AE7FE0BD4E7F6F5FEE5E3F5030F051D1E
:10035000FAE5EEE913FE0121EDEEFF0EF9F8FC10CF
:1003600016F4110327F40F0924EBF3F916051E1BED
:10037000E5DEEEDF0AEC0D010206F3F10C150EF5D9
:100380000DF80401F5E7F910D22BF9F015D1071A91
:10039000130D3407D4DCEAEE1FF502FD1F0DF8152E
:1003A00035EF08D519FAFCEFF9F2F1101809170129
:1003B0002BFCFA1BCBCE090B21F70A00FA040AE743
:1003C0000EE8E4ECF1D800F401E22401FDF1C900EB
:1003D000ECC808172ADFFAFD051A18D51107000620
:1003E000F2EEFB2413F42AEDF5EDF50B18FD0D0AE2
:1003F00005EBFEFA2815180533000702F2EDF7FEAB
:10040000E8F7082BD7240426EDE1F2190E0BEF1CB8
:100410000B120CFF0909142606F113EAB9080605A8
:10042000E600E0DAEB0507FFD7E91421F7DCF8F97D
:10043000F1F60CCC1303F8EDEAF9021209FEFADC2E
:10044000EE03F2E2CC0C1CF52520F8460C3A1C0316
:10045000010FDE1E2AED2AEF010CED0DFDEC39E651
:10046000EB4811CEFE2509EEFE1704EBF11ECB2062
:10047000FBFAFCEAEA10F912F30B23F816EC09ED8B
:100480000CFC09F009F1F2210509ED0BFDEC170355
:100490001AD9E301F7FEF115E50CF900FB120D0482
:1004A000071B050E1809E0E92002FE09FF1A101FBC
:1004B0001C0F06220309F509081E0816010D0D235D
:1004C000F606FE00ED17FA0CE2F2F01110171FEE1F
:1004D000F9F20417F200FA37EEE5DE1ED9F4F32D37
:1004E00027F90D23F307FEE5FB1D0B1B40FFEFF380
:1004F000DCEF0901FA21F1FAEEF5F2E8F90011F06A
:100500001F0126D70CF0120418F2F5EBD2EBFDF523
:10051000F8F5ECFFFE1EF9FDE2F409FFE7EDE51446
:10052000DE0C0101CB0F0410D1030F00E310FA1809
:10053000130C1311181A1C0EEC14FE05E305FA0433
:10054000D71A0212F813FF18F00CE5EEEDE2DAE923
:10055000EE0CFC0D0B1C01D9E1E5EC0E09FE0A05C1
:1005600009050DFECC15F20A21ECE5E2E8E6EA0FFA
:100570000510F71D05D5FF22E9DF1CF9F70C1D1D3D
:10058000E6D7010A03E2FC02F8FEE902FCE90CF5F9
:10059000F922DF0DF816EDE2DD1AFD17FAFC01FF76
:1005A00005FEF809F40302C40CE007F4F1F8171C87
:1005B000ECFD01F704F8E901F10ED6280315E8DB9C
:1005C000FD0017051A14F501FDF41E06F5030303DB
:1005D000FEE30AFF000B08E0F5FBF7EFF717FBE976
:1005E000E6E8FFF703E8EDF6F2EC081110080CE678
:1005F000EF2B001006F401FA18201B20D0FCE72C8A
:10060000FD00DCF2F2FAF5FDDFE7F802F1FA09FA93
:10061000EA241A011A04000B0B07001A1511FAF547
:100620000328241508FAF90E111E152003F10F0BEB
:100630001B2008EFF9E3FF1803E7E1F41120111D77
:10064000E8EFFB151CF50E0626100C101204F50D34
:10065000050316FAD5F206F2FEEF0E03EFF908FADB
:10066000051AE302F0E10C04EC0402EAEFFC0606D2
:100670000501E0F50D0907F5E7F1F80500000007B1
:100680000E0000000000F4FB40C0195052010000B1
:10069000FE030DE000E8FC0C081507E80708FAFF68
:1006A0001CEF14E4E8E807172107EC041B120E21E5
:1006B000F004F1F90A17001AF70901FE37EA18F9F0
:1006C000FBFEE4FFE9FB18D3FB0600F607D4EE11AE
:1006D00002151A07FA09F7DF1401FD02F9F4F11DFA
:1006E00000EEF30805FB0500FBEBF20F1015E9091E
:1006F000C419E10DDFF3F902F3F3ED1BE0ECF2EACC
:10070000F00405E4FCEEECF6240102120802FD0CF4
:1007100000EAF8E8EFF802F7EAF9EEF30614F61C3F
:100720000904EAE3F00208010804051CF4F219F3D5
:10073000F1DB020BFE07DFE30807F20403FA000512
:10074000EC02F801FF02F6EC11F72104F11F0BEDAA
:10075000F918FB12FDEFFB1DF3EDF2FD2E0604FA76
:10076000F3131409DCD40308F7FA051FFDFBF21696
:10077000F8F4FBFBEF0FFAF5F220EEF30D0408F9A5
:10078000DFF0E612F71117020FFE0800F217ECF780
:100790000F0616FBFD1E091D0703FFFCF6F2EBF02A
:1007A0001F21F60F141B192B010B0D1106F817E86A
:1007B000F40013ECF8F1F3FAF707F6E7F4FE0AF7A2
:1007C000D20E081CEEF3FD0CF6E9F008FEEAE7098C
:1007D000EBEAEB03F31F10E9190C04F5EEF4FAD180
:1007E000021BFFF1EBF9F5F9F104F518EAFFE61445
:1007F000FAF7F405E41220F21800FE04F0F504FE06
:10080000F5EA06EEF90B05FD04F906F61806FDFEFD
:10081000E8021205F3DBF5FDFD1D0400E90A2226BE
:10082000FEEF17FFFBFBE20218070303EF16E50ECE
:10083000BFF7F6F7ED04FA0FD7EBD9D2CCEADEED2D
:10084000F600FAF40B04E6FE02F900F7F50510FDD8
:1008500005FB1AFFF501F9EA11FC21F505EBF0E4BF
:1008600035020FF8F32403FFCDF024F60DE1EFE39A
:1008700003FB05F4140210FAF8FFF2DD0BFC10067E
:10088000F206ED0DF4F90FE5F41A0E00EF0B04F289
:10089000F708FDF2FBE714F5EC1BFFFB0110021A51
:1008A00001F21E0110110FED1124EEFBE9FC021004
:1008B000F2E8E804291315FA05FE240C161DE9E7F1
:1008C00013F3E40005FF04FCF8FEF603FAF0FCF86D
:1008D000161401131507F00EFB0DE005E9CCD4D773
:1008E0000500D3E9F6F710161BED140D00E9EC3AFC
:1008F00007E4FBF8F607FC26F8EE251C080318EAC7
:10090000F30A160FE5E92BE2F501FCE81EF4110AE3
:10091000FB2BE80F25F200230B1606E0E6D8040EA9
:100920000F000CFF2AF5150EF2E81B152A1AE2EF4C
:100930000E161FF0EF030EDFEE18F6DD1A19F0EEBB
:100940002CDA2501E7F8EC04152010EDECE94F2B2B
:100950001B06FF0C1217E90AF408EC01E2FA0AE799
:100960001715EB011719FB0EE1E1E6ECE71811F89A
:10097000FBFE2CF0F616EB100EE3EF001917DD1658
:10098000F41206F808D0FCF50B27320631E60D0DFF
:100990002DE403E6F4E8EBDE06F507DF0911280E87
:1009A000F6F20AEE0C0FF206E4E5E210FBFB10048F
:1009B0000DE20E010AE2EAF0FA03FBE506DFF900B8
:1009C00012F60942F910E209F513260112E8272D63
:1009D000F7E004F9FCFBE9E9EDEEF7F4F507F9D0EF
:1009E000252FFFF3F91103041FE91F151107E3FF7A
:1009F000011BEA062DCD0BFF00040A16E6F50AEEF0
:100A0000E4DEE6E8F4DE0EFEFB28ED08F0F71AFD62
:100A100010CC12FFEBFFE22624F0E9F3E2F5E9182F
:100A2000010AE309F4EFEDFFFD25F715FBF506E8F4
:100A3000FA0806FC28101A17D604F0FC010E0D2C3B
:100A400012F3FB3E00FD22EFF905CB30F70110E871
:100A5000DDE61CF5E4E6D101CFDB16D30424E5D5B1
:100A60001A0B14FB25F6EE62C012021D1AF405BB28
:100A700008F10907E0F4F1EEFAEFEC05D2D2D00A62
:100A8000FF0803200A19081A2916FA1407F610FE9F
:100A90000AEAF30EFF01EC0CDD08EF081FFD000968
:100AA000F40B1ED9CEFCE9D2ED070EFC072CF9049D
:100AB000E61C03EBFBD70525E0F800D81119E3EDA0
:100AC0000D2AD2E508141E021CF21F02F7240EF8AC
:100AD000E419FA1BF6F8EBE61D170A0FF9EE23F7F7
:100AE00001280D20FAEEE60C0D1D05E9FD07EEE1EB
:100AF000DC2CFF00FA10013A1C0913EA0D0F05EE79
:100B00000709E2F8CD0AE329F2E9EFEF322CFE15EE
:100B1000EA0F114315F80AE203491BF3E0BDE6FFB3
:100B20001DEA2602D7013039F8EADDBF0E2A050E8C
:100B3000DBBCDC051A0613E9ECF1051800E8E70355
:100B4000250907F0FDD0E2E3FB2325F2F0E90CE8EC
:100B5000131B19F30F05FC19141C25D9DF03241FDF
:100B6000F9E615FA3C39322C06FFF2221F2101F872
:100B7000E41E271200F1F0F90F161C1FF2E4DEDC70
:100B8000EFF8EDF8DCC4D4F0E80305E0F9F0EADFB3
:100B9000DCDEB205DC0BDFF8E0F6E5D0EBC9DFE820
:100BA000C7CACCD5FFFAE5FADDE0E3BFF3FAF0CF30
:100BB000FE00C0EEF6FBD2F21BF8E3F3F11DFB23BF
:100BC000FA292D1DF2EDFA1F1238240B0000002F18
:100BD000020000000000083D40001A5052010000D1
:100BE00009170CF9040B1A00140E0C130620020E40
:100BF0000C0D10151FFA05180A01E7EE1114140266
:100C0000F52604F8F9000E0102FC0AF2C907F30EFA
:100C10000E07FACCF6E3FC03FBF2FBEE0E0BFBFF38
:100C2000E70B0201DC050CECDA020118F700F2E830
:100C3000F7FCDF08DD01131B0E030DEE01F5F5F0E7
:100C4000FBECFAF5F2EAF1F5F2FA0EF40EF917EF11
:100C5000E0F706FDED11DB01F2EDFD151A1FF5FCC5
:100C6000050FFE0E02EEDBF70C081E2309FC0E1426
:100C7000181D01EE08F8010E0FF21B06EAF8060730
:100C800006E9FAEDFBFDF6FA200205ED0E1A190F42
:100C90000C00020D08F5EBF4F2F60BFD0F05FA134C
:100CA00000FCF8F610E1F601F70D1E1010EF0BFB3B
:100CB000EFEF021112001A0811EAFE06EC0CFA27F7
:100CC000E502E0D2001416F70D220CF4FCFBF5F956
:100CD00003CCFCE708F0200C160D1300FEEB0D0B07
:100CE000E5FBF3E6E0F5130506EA12EBE1FFEFFCA6
:100CF000F9F104E0FF05EC02FDDFF1060418100E27
:100D00000BFE2207F2FF160CE1E91008F1EF0511C6
:100D10000CECE7F309FB031D0511E8E602020B02E8
:100D20000611D605F706150C050FF717EEF3FA0FA7
:100D3000FAEA03030901F5120E1122FCF9F0F90396
:100D4000EAFB06070110FFF60106FC02D9ED0803D5
:100D50001310EF0402000F230DFFFDF1F720E2084E
:100D600019F50D000A03EEF61B0D0BFC010EFCF449
:100D70000C120012F9E1D608DCE5FCD90F0EF5F4EF
:100D80000AFCF4FEEBFC1B00E1FBDAF4ED02F8F9DF
:100D9000FBF104F50D14141B1018191402EA0304D6
:100DA000150E0D020103FE0BF205FAF401FD1CFF06
:100DB00000F90113E70F0D19EFF613F5071309E713
:100DC0002AF529FC02EE140509F5CEFBF2DEE8D186
:100DD000E5FEE7F1100309F9F7FE00FBF711FBDE72
:100DE000E503E9E8FCFB050021F614E318110613FE
:100DF000F2080C0C0508E817F9FD010604160A169E
:100E00000401FDE8FD18F10AF507FD09FDE80F0EE4
:100E10001813F307EF01E8DE010309FCF9E70F07F8
:100E2000E626171D28F1EDF219FAF9041CFDDE0083
:100E3000D7F9EE27EDEB03FCE12EFC1F0929E7E3D0
:100E4000D701163CF311FAFC2FE00D06BCDCFD487F
:100E5000E816092F120DDA1B080E082D24F3F8E40A
:100E60000BE73CF5E9E641021E021E19D9FE2E12DF
:100E7000FFE5F3EEE1F517F31402DD02E50CFAFEEF
:100E8000EBE539FBFA0E0A07EFF7CFE9130404028A
:100E9000F104ECDFF3D8F20112FDE728FB0BDF0FC2
:100EA0002C00F51B1617F8F80D3E09010F09F2E8A2
:100EB0002318FC2927C81A060E041A020D23001B4A
:100EC000FB031309FA0AFBFDFCEBF61004D2E61152
:100ED0001504E8EE2114C617071316E7C4C8FD1E53
:100EE0000405141912F0F8062AF2E1DEEBFA0823E1
:100EF000F8DBECFEE9F2E5E02A0804DF07E8121B64
:100F0000FB04D11120F414E60F150D0E0DF8FEE4CC
:100F100019D3F1071307FDD1E2F610F9D3F3082432
:100F2000F410DF0FF6F1E8F0DBED0AF403FF060042
:100F3000171EEF0C08DBD7FA10082D31D9F9D42091
:100F4000E7F724F7E2FFEBE8F904F908F40EF4FB05
:100F5000F40F1F2023FC1903FE09060DE305D7F348
:100F60000A14DD1FEE10014114122802F00A0106D6
:100F7000EA1E19CDD203E81CEDE7DACDFF1DEA0A1F
:100F8000C9EA10DE1C06E7EA0EC5E80E161CCF2ED5
:100F9000F3F2F12416FC19EA0E0508E4E9EBEEF48D
:100FA00006F0010AF10CE52606EA1E05F1182912E1
:100FB000FCE3EB0D23F912E800E40DE710FB0C1C39
:100FC000F22633F0F02FF207261D1116CA06DEE3D3
:100FD000FAF70B0526ED0613EDF1E512FCE6F0D16C
:100FE000E9F6E4E000D918F51C26020E02F1F6FB42
:100FF000E91DFED211F5FFE4F7F3F201FB1607E657
:10100000EC1A110217FC1001F911E5ED02F6F8D205
:1010100010E2FB0E15352019081A0801F3F5120A23
:10102000011102F5F7E30A03D30AFCFCB9E4140545
:10103000EB0CDEECEB1FE1DE050FEA09C3F6F5046D
:10104000F60EF409132007E7FF0B00F8EFFA10047F
:10105000DFF5F5E4F9EEF817F63300F7E6F9FC0CE6
:10106000F5EBE7E2E3DAF1F9F2F3DFFB08F7F0F58D
:10107000FDF9CEE5F6FDF80E13F105FA1E17F9108D
:101080001B130A13FC10110A07182AF3F8FE0406B2
:101090001C04040E16070713E101EC0813FAFBED1C
:1010A000F3DA02F7D90AFD08E2030A0F07DDE3CEFF
:1010B000FC0E0B01EACAF303FFF1F9EEF4EBDF13C8
:1010C0001D04EEDFFC08031CFAE7ED0705252D31B2
:1010D000FF0402063143241F0E0008240AFD2320CA
:1010E0001513200E0E0F0EF80E041C1AF9213336BC
:1010F000171AF3FB220C1108F3D6012B00F3F8FCAE
:101100000202190903FEEF08EE090B04ECE8F7E60A
:10111000FDEEE9E516F6EAECF0EAFBFC000000E281
:10112000110000000000E00840401A505201000089
:101130000C1DF4E2031903F9FCFFF7F6E205E7F3EF
:101140001EFDF5F2000EE5EEEF0EFAF211EDFBEBEF
:10115000F0F7EFF804FAF713F6E60E070E12141D77
:10116000E4FD0213E5F101F533EEEFE0E6F1F0D135
:101170000EF0F10E2F24E8130BFA102EF50514E6ED
:1011800007F80B0A27000EF7ED01EE01F2000CD56F
:10119000FBECEFF8010901E5F601040B00E3EE00BA
:1011A000FD0917130EF7F7E3BEEC03FA06F2D8F6C3
:1011B000FEE504D70702FCFFFA0506EEFB1208FB6A
:1011C000F4F317FEEE06F6F601F4EBFB0CF1D8F49F
:1011D000F7E5FFF7F1EE0BF601F6161CEFE5FD1251
:1011E000EE00D3EAFAE3F7DF17F00F06F61FFBEF86
:1011F0000F11F7FD0C19DF0B1003FC0410EEFAEAD7
:1012000006EE1A0204080A100F0303EB2D0AE9EC9C
:10121000D91D0A03F80610F201F8E9F80013EFF6F9
:10122000E70013DAD5E703FBF200E4FBFE0F00FA58
:101230000AF9FEF10F001F0DF90F0DF6FBF20BF48A
:10124000E9FC01E4FB0CE507F3F301060A04F0F303
:1012500015FA040E0D07F70508F21903040CF11531
:101260000401F0FFF700E5EEE8FDE514F00B06F4ED
:10127000F2E8E9EF0601F4FBFD010AEEFF05F505D2
:10128000F803141917EEF801F8EDF60825F70A0926
:1012900024FFFFF5341616F9EB17FBDC010C08FDF3
:1012A000090CE808FC0AFB07090D00F1F301F3EB58
:1012B000F80CF2E90708FB18F6021008FEF905ED34
:1012C000FF05EF05FBD6EA07F30BE8F2F4F4FBE8C1
:1012D00015F3FA010DF8F6F6F91D091DF80C1CFBC3
:1012E000EFE7FEE9CBDBC4F22814F3DA0B0E10FDB6
:1012F000E0F60402FE05EEEDF306F1F3F9EF01FF6F
:10130000171AF81609F0E0F60A04FB0A0EF41402A4
:10131000E1E9E0DD1307FF0000010DFE06D4141D16
:10132000190F03EDEB0F06E1F0F3E4F201F40810FE
:1013300004010BFED311FF03E9FFF4D4FC1DEAF610
:10134000FAFDF70614F0F60608F1090603FBFA00A9
:10135000EBED13E00EF8DEED07E703D20B06ECEC45
:101360000F142B16340C2B0DFE31FE1B16F2F70F4B
:10137000E0EBCD23D1E8DBE8FC0CFCE90FD70D1244
:10138000DF04F3F2F31D110D1627F906F605071217
:10139000F4F01C04F607F7FEB4010EFEFAFCDC11B3
:1013A000FADD1A000C1AE7EDE4EF0AE844F502FF53
:1013B000FA02F813ED0109E906D911ECF21FF7075B
:1013C000EE0FE612EB311FEFDEE3E422EAF7FDE574
:1013D000261305E1E4EAE5E7E5D6D405F3F2F605E0
:1013E00022EAD4F31E01F00AF71E0704E7F3FEFF1A
:1013F000F20FF2EDD91D24112F0519FE0D05DCFFAA
:10140000F8D9FB07D609180E35220DDFF3051D3478
:10141000E80EF219FF040E02E00FF500EC1A11EDD0
:10142000F9FC20EBEB0BD30B082A0703D428D5F8E3
:10143000F00E15D7FEEFEAE419041515FAF4D305FA
:1014400003F104DD08DDF4E5E20E14F0171D0202DD
:101450000204E600FDEAF8CEADF8D90CE7E9E22C8B
:101460001C0016DDFA010FE3F7FB2C201B24E9F624
:101470001C253011EBCAFB12D4F9E9F7DAD417F0C6
:10148000EE16F9FEFD02F92A05F0F40609DDD2D9BF
:1014900013FF0608FED9E8F123FBF2160429FDDE4E
:1014A000F4E03212FCF0FEFF021D10FA131A002ABB
:1014B000EC17FB22220A0107E500EC08E31621FAEB
:1014C0000F1B14020A00F8DB00EF15191918DFFCD6
:1014D000DCFFF90922DFD90725EE0FDF0103EF1E3C
:1014E000EAF31DF10FEE04D5E506D9F010DDF8F3AF
:1014F000FC1A27CC20F90A0BE44A280DF8FB11FC52
:10150000D4D6060734EEF90B1CE004FAF2FD23E70B
:101510000FFCF1F016F0E9FBBFE33117F6F1EB0E2B
:10152000DDF9F1E7F6DBD609E1D6F004C616E9EB02
:10153000D7E922EE23F9C2E3200DEB0508E2EBFB2D
:1015400002F045E8D9FC27F610070616E548F6E450
:10155000D61F08F842CE0D08F2FA001519E91A0450
:101560000111D4F600E8FAEC0A08FA13CA0EEFF8F3
:10157000050F011514F413D5201BFB00D4C1EDD1C8
:10158000E7CA11241AA50B20E20B1106EFEE0F019A
:10159000EFF814E8F4F207FA091BF7F0FF2304DC74
:1015A000EFD6EAF8CFF0F2E5E5DFEECACC1B31E08A
:1015B00009FAF413E6F7020EEE22F8DBFD0706F354
:1015C000141E060510190A02031C2111EAECF01181
:1015D0001E2D2AFAEA0DFAFF15F6EEFDEFF3010FC4
:1015E000E2DEE702FAFAEEFDF10B01F10BEED8E0D4
:1015F000D3D3E504EB05EEEDE60A0F04EADBE9E000
:10160000ED1BFFF4D1C6DFE40506FAF5ECEAEE0CBB
:1016100011F6E8EAE512201505FC0AEEFF100809AC
:10162000FD0D0C030E0B0709F4EEFFF20E05FEFB99
:101630002A1EFA0F14FD05130509F7FB13070C0307
:10164000ED0008E8FAFAFDED09140BF7DFE8EE0704
:101650000DE6EFD5000213FB0000EDF519161F058E
:10166000E1F9F708080EF0E805132727000000F657
:10167000130000000000010A40801A5052010000CF
:10168000EAF8EEEFF6020A0CE0200018F5F707FB87
:10169000081AEB05E4EEF31800EB03F5EFF417F787
:1016A0000BED22F3021B06FAF92D1CFC14FA160DA1
:1016B0001B070604E7F205E507110C080DEEF8F626
:1016C000EFE916060404F306F2FB00F303F6EB0A57
:1016D0000306F206DEE0EEF81A01DDDB05150F0069
:1016E000FCF3DB021AE4FAE4E10E09F40EF9E3E795
:1016F000D8FDF0ECD60C061802EFF71B231221F9E7
:10170000001203FC2B00E00FF30700F91BFB01F6AE
:10171000FFFDFA0CEAF9FAFC0C11070D17020A0F8B
:10172000FDE11C03F8FA0E1BEC10FBEC0700F301C3
:10173000F0EAE9EE03F8EF2A18FFF207F6EBDDE432
:10174000E6FEF7F50F070B0DED0FFCFAFFED1DF4AC
:10175000EBFDFDFFF7FAE404131109FAD70A0B0BAE
:1017600003F8E4F90610F2F3190C050EF01C050C51
:10177000F5EFFA07F6F603DAEAF1080006140EF7B9
:10178000211A08F61B18FD0CED19290C02ECEA14BD
:10179000F0FAF9110B12F7070303F4D913FD09014D
:1017A000F9FBF205F6EF01F2F4FAFF0011F9100669
:1017B000F5F5FA050B03F614F0F3FD111A01FFFC21
:1017C000FBFD0CEFFFFCE8FEFD01DBFFFF11061F38
:1017D000F906EFDE230208070A0EF602F70208ED0B
:1017E0001411FDD8EA080302F5FFF1040F06F9FA17
:1017F000E8E8F410FEE7E906F603F6FDFCFF07044F
:1018000002FAE1F00401FB1A1317E5070618F5F2D6
:10181000F8FEFCF9ECF80601FFDBF8EF1A080AF411
:10182000E00B25010EECF6ED0232EC28EDF220FD86
:1018300008F5F1F3FA04D6F6F6E9FDFFF4F3F4EC5B
:10184000FEF4DBDED7060E02FBEFFA0005FC11E327
:10185000040A0D05F907EDFAFEFDE1FD160DF9F29A
:101860000020241E14FFE4EBFCF60714E6EF0CF452
:10187000FAFF111208D9FEFB01D6FD081508FCEA93
:10188000E4FAF5FCE6F9F30BE90A13F80020ED069B
:101890000506D4F8FB140115EF14E119F0EBF4146C
:1018A000E7F5F7EC0DF209F6FBFB281A090109FF31
:1018B00010CAF606F600FE05000E00EB0D0C0A1726
:1018C000DB29E505EB1C07F0E4F3DBE1D1F60F07BC
:1018D000E8E6F92A0BCD0CC3FC1C33E7EB0F0A2911
:1018E000DEFCE2F419E612EBEDE0D7E5FBF8DD26CD
:1018F0001BF6F6F31BDAF7F6EFDF0DF4EC10F5FD4F
:10190000F5DCEEF1F0FD09EB0EF3F01EE306281E08
:10191000F8EDE314EB361EB7FA1D0002FFE41DFDDF
:10192000E407ED23E1DBDAF9EEFBE207FDFFCAF79E
:10193000FA07070719D30BE80C04F2FFF418F505B2
:10194000F2FF09F9162A1EF00FD3E111D102221C71
:1019500025D8FFFCEBE107F826382008DA170A063D
:10196000B80B0530FB09E00728FCE4130F0EFF0558
:1019700007E909190A1E2502FA2D09D7F0FD05E924
:10198000D5F5F5E6D91D1AE802E80CE407C6FCB463
:10199000E8EFEBF3DF12D6DFF800E2071903F4FA01
:1019A000120CF2EE0E0311F2E51612E902FE1BF123
:1019B000E223F304010DF2E50C0B19D80921ECFE2A
:1019C000221D0EC909E0E527D3F9D3D81DF90FEF81
:1019D00008FC092D100EFB180816E40FF014F4CFC4
:1019E0000003D400F70DF70A0727000B04EF2DECD6
:1019F000141CDD2C20080D2705F00D01EDE8EE0B81
:101A000008D7130404F505FC00CE01000CF20515FF
:101A1000E70401F500FFDBC912C9F5DEE5F5EAFFD1
:101A2000160109FBFC010C200C050E2CEF05EC0443
:101A300000E2F613070A0C13D502EEDA3E11E902B2
:101A40000F0AEF17F6FF1016D9F6DE0EFD1AF1FC9D
:101A500007D0DEC0E4E702FFD302081708F9092B1C
:101A6000F50D10150AE023F2F4231FF4E8110AC162
:101A70000E19002C04072AE71238251D0E0C070248
:101A8000EBE907F310FDFC0CF405D7E734F3100085
:101A9000ECF4E5EDF4F9FD11F1F8ECF509EB0EF6D7
:101AA0002116021F11021D000221E8242AE7061157
:101AB0000FED2523161AE1071618FB2B13E7F3FE8B
:101AC000E73012052BD8EAFA0E16ED171901FFF3CD
:101AD0001344182AF609E0E1F40204F0EBE1101CCB
:101AE00002DFF9FD4413F5F7FF2E1D19D7E8000FAB
:101AF000E8EE0CF60213E5E2F9F71824DFEEB3C3C3
:101B0000E2BFEBE0DFDEE6E5FAFF1CE3FE090911C8
:101B100007E4E9D2182411FDE7F71817F405EFE9F7
:101B2000F8193213FF0613091B0BF4FF041708ED15
:101B3000E9F7F2031C031906FAF6EB1525E9EFCED7
:101B4000E1EA16480300F5EF211B1803E7D6E2F897
:101B50000331F9F9E0FD1C26ECE0E2DD1B25FC0871
:101B600001060F0FEB02F1ECE2FF090DF00F141468
:101B70000C0DF0020A13FF1CF109FE00150E1611E0
:101B800017212D22F401F830280CEADD12160A2C58
:101B9000C8BDE5F006FE0BD802071311F1E4D2CC64
:101BA0000F0C0D0FE2E410F9FD1523040D1202F7DE
:101BB00001DBDFFC1709F3E3E70A1B10000000D983
:101BC000080000000000D8F940C01A50520100007F
:101BD000E20FFBF9ED0DDFF7FCFB03E7F0F4F10496
:101BE00000162204FE05F30C0416D80D091D040F7F
:101BF000140210FEE6E4F5FEEAE206EE02F9FEDD6E
:101C0000F2F2F9EEE905080408F504E307E1FD0442
:101C1000FFE7FAFFEA050DFCD5EE05D203E605F075
:101C2000190809E90CF1030505E408F2E3070204C9
:101C3000F42305FD1202040028291A1410F708FAEB
:101C400014FCF3F6EFFE0623F90ADDF507DB1313A8
:101C5000050BF8ECFCF0F100FCEFFAE6EA0FEFF10F
:101C6000F9F7FADAECD60CE7FA04FD101AE30DFAEC
:101C70001CF12CFBF906F8F9F9F4E4F001E9F7F4AA
:101C80000F0AFF090E0F10E91E040E1F050C011E9E
:101C9000F11AFA0D04F82307ECFCF804080BF3E939
:101CA000ED0DFE00EE0013EDFDF706F8FBFD0DEC6B
:101CB000F5E90CE7E1D5DFF7F8EAE4030EFA03EF04
:101CC0000DFEF1FA24FA231918100021F4FEECFDA0
:101CD0000108F3FE0CF0ECF9FFE8DEEBF5EDF002A5
:101CE000F3EA1AE7FB07180EF60EF2FD06050610DA
:101CF000061402F50BFCFEEE00F71EE80F14110FA0
:101D00000CF6E921F8FD1C1A1902070AF704160E51
:101D1000E9ECEF12D700E2DFF8DAF802DCF4E9E6EA
:101D2000E3DDE1EEFDFBFBE2F8E9FAF0F7F1081381
:101D3000F4190E030E0C1CF5F9E8DFFAFF000DF3A1
:101D400007101105FF1FFF0BF2F6F4011AF501024F
:101D5000E20117EC0EFF00FC18ED0315F4DCE211B4
:101D60000405100E0310171601F20A0B130F141EB0
:101D70001F1E22E9DB01160DF3F1E8EEE1F2E100AE
:101D8000120C02F3FF142603FC0D01E70F011C02E5
:101D9000F4FA04FBE8DDF4FF1BF9F1F402DAF812BF
:101DA00001E6EBEBF3151110EEE5FCF7F100F8EEB0
:101DB000FFF9FDEDFFF616020C0509FB010F0B0004
:101DC000EBF3ED15FC14100B130AFAF2E5FEFE021C
:101DD000EBF7FE14DEF3F5F9FA0AF4F4160A34FB15
:101DE00006060508F410EEE601EBF109F528EE0809
:101DF000EF06F7FD17EEF2F8F10C05FBF0FDF5FE2E
:101E00000309F207FAFAEBDB0E0DF60C170CFDF9DD
:101E1000E6FAF4131411DF0C1015F2ADF4001F06EE
:101E2000FBE6D0E713E9F303EBDE26D7ECEEDED2D8
:101E3000BAEEFF0408CCF4E0D9E5F018FDFD18F483
:101E4000E5FE0520041601022701E4331DF4F32901
:101E5000C204E00C05050F0005E1F4FFFC2906159E
:101E6000EE1CFD22243724FBEB0418E7E6FCF9F313
:101E70000E04EF27F4021902F3200DEDF6FE0FFD1C
:101E8000E7070DE5210EFD1B0DE2E8D8F61411DD84
:101E9000F8DA06F3FF1AE6FFF02730F62419DC081B
:101EA000E01CFEF91E0DDE00F71407EB2315113AB6
:101EB000FAFB3D4415110820EFF53F0808F614DE43
:101EC000D705EBF1FB31DF0EFC0217030A06F01217
:101ED000080CF00A0F14EB06DC0A33FFFD04F3F3E1
:101EE0000509EEFF1305FDFFFA09090A0601030AB9
:101EF000F3DD0D0CFE0CEAD8FF0412F3021DF0E630
:101F0000E1FFE7F2FAFC01D5FC050B1A02092513E3
:101F1000F6280F2AF70FE30803EFFCF2FFFF190B77
:101F2000210127090B242014FC151CCC24EDE2030D
:101F3000F009E50802EEFFDBE5061A091D17F1FBC3
:101F4000FF181DD417FE2DE40E15171E0D08DF1700
:101F50000CFE02EF1A230B172CF50C0624F7F7EDF5
:101F60000EE7F30D1B14E1EAF30BF617E514FF017E
:101F70001DF4E9FD22E600EAED250DD710FFE6F796
:101F80000A0CF3020708F2D51710FD01F9FFF4C39C
:101F90000709F8EA24EEF61410EA1901F02D11FBF6
:101FA000F1E51EF207EAF209E61A15301E0B0209E6
:101FB00001E710F9E306060109EA1AD82C240C14EB
:101FC000EEDD0DD1F4E810CD18F409DE1B0EFE2C69
:101FD0000CEB12F4E02B0710EFEDF8FD02FEDADD5A
:101FE0000FDDED0A0504F0072E0E082FEE45DA236B
:101FF000EE1C1CF9FE242FFCFD0AF9E9EBEB28E9A5
:102000000F040000F2F4D8FB190D1CF327E70FEFC3
:10201000FFFDF3030DD0FDFC01F102F10FEC011BFC
:102020000E08F20B0F04E6E50EF6D219F70BF3FEDD
:10203000FB0122FD1EE1FAD5FEFF00E6F9FAFBF0F6
:10204000E20901101E031006EA0E1E020BE2F30560
:102050001D27DAFB0F1A28090C1D100409060A13A4
:10206000FD0EFA2B1A0B28DBFE0B26210BE301FDDC
:102070000613F0F808E8E2DCECF4D4F5FD1DE6E622
:10208000E10AED04220FDDEAF210111D3BF9DE0832
:102090000F10FA09EE1801F902FC3BF9EAF6030EFB
:1020A000F5FF02DFD7EEE4E3FA0D01EF0AF5FD15C7
:1020B000FF0E0E1F1A0BF00C2F2F0FE9091205F25D
:1020C000E2CB1608ED08EA0B1A25FF05EDF1E4D086
:1020D000E6CDE0D7D7F2FFF5F8D3DEF8E6F60EED61
:1020E0000000E11807F1E9DDEFF5F6F2E7F201FF94
:1020F000F90BEEF5242C24F5FAFFE3E119E904FCD1
:102100002802462A0DF7F0FA2B31F8F9000000F703
:10211000140000000000ECFE40001B5052010000C3
:10212000E10C000F16E3F603F40D0C0A0704FEF2AF
:102130000406FEFE170D17083214021910090E02CC
:1021400006F8F200D511ED06F8E0FDF9EDE505EB36
:10215000DAEBD9E4E4F4FDE411120BF5051DEC18FB
:10216000EA0EEEF51A0B02FFF8010CF3DCE80DF8AD
:1021700005F9F5FFEDFBDA0BF4E803F50907FA03BF
:10218000EFFCF8F400F81AC9EBEB04E3E7F8D8E940
:10219000EBD5E1E30A0CF800FFFAF0EF09200A0F93
:1021A00015100A1308E00114D8E823F7D10A03FA3E
:1021B000EC0DFBF830F923FD0F091A06F40E0807A1
:1021C0000B0118F4F7F6F3090807F7090512F90EE1
:1021D000FE10FEFEEDEFE913FEFB0CF601061E0DF0
:1021E00009061A13EFDDEC0CD6DFDADE1903FCEA80
:1021F000050B0C0DD7D2FEFC39F10001EDF8FDF016
:102200000CE4FC05E3DAEBECEEE0F113E8ED12EAA6
:10221000EFF5CE0507091F02092522EFDBD2E2C048
:10222000F911DED012350CE8DDDDECD6C9E5E4D7D6
:10223000E6E5FBCEEEE6110A01F4FAECFE03150D1D
:10224000F00DE4FC02D8F3E4040AF7ED06F6F8F822
:10225000EC02F6FCF3DBE7140F080001F400EDF2EA
:102260000E230BF8F20B1F0FE9E616FFFD10FEFB25
:10227000F8DAFA09DB0100EA08E7FFEEF7E9F3080C
:10228000F4060301EF170E1DEDFEEB0C06E8F91640
:1022900005EDF8F4F413FE0DF92C0C0DFFF711FF0A
:1022A000DDFA020205F7F9DFEDEFF0F0F5F90D00C8
:1022B000DC05F00CF7E9D1081612FFDF0B00150A58
:1022C00010F50604FCF50E1CFF050D0FEAFF05FCDA
:1022D000FA2310F6F8FEFDFD191D0BFA021DF80792
:1022E0001721150813F913F8DDF10A0F0023D6FBA7
:1022F000F41E06F4F83D09FAF1FD15F8ED021FF49D
:102300000618FCFAEBFC0111F7F608DAEC04E2041B
:10231000F2E2E3D8CBF003EAF340FD20E700170533
:10232000E5FEE4F8F7F0EDD6DBE2F5E324140E1D4C
:10233000FFFC17F712FAF7FE26031808072005EE30
:10234000E40401111E0CF207F4FD10240FFD11022C
:10235000E9EDE7FBDB08DAF9E2DFECEFFEFCFBFC82
:10236000252027030602DEF6EFFC0EE81E01CCF95D
:10237000DB000C04220721DF0B090203F30F08F72F
:10238000040C020210F2F6F304F826DF0207E4FC64
:10239000122707EB010C000DF9F6FD0F00D42018F1
:1023A000EB110AF3E2F6FFEBFEECFB09F10C27E779
:1023B000F129E1EEC104F1D9EDF10702D2D2DD003D
:1023C0000600F6F3F4E4F818F4BCE8F81A170BFE6C
:1023D00005F3CBD8CEFEFC430AF9F0EFFB19D72763
:1023E0001D0DE6010331FDE3090109F400FF190A9F
:1023F00008EAC6D2FCF000F5372C12072B32234531
:10240000F4F829460AEFF2E0E809E30620FBFDF3C1
:10241000FD081A2B1E0AE9DDF646E12300F4F7E673
:10242000F4F2DAFC0CF8F20DFF0611F908FB1211B8
:102430000EF111F521E2EAF7EFE5E704040D0811CA
:10244000FBD7DEF9F4F4FADB0007FEEDF2FE02E45E
:102450000B17F3E7F5E3F8E2E7F20AC701F0F3013F
:10246000ECFDF6E3FF20171113F1F30215E6282225
:102470000BFA2422FAFBEBF30312FDF70FDFF9242A
:10248000EF070BFFFAF526F7040E1A02FCF9E92B09
:10249000EAF8150C10F00EE6DE15FFF7D8F6F00797
:1024A00017FB0BFAF0F2E9E50406F7FD0CEE01F27A
:1024B0001906F4D5F7CB0E0907FEF60D1712010326
:1024C000F80125F00306090B0CF011170E2EBEFAC9
:1024D0000DF5EC11ECFFE60D0B1F12FCFFDE240ED8
:1024E000FFE6D0070303000CF1F709DDF106FCE578
:1024F0000EE9EC23F1FA08E7020F17DA171A1809A8
:10250000140CF21C1409050503011C0DF20DFE123A
:1025100016F6FC0CFAF5D2FD0D0E1D11E3E7FF10C7
:10252000F3FAEAFBEE23EFC9DDF9FA0EE02002062A
:1025300014070A06FBD72FF1ECFF0E02E30E1BFD7A
:1025400012E3F8FDEB05F1FB000509FB14EF07D8DA
:102550000E08F8E8FF03F50206F908F2091FFD046A
:10256000E0FAF41A08C8F4FAEC170DEA21F6F4F1CF
:102570000605122AC613D40A1026F81723CFEE1622
:10258000031AEA2006F2020215FAFDF9FFE703EC4E
:10259000D3E8E71F34EDE41A1DF4020B0C08D53024
:1025A000FE02F0FEF70CEE0CBDF200F4E3DB02F3EA
:1025B000000B020AEDEBC40611FEE7D8F601111478
:1025C000F8F9F5FA0003FA14F6FAF6E30CF7080640
:1025D000F8E90505EFD20309EF0217010E19EFEC38
:1025E000221215F9CD1C16130D133301020E2F13F1
:1025F00039210FFA3219212A1E0E161D0E2A3029F2
:1026000010290E07172107122B06F529EBF4F90400
:10261000F502231FD5ECD40A49F2E7D3E5FAFA060E
:10262000D3C7D9ECE9E73AE0E0F6FEFAD800FED8E5
:10263000D1E4CFDCECE6DBE1CCE1C5EFCCEDF0CCD6
:10264000E8DFBFD20CCDD4F300DBD6EECFEAFC0E30
:10265000F1F3FEDF0F071C2802F1B80E000000099D
:10266000EE00000000002B3140401B5052010000E2
:10267000FA0DEC0D07ECEEF7FD0BF3FEED130D1864
:1026800014FE0104FAF4E8FF12120D0C0E010D26DF
:1026900000FBF5FDF1E605DEECFE11F814000BED94
:1026A000EA0911F5F20D0A00221918F90BFC2207AC
:1026B000EBECF8FC000BE5FF07FA0F15F1E91BE462
:1026C000FBF70CF82212ED12F90E0819F6FEF804C9
:1026D0000008F0182DE9FAF102F5010805FF08F7E6
:1026E000E8FB1F02F9F01EF7FF08E7F303FAF7ED26
:1026F0000112F00600FF061106FBF0E0FDF2FF09F3
:10270000180C04EFF2EBF2EB09040EF602FC1100D8
:10271000022C12E704E9F40EFB05F70E0F0906F789
:1027200009E3070DE5000623EF1C1511041D06DC67
:10273000000DFB00F9FEFBF308FB04F9E1F205F8DC
:1027400017000919F405F5EEFE04FEF7070C0B124D
:10275000020F09E4F802000012FDF8020511EFF380
:1027600005F119110F1FFB0AEA0D02FF01F705FD24
:10277000120AE41DEDF2F711E0FDEAF2F909D70DB6
:1027800010090B18171B011120CE071D010D06188B
:10279000E2FDF8F6DAEBFBF003F214001413110A71
:1027A000E001FA1703F2EE091302EDFEEB0DF9FA60
:1027B000FFF3EFD0E5E9F11902EE0AF8F608F5F7B4
:1027C00007EA17121CFBEC08070303000302E902E7
:1027D000F50AE52FFC01E6020EECED12F1FFFCFE1E
:1027E000EFF408FCF8150FF71FF4E6DD0C02F11802
:1027F000FAF3ECF7EAFAF3E0040F1608FA23F316FB
:102800001AF50D06F300140207FCFFEE06F209F8B4
:10281000132D10F40CF7F805FF1208023819040FF5
:10282000F709200EF600F80A1C1810E7E9FFFFF67A
:10283000F605FA070B00FD03F210E817F3FF03EDAE
:102840000304FFEE09112608F6E21EF4E40409ED84
:10285000EBFF02FBFBF6E70DF716F914FA0C05087F
:10286000011CE207071FF20711DDF1FD12280A1310
:10287000EFE6E100FDF0031BE7F4FF21FC051DEA94
:10288000FBFD09000AEFFCE3FA07DF0FEC120C1066
:10289000EBE2FEEF0C1316FB0DF511FAF3F8EE1355
:1028A000F518FA0000FEEDF2030D040FF5E9071428
:1028B000FE2D0DE802F609130923E509CCEE1506F5
:1028C0001D0FFA05EEF717E32F2FFEF5ED274AFA55
:1028D000DB0B03DC0BE81C14FCDDF1E11FE1D60986
:1028E000D6E7D8F2EAE2CBFCFD12E40603DE01FBF8
:1028F000FD16D8F110F3090CEE1408BE0921D90D0C
:10290000F3F0EDF8E40C0ED1EBE82012EFD9F5E589
:10291000F8F506172AFC1302E813040BEF0F07075C
:102920001B0905FDFCE6F1D1E7F7111CD0F6E8C064
:10293000CDD9F4FEE9DADBC4EAF4FDFD3503D112AA
:10294000F1E301F503ECF51E530CE321030A07162E
:10295000D3E71413EC00DDF4E308E32BF21111D4F8
:10296000F41C0307F10DF2FE2E0328010BF4FD1BEE
:10297000EEF7D6E6FA06F6F9E501F5DBF2350FE0FB
:1029800030F900F2DDFEF0FE05010D060B0511F435
:10299000F4ECE90BFEFAE603F0ECCDEFFC1E0708C1
:1029A000ED0E17C7DB19F2E9F0E404FAFDD6DB0EF1
:1029B000F31312EAF30B0B01F8110DE61701EDFF0B
:1029C00014FFFA1F051E231FE613F20819E5EE2275
:1029D000F5F7E4C41AE4EA073108F20F19D303EF5C
:1029E000FBE806EF19FEFE01EFE9F2DDE7D21A0877
:1029F000FE0D0CEE11DCCCDCFF03D4DC01F2F21393
:102A0000142A1AED0AF4171DFEFEEE180203011235
:102A1000E0E9E1EA141A12FFFD0F08E3F3EFEEF923
:102A20000C1D19D0101519F5CEE32B22FBEF11EA7E
:102A3000F9291720DAFAEFFDE714FEEB073C041D35
:102A400008EF12EC08D7E810E8F6DF11FBD203E735
:102A50000224021DD8F5FB022DF61629E601E9EC49
:102A600023F9031BCB14EEF1141A050E02011D0706
:102A7000F6010228100902E20C0AF6DAF305270A29
:102A800011E3F810EE15F6FFF8F833F60C071235DF
:102A9000410A0D0CF508FB11F82C1BEE41E1F7F48F
:102AA000EEE4391D17E415E5C4F51DFC092B1009EA
:102AB000F628DC0AFA1C1BFDF407C5FBE70D310202
:102AC000F3E703E4202BFDFD1AE8E711FFED0FD932
:102AD000D7E2EA0309FBF5200921F52CE204E21B09
:102AE0000FF8C9DACCFCF4CD2AEE00FE11051DD892
:102AF0000FF8E313EAE4E201F1FE101ADEDEF3FA66
:102B00001B14FCEF0AFA1506050F00F81E091A310E
:102B10002705200F22162311FA14F4100415140AA5
:102B20001108F60A08F32513371F17161710E001CE
:102B3000F7CFB6F1EDF4F9FAC0F330FBF402DCD1D3
:102B40000DE7FB0DC8B5CEEFE2C9F8E1C6E7F5FC2D
:102B5000D2EDB5BC0F19EBDDB9DDDFFF0E04E2FBF2
:102B6000EF000A35E1F3F4C41E14191D230BF40D14
:102B70001C1C1A220304FEED2D2633200FE2031342
:102B800007F6F0E709011116F8FBE505F9FFF5DD99
:102B9000E1F2DFE3FFF0EFDDEFDB0306F4E7FB0834
:102BA000EF02EFD9B3CDFE0DF3FD1E090000000AC0
:102BB000F800000000000C0140801B505201000092
:102BC000F30BD9F308090F171B08060D0BFDECE5F5
:102BD000FD0F09E71204F9051610F601FC0E0501B8
:102BE0000BFD12FC02FA00FC01FE17F31CF6EC01CF
:102BF00005E9F1050C18FA05F3F5EA1B10F60005D6
:102C0000DB0AF7F8F50CFC1D0501F6FE03F70C01D5
:102C1000DAF9EE0BE40106FE0FE413FCF2F8F4FF20
:102C200008E8FFFE040CE6020B09F7140500030B8D
:102C3000DAE4F707FAF4FFDFE8EFEFF9140518F428
:102C400028F0F7F3F1090EE92600F30AF5F8F1F39D
:102C5000F9E3F2FD0DF3FAE80608FD11E12006F4B0
:102C6000F8FC0A09EDE3F104EDF707EDF5EAEB0DE9
:102C7000E8F510F4FAFC080B020EEFE8F81D0B0C57
:102C80000AE5FFF7E2100DF5E8FAF7FC12E9DAFAC7
:102C90001EF01E1BE9F70A1F19FBFCFE0BF6F10BD9
:102CA000E4FA15E6F308FBEA02DAF3DA06F90302BE
:102CB000F900F8050B0EFCEFF60AFC0AF716190AE4
:102CC00003FFF71103040502F7FD0CF8F9EA1105FB
:102CD0000EEBE41D03F508FAE9F1EDF6E214FA1340
:102CE000F507F6E9EA0314E7E900F4F5051011F930
:102CF00024170D0F05E3E0E8E5F00C14F21FF827A8
:102D0000F8EBDD0AEC1B240317FD0D1F12FDF30B7E
:102D100012FEF317F9FD0FF309FAFA000B0302177D
:102D20000700FEFEFC10EE1503070FF92202E3E692
:102D30000907EEF0F5F411050509EE04F8F7FFF1C7
:102D40000EFB160FDFEFFAECF80807EE03F6DE04D1
:102D5000FBFFF314E2E4FDEF040509DDF7F70216CB
:102D6000121404FFE102F104F1FAE6EAFCF5EAFCD0
:102D7000F7E3F1FC0909F3F3E21C0C0F0721F40C53
:102D80000233FEF718F619200813F0F9F60CF0FEDE
:102D9000FCFC01F10A01FDDF0EF40E180F07F5240B
:102DA000F2130119FCE803FA1815F5FDEDEDF5E64F
:102DB0000DFAF21EFF06EE140031FE01F8F4F7F4EE
:102DC0000AEA12F7F6F3DBE6EE0018F207FFFFF867
:102DD000011F000509EEFC01FB060617150B0FFE8F
:102DE000EAF5E917F8EC1D20FD1813FD1A11160D70
:102DF0000BFE05F8E701FDEAE808F5F1F1FF11FD2A
:102E00002D10D00ED4031D0118ECF9FBD610E6FEF0
:102E1000F10F1418EF0F13E41217110620412D12B1
:102E20000A32FB20DEE80C09F612EDF81604010B5D
:102E3000F31220F0D0FF0401D9E917D5E808040700
:102E4000FC03120BF3F3E50117CED3E72307131CA2
:102E5000F1E7C20A161F18A3E8E618FAF72CE20FEA
:102E60000C1620001F1808E4E7D6EF20030020EE20
:102E7000F0F2E5D4CA2DF2132AF909060D130C0855
:102E80003617EE0BF2D6FF0DF108EBEE01FCEEFD6E
:102E90000EC3FFCF00E8ED2EFFF5F108FEFBE900C1
:102EA000FBEA220FFBD1EC02F7EE06E40832E0F673
:102EB00004FD1D3408E2FCEA111DD610EDFD06FEEE
:102EC0002001F901F5DDFDDF1DF5F2D8F60C010A50
:102ED000FD1CF7FCFADF00F7C70B2104E3D9DCF493
:102EE000F60AFD2610DEDB00F7040B2011FC34F798
:102EF000E81CF82E03DB0E09EDE2F00DFDF0040CEA
:102F0000010E0610F3FB1142E4FE0814F0EB0FE58E
:102F100004060F1716EA19E8DE091AE90D2D07F164
:102F2000FF11D110ED140ADB1B01042A14D908E7A4
:102F30001B15ED00EC0A28F5170DFF1BE207ECD47A
:102F40001BEA0B1112FB14E2F205D6F9E5110E177C
:102F5000F1E5C4FBFEF7D80AF4FE00E8FB04031811
:102F60001D0DDAF61C18EB2CE507F5FEDFD4EB128D
:102F7000EB0205DFEDC5F212E0EEF804F6E11FFC0E
:102F8000FCF2F4FCDF1D20E8CB0BF5001107100567
:102F9000020004F6F6EDF2D70FE9131301F0230E49
:102FA0000FF9010D0207E21315DD17F5042902E8F8
:102FB000EAF91DF40DE816FF30160608051FFF1D7F
:102FC00000D21128E6DAF3FD1BFADAFD181BFA1E0F
:102FD000FD07F8E8081D04F5CDC51F02071D2F05E4
:102FE000E4FA07410BE5210BDECC060CE9E8F5FF1E
:102FF000E8FD02E809FA18F80627F20EF3FCF3E8F8
:10300000F809F324DC11FAECE5F207DB1A09FE0BF0
:103010001DDEEFE80BF4C201E70EFB0506E6060A2B
:10302000EBFBF911EFFC25EBF8060C28DAE613D7D9
:103030000E0405001CFBED00F0FD1EF70B312520F2
:103040000002F3EB17E9DDEDDBF21028EAEEF1EF19
:103050003014E9D5EFE5DC001BF0F0EE1711451751
:103060002F260A181EF6040B371713F90118FF2331
:1030700013E649F702F3FE04EAFDF3F50FF702E663
:10308000FF1201FEE1D1E1F907F70EDE00F3D6E40D
:1030900007D8C9F9CAE7EC0CFCDCE7CCD4CEF908B8
:1030A000E9CAB0AB05FD0EFED9DDE7F012FC03075F
:1030B00001092211010B1CF410F9F6120DFAF806A1
:1030C000F523110911F60FEA34160FFB0E250B2319
:1030D000150509ED0818341FFEE5D41B01EF06F0B5
:1030E000ED09D6ECDDF1EFF6F7ECE4E1FB0DC705F9
:1030F00003F504EB1C0404FC0712F726000000E5AE
:103100001F00000000000A0440C01B5052010000D4
:10311000F3DEFF0CF1F7FFF7030AF1F80DEEF50807
:103120001DEFF2FC00F6F5E2F80BF904E8FC01E90A
:10313000F40004EEE6F8FE03ECE7E30B0803E4D842
:103140000A1CD3F917EDFFFD0405DA0DEB0133037B
:1031500000F3EE0C19FF061418F30D19F304F41D17
:10316000EBFD19FA0BE3EFF5F1050A0905000A1664
:10317000161C01EA01EF0E0809EAE6F80FF508F758
:10318000020F1D36F50FF4DBE6EBE60A2103FAEB3E
:10319000FD090AE51619F41E1802110CF816FCF7C1
:1031A000E505F70D08FD0C04F0F0DC0E04EDE9FE7A
:1031B0000E070412EB01FE01F505F4120EF8FBEA0E
:1031C000FC09F9F8F704F6FEFA01D315E3F7E2F685
:1031D000F1F8EA04FBDBFA04FFF1EA001100F9F769
:1031E000EE08FFD50D261CFE1400E7FE150114089D
:1031F0001B03F9F7DFE8F00606EF0605F90206F70C
:10320000F2FDF7FBEA0D06E7E70403F3EEDEF2FE5C
:1032100001DFEDF7FF081DF70F00EF10FFFE0AFEBC
:1032200014F108EE01DEFC0DF1FC2104F807E1FECB
:10323000E9FC0B0907100E11E810F8E3020114FA7B
:103240000FFAF811FFFA0BF50C08E9012D1913F923
:10325000232C051CFC091D0303D80B0DF2E3F80118
:10326000F508F8FB00E2F80BF9F0E4F1E0FEECF908
:10327000FBEE20F2EFD5DAF2FCEE04EAEB00E40319
:10328000F1000BFBEDE700FBF7F4181D05F2FDFD67
:103290001E07000EE2F000F5FEEA01F5E70C17F557
:1032A0002E1B121DE5F7F01AFD05DF050703E703E6
:1032B000F4081E0DF2F10D05E4E8F2F018F9080C1F
:1032C000F1160CFFE7F7EA12F1030A03F6E2050B29
:1032D0001911EDFA0E1C081AF91F0107F0F8F4E6AF
:1032E000E3DDFFF41A0B01131E0C1C06E6DFE808F1
:1032F0000200DAEB1C0A0BFA0116ECEDF8021DF9DC
:1033000006EDED09E92409F3F90CF8D716E9F9F906
:10331000FCFB05FE15FAF8E9ED08E6E021132DF1B6
:10332000EB070A1406F11404F0E3E5DDFDFAFE12E2
:1033300003F50508E8F2FB0E1303DCFC1D042B2744
:10334000FD1B07FE0BFB100D04FDFAF2F0F309EE76
:103350000A0A141311F4F6ECF80706FFFBFC0C1133
:10336000F4E4F80D12070DF41FE807180929EB061D
:103370000311F5ECD8F7F8F0361B000FD2FCEF0381
:103380000A0ADA09E0F8F0EFE81505E90D1310F87C
:10339000FED01D0ED5E3F0D609DE0CF101FC06FDD2
:1033A00026E5EF18EE15F3D1FE040D020BE1FFFD4B
:1033B000CC190C070C0AFDF9FDE9EB17D2F9F1FA6B
:1033C000110422E0EC0D09142F14FAF304CA0C00C6
:1033D000E9E7F2E10701D3E31B1CDEDCC0F7FD13D4
:1033E000DCFBD3E2EB2CF70807140E083204031CB5
:1033F000FCFD06EF1DEDF80DFB3905EBFBEEF715B7
:103400001AEF0CF8EA16260026290C1AF5D92821FD
:10341000DFB5010806EAFEFFFD23F0D800171430DF
:10342000F01C1CDDCCF70CFF0524DAC72F0F381277
:10343000E006CD27F9F719D6050C29130D151DDB6C
:10344000F5EB030311EDCEEBECF8DF0B06F9EFFE25
:10345000FE0FEBE6E1D8EEFCDA0CEFFF0C1D19E6EF
:103460000EE3E814C5FAD5E201F91FEF00F209E80E
:1034700008E6F81F1D23FF2BF80CFFF3DFEDF3FF29
:10348000FBF11012E3E734F0141B0C3D0AF0F906CF
:1034900013F4E900F1EAF00E0F12E8F3E1FA07374E
:1034A0000F20FFF0F8FAFB10FAF81808ED1EF3F001
:1034B000D600ECEFD007F8E5FF1008EBE9FE2B2370
:1034C00007F1F4201817F9FB140723EC051521E484
:1034D0000B2CDDCB2AEEE30FF9260C14161F01127C
:1034E000F8052A000123EF0CE5DCF6EAFAEEF30911
:1034F000FEFCF8DAFCEADC11FE071D1EE8C4E2F966
:10350000FF1E24EE04021C0D050E0123D0D9010A72
:10351000E7E4EBD7F90405F9131810F607F3FDEE0D
:10352000E916EFF0EFFFF6050D23D3EDEF0D15369D
:10353000F5140B010A180501EBF1EB39F11D19F433
:1035400007FFFD2CFEF3E4F8ECFFF826D906021085
:1035500001021FF1FE0905F70C061FE819F6E82223
:10356000F811FF051B21EA14182CFDEFF3E603ED1B
:10357000171700F410DEFB2BECEBEFFE13021CE937
:10358000ED01F51C2FFAF80BFD15DBD91B15100307
:103590000EFCFDCCDDED0C24F9CBF0E5031500F5B8
:1035A000EDF5CFE71003E1EA26E8061AF7EAF9F8A5
:1035B000172423F8FEF50A21220DF4F40B0C151440
:1035C000EEF2FF15000828190715FA091DF709ED95
:1035D000F2F31312090D0B0C20032B1210FE0F191E
:1035E00017FFE3220601F6F1FCD9EEFCCED3F2017F
:1035F000D7DAECE0DF00E6DBDBDBD9DAEFE4D6E5B7
:10360000C9C8F109240908E60419F61EE8F5D4EB47
:103610001614E1DBEB0D0615FFEEF5F409131106A8
:10362000E6FD1001162212E5120D0B2004DEEC0C53
:1036300020FF1E13F8070C0CF8F4F9DC0713F9F45B
:10364000FEE3DC04FDEAF4F10F010B09000000EEDB
:1036500000000000000002E6400058502001000079
:103660000FFBEEEEF8EAF7E7190B1301E8DBF501C3
:10367000FFF1F4FEEEE80819140507080811FA0A2C
:10368000E6FC0F0EF20408FA03EC02F3E8D7EBF6BF
:10369000DAE50306E4071406F9090AF5071209F446
:1036A000F3F701F2EEE9F4EDFC16F0FF02FAFF0E7B
:1036B000000207D605FCE8E8E0F7F9EDE4E6E2FFF2
:1036C000E5F3FAFCF204FADA05FDFCEDDFFDEF09A3
:1036D000EE00DBD10B04FBE00603F10215E406DE8D
:1036E000FB0CF5FDF1DF0AF509062102EDF90DF5F8
:1036F00006190A00033C12F6FA150A0BFEF701F947
:10370000F5E4FC05F6DEF91E1600F4F50C2CF302C8
:10371000F90E17FA12EE0DFC060C11F7D21E0F0867
:1037200004ECF6FDF5F108F3E1ECF3F00FF1F0F441
:10373000EB0EF8FDD4020EF30727F5FDF00017FDA0
:10374000FCFDF6FDD700F9FBE517F1D90CF8F612F0
:10375000FBEA0E1F120DF5F30F1618FDEEEED9DE83
:103760002134CCC510FF2E260AC9FE0DDD00F50957
:10377000F1E214FC04232814F8DFEAF20B1107002D
:10378000E0F0FCDCE8F5E6F3F01DFAD3EC0F0A09F3
:1037900003F1051FF00200040511EEEB2C02F40208
:1037A000FEEAEFF5F8EE1E1604190BF9FB07FE0C06
:1037B000F9E5FD01051FED09E7F7EE02FEFEF60350
:1037C000F80420EDF6120D1A111214FA090EF9F789
:1037D000FEF0CBEE20060BE7370C0A0F030D1101AC
:1037E000D2080B17FFE702F3DAFEE1F3F1FE07114F
:1037F000FC01F10CDEEBF403F8F807F80EE7FA0A27
:10380000F42EFB05E3FFFCFFF5D0F2F617F7F60DFB
:10381000DDDEF100ED07F7FE0C19EAEA0D130614E0
:103820001CFE0C0B1AEFFE2DF9E3F9F8FEF6EDFB8A
:10383000FBF6ED0BFC0A0420D4062002F20D03E493
:1038400001E4FFE204F3100E030B12FDE702FF1187
:10385000F108D006EDF800E613FA08F0001304F6BC
:10386000F2F0FAEAE9F1EBE4EBF7E8021104F319FC
:10387000000F0810FC1714FFFAEDF0EF13F10A1C0B
:10388000170912081908F1FB0614FF25030BF4F5BC
:10389000010EF3F10CEF00F2F9FEF4D30EE912ED94
:1038A000F817EEE0EE0A021EF6FBDAD8E10AF7E6B8
:1038B000FFEBEDF8FE08FC01FDEE11FE3700FAEB20
:1038C000DAE8D5EAEFE8EBF8EDF3F30311D71B0DD7
:1038D00001FA100FD8C6E9EB1FE101E2F707E5ECAA
:1038E000CCF6EAD2FB170701ED210A2C12EAF9F710
:1038F000F318E0EA070AF2002801F1F116180B06A6
:103900000B2DE932D5E505E71EC6D3F131000ADFFC
:10391000C4FF10E42B22E7E1CAEC1405221009D3FE
:10392000ED06180B0C180DF7D20F0FEC0BFCF2F68E
:1039300006130A00E8000E07EA0405FDFCE6EFD8CE
:103940000D1AF9EB35E7D60728EABBFCF9EEEEF4E1
:1039500005F4FBE10A16F01E030FED2408181BF016
:1039600010003C0FFEF4C20902FDF2E31A0C12D261
:10397000F01CE2FC05F91D0201E209ED191904D958
:10398000D6031DF5D300FDDC1AEA10F5231AEBED82
:103990000CECF3F8F6FDD6F6F7F7DEEFF6F20EF5DF
:1039A0001EF82112FA070411F50DC70ACF0A1C08E8
:1039B000CFF806F20005030405FAEB222FF5010407
:1039C000DA21EE14022403FBD6E8E90400F505062B
:1039D0001FF821311EE3052BF9131D1B26DEEE25F2
:1039E000FC24D9110C33F2301B1616EE1DEE18050F
:1039F00005E3F9FDD1F9FA0DF0FDD7E5FED60B157B
:103A000006E1C1EE17171DFD051406F61E2DEE1179
:103A10000FF6011907EEF024072A0CF6F3EB02F873
:103A200014E8F5F4F90CEBCC012200ED0C291D1C77
:103A300031E9FE00180FFBF9141C0C0FE30B0BF817
:103A4000FEFFE3F5E2F70BE8F6FFF7FB0328FED3F2
:103A5000F614F9DA0F03161317EBD429FD090AD26D
:103A6000E3EDF6DC0FFCF8F01FF4E40607051203A3
:103A7000070F0A00F8F512FBFA0808FA0F1A1BEBF9
:103A8000BBDB18F41D17F0F30713E9D811DFEB04C3
:103A9000F4E71422FA03E105CD3207E70CF8FF1D25
:103AA0001D1511EDE6EEFBF506EFEAF9C1D9F3B904
:103AB000FAD3E3D70702F5F8E215010306FCEFFBA2
:103AC000F621F7E2040C031EF0DDEE120A0DF7F406
:103AD000F5F31706E42208FEE61AE1EAFDEA11FE14
:103AE0004040585020010000231C0C0C2CFE0EFC02
:103AF000EE06F30903F5E6DA21160D06E412E8F501
:103B000009F51309E5070613E3E8EF0700F0140CC5
:103B1000FAF9ECEFF70A010BFEEF0CFCFEF9ED17DA
:103B2000F810111C16FEEFF1F6F3F2F8E9F2F0D4FA
:103B3000DAFE22DFFC12F8031B170D00FFECF31571
:103B4000141AF9E2E609101925FFFAFE080B01F92B
:103B500008EA12FCF5E8E7001C1000FCF9F817135E
:103B6000E7E7F2E20A08F80602E90F01D4EEEAF20A
:103B7000F5E40811040E26E3E00D14ED08101AEF29
:103B80000B1FF6FF17010019E1E20A06F90223D91B
:103B9000F8F5161209F1080F030EFB11DAF5F7EC30
:103BA000FEDFEEDDF5E404050A08E8FF00F9FE0695
:103BB000F7D92008F2EC1507FEFBE6E71DE9F4FC57
:103BC000EE20ED11F615F7FCF8E90EDA04FA130809
:103BD000F01311FDFCEFF6FE0907F1E5EF0003100D
:103BE000F1E9E8F905E809E1DA0CFE1C10FD06E54B
:103BF000E2040511EDF8EEF608F106040110ED1AE5
:103C000010CFE7FDCB0CD9E90B121208F7F70FF133
:103C1000E90506E60B1CEFEFFEEFE2F8F5181D16BE
:103C2000F1FA121805F416F3240FD2E9EE07FFD9C2
:103C3000FFFAFAFAF602DF040C1201E3F902FB12B2
:103C4000F1F0F7F8D52908F003F30AF5FDFFF5EADE
:103C5000FDEA020E0FF11F1202E0DF0A0BF3FF0371
:103C6000FCF8E5FED415F71C040BFFE4F20717FC83
:103C7000FC0C100A022913FBEF0800110AEDF712E1
:103C8000E7F9070411FCE2FD0305250504F6F2F54A
:103C9000F7F31801E5EEEDF718F9D30700ECE9FFAB
:103CA00012FC09F10FFEFA1DEFEDFFECE8FEFF0C30
:103CB0000BFEF009F7F7FCFC0A05EA0BF309FB021F
:103CC000EAFADFD6F8000611FCEE0B08020CE5F26A
:103CD00008F9EF1601FDF3EFEA020311E9F4F6F03B
:103CE0000CEAFDF522000AF3F2F3F2FEF8DF09F226
:103CF0000B10F2011AF50DE6EFEC03FE0DFC0EFEC3
:103D0000061FF906100DFA1213CCF6F002FEF7EAC0
:103D10000EF8F5F2F1D907F2F2F2EDE0F211D10B63
:103D2000E3F824E7170A090A10EE1CD3CFFCEDE8EC
:103D30000CF9FFE3FB24D8F50802F9DBF1190107C0
:103D40000F22F90022FF01F00925EA020FEEDBFD48
:103D50001CFCFB0130152815F8DCEE13F0020307FC
:103D6000F1ED0B19BAF41EF0F0EAF3D324FB1A3785
:103D7000FD1519EFF9051C1307FB06F9D9270E1BD2
:103D800008D0FA0307F22E0BF0F5F0E50717171528
:103D9000EDF9E11205E425E50EF2D4EFEC0E1CFC82
:103DA0000E00130909EBF20B001304140BE216EAE0
:103DB000FC0CF310E106FCFCFF0E2AEFF304FBFB06
:103DC000EBF5F60504EEEB11DC2006E90C150C1200
:103DD000E00EDA10DD0EF60110ECE80113EDE4F070
:103DE000DBCB0A122A07E8F2EB2B2DE5F7F0FFF9FF
:103DF000031803FF0603FEE6FE1BFF2127EA12E07D
:103E0000DDE4DFF44210E5F4FC0D2409F3E8FD28BD
:103E100023100A074404371E1133FC08F50BF10682
:103E200003340604E53BFBFEF6F8FB29F217FF0D11
:103E3000F5F1FD0317FFFB2908191D11F7120BFA05
:103E4000E8F722FFE626020C2305FD02FCFDFF2514
:103E5000F0FFE604DC00F6E000D6F0E4EEE8FB1349
:103E6000030426E1DB0206CE18E5F30EF5F219F4A1
:103E70002406F7C00717F115ED2E101B0F0AF7CD1A
:103E80002B2C32210201F9F70813F60FEB15FD0771
:103E90000814FEEF09201702EC04051E11EEFCD0F9
:103EA000EEE910200DE5E3F5D2F4E31E1901F61654
:103EB00030010AD7F606EACC270A03FCECCFD00B78
:103EC000F9CFF1EC07FBF5ED12E1D5E1FDDEF9EEFE
:103ED0001903E0E1EA1511C501ED04E8DBEDF9F99C
:103EE00025FEFC1928EE2812171110F6F2DCFB0251
:103EF000FFF107E6F905CA1A050E1918100BE5E2DD
:103F00000623E6C8F9FB302E0D2CF0F60BF5D7E6AC
:103F1000DC2D2ACA07200717EF2FEBFB23FB131119
:103F2000ECF80303F51ADEE92601E7E1DAE80FF21F
:103F300011E926170B0EF6201112170AD60F0CF8EE
:103F40001A04010E05F3D20FF009F32FD000FC0480
:103F500005BEF602DEE903F6E2060B10FC1AF5DCFC
:103F6000E81807E80211EA0D4080585020010000CF
:103F7000E7FF26F0FB0FF8E902FFF80F0F0AE8E66B
:103F8000FA08F8FFE9100A130EF0FEFD04FFFCEB3F
:103F9000ED02030DF4F8040EE5F8FCF3F9EBE6FF8F
:103FA000F4E5F40507DFE3EAFA080AFAEBF30A128C
:103FB000F3ED0FF913EE090BF205D2F50CDEF00468
:103FC00007210A09030E18051A03F3170813E80A54
:103FD0000A10010207FD030E08FE0901FB06F8F2B4
:103FE0001B0612E802F9FFFEEDF0E2EE0CFE1DF7F3
:103FF000EEE50CF7FA0002C21B07130FF7020F17CA
:10400000FFE5EAFBF6F3F2FDF9E2E7F3F005E4F091
:10401000F416FB0F1BFB2718FDF2ECF9ECEFF10097
:104020000C21FF0AFF1115F3FE0B0705E6F60B093D
:1040300012E2E8F6FA282002F0FF121DFC0F08FA3F
:10404000160F1114122508141B050510F7EE121691
:104050000114EE16FDFC06FDF9DEF6EAF2F3E900C6
:1040600015F40FF217EE08FB20ED1D23F40206F005
:10407000F806D1DF00E6E30E0FD3FBDEDCE6020E2E
:10408000060204D4EAF5080AE0F91DE8FB0EF7077A
:10409000F503140906ED0EF8F719F50F03010613E1
:1040A000FFF9F9FD1C1B1AFE03F7FE04F8EE1722B8
:1040B000E3FFFB0FF9001406D30A02EDF7020EE747
:1040C000052000E7F2EEEE08F00408FDEC0CF60126
:1040D000080101E707EC0C0808E7F22CFB0DF302DE
:1040E000E4F00DEEECF414040D170FFFF8D7F8030D
:1040F00002050EDEFA090AF51202F0F31E17120885
:104100001E161719E800FEE8FAEDF2F8F610E1F4D1
:104110000414110E02FBFAF100E9F6DA0ED3E8EE10
:104120000F09FEFA0A080A01EE01130E06F301F860
:104130000816DA0301EE041DEB0A1A0CFC0CF1015F
:10414000030BFDF9051F032AF4060E0A1AF6D4FA2A
:10415000F1FCF5F7E8ECF7F6FDFAFCE2F50300DF19
:104160000711F91B1C0111F2F408F50B0717F1FDFB
:104170001211E80107F5090E0EF808FB0409EE100C
:10418000051E0A060EE90711F3EBD702FCFB18FE29
:104190000F1D14F822100DEF020D1C13FCE6000891
:1041A0001EFC0007FFE8F9ECF7000BF500FFDD044B
:1041B000F309F203EDF90BE3F3D3FD2AE4D714F589
:1041C000E7F406F5F70D0627E9F9EFF000310DFBEE
:1041D000F8F52406F8D5E2EAEEE3F70EECD204F89F
:1041E0000B1AF3E507F128EBFAE9F9EB0C23E2F5FA
:1041F000F81B0B15E10E04F901FAD3EEE90CDDC151
:104200000405ECF30D0319F8F63CFF07D0E10E1797
:1042100009EE0CF9E718E6FEB2FE070ACEE2DA0A6A
:10422000F0D11D09F11233E0F21300ECE1EB43078A
:1042300016F2EA0CC70AE8F803210CEEE4E6E616EB
:10424000DFFBECF004EAD7F30E2A1A0113202D0D40
:10425000D9141E36F01CF3F5ECE5FAFBF50EDE275B
:1042600013FDE0F30BE324E2131D221DFA07E6E73A
:10427000ECE2D107D7C2DAFE0C3DEDFEED001303F0
:10428000FF1EE7EDF9D90DE71D15DADC1DFDDCDDBC
:10429000190B1103F12315DEFAFEF802CF0FE80225
:1042A000E72D12010AF4EBF6FE0EFBDF172EEE03EC
:1042B00025D312E0C921E7D105FB07020C100DF947
:1042C00016F1F2F5FCF9E3EB09F1E9E9C3EEF100CF
:1042D000DAF4AADDE20ECA16060914FCF01F27FA6A
:1042E00015201014FEFD24F318D005DBEEF8E015C0
:1042F000FCE61B300CE8EDF6190809E9F317E7F1C5
:10430000F7FC06F1130D00F217F802F9EAE3E8EB07
:10431000DFDEF913F2F20FEF2CCA04D5EB1C15DC2B
:10432000130BEA071A0CFA11F6EB2801F901080E33
:10433000FBE408F80EE9F5E5F0F6390F040D06F296
:104340000F1FD7E1F2FF0D031021EEF747CCFDFA66
:10435000E5FB0A0C1CF8E2F415120E2D191DFB0FDB
:104360001AEC36FD11FCF6FAF6FE20E80C2A0019CC
:10437000F229D81A3C01FBF7F1DFFD1506FD04F028
:1043800002FBC60ED0E6F508F815D0F800EED0FD19
:10439000DED1F1E1D6E6ED0518FDDBE4FAE011EE41
:1043A00012E8E7C11DF8D601ECFBFDB3E8151105D5
:1043B00000051B0EFEE8201813DC281F0BFEF2245C
:1043C000D7EE2BF6F511F8FAF8E51FED06FDEF0F25
:1043D000D3FDE7F710E3F1FBD6D4E9F4F20E0209BE
:1043E000F7EDD41EF9DCF8F722FF13D805EDECFA4F
:1043F00040C0585020010000FE0A09FD06FFFAEAFD
:10440000F300FDF9F9FEF1F901F4F7F5090E04ECFA
:10441000FFF3F6E51309170D000A1501EF0A0D0C5D
:10442000FE0FFCEFF402EEF5F4EBF30B0504FAE2F9
:10443000E400F10203F7DDE500FCEAEE04FAE7F23E
:104440000EE7FA04F9E605EAF0EE00F017070616A3
:10445000E9F1EBECF9F0EAFBEF001B09041601FCB3
:104460001613F1FFD4F611F90616F8EF1A11F7FB3F
:10447000151C1F0D020F08070AF60F15FDF7020B9A
:10448000E4FB1AECE80FEAF80206ED0EFCF00B0074
:1044900000FD080EEDF10BED08FA0B061003F91202
:1044A0001009F20805FDF1FB1DFAFAEA0C161922B3
:1044B000FFEF200D1A1CECEF0211070BF60206EDC0
:1044C00001110CFCF0100B0C0AF806FDDB1200F5D4
:1044D00005F8E016DEFAFC14DCF8051B00F51019EF
:1044E00019F3EDDE1FF8040DF6FD16FB23190B1B67
:1044F000F6FA22FD2BE72018261CFAE023F2F72A11
:1045000007EF12E401F10414DFE802F5F60A071DD3
:1045100007F30C1207EFEBFFF304F8E3EDE10C05F2
:104520000307FDED09FF1F18F904030BFBF4F70463
:10453000ED0103FCE2F10BFFE9FFFDE5DC1F0319D0
:10454000E3041A06FE1B01060101F2F30104E7F77A
:104550001208F8092003E406FA17F608F30E02031E
:10456000FBE6E30AF6EC00010D07EBEA11DB030BB7
:10457000F7060F09FC0111E7FAF40709F214030D1D
:1045800003EBE7FFDBE6EB01FBEC13F40CEAF7FDD2
:1045900023FAFEFCF7F315280618F4E7E40E0BF5F2
:1045A000FEE00F07F9F8DF040619F6060B05110601
:1045B0000212021F04181A12E50CFE01F4FAFAFFA7
:1045C000F70FECDFF0E512EFF501ECF8EA142AE85A
:1045D000ECE10418FEF9FAE717F2FE01EAED151F07
:1045E00016F8EE1B071E101B0B04E5EFF50E08E393
:1045F000F72406010EF615FF00D2EA1D11E5FCE9CD
:1046000011F0F5EEF1F81303FE0C160D1700FF0084
:1046100004F6F802FB03040B0DF9EDFC14261F0849
:10462000FBFA07150BFB020106F8F50303F8E2DAC3
:104630000101F30AF205FEE50EF01BFC08FFF91379
:10464000EDFF0DD7FCF105F6D5C9FB101816F7F5EF
:104650000812291EFD21232FCBF7E3D200F4F20527
:1046600024FBEAE90F162AFC0EECD902021508F227
:104670001AF0EFF8C017FD1ACBEFC8D5D8EAF1EB66
:10468000EC110106F40C2BF91204E800F105070BFC
:104690002A17FCE8100CF8DB17031F1CFC1C01F4A4
:1046A00009E6E4F81B13FF0BE6FFF60AF428FEF117
:1046B000F011FDE6F63DF2F9F83ADAF9F70C07E603
:1046C000F522F4F909F1DF0E1112ECFCDEF811FA13
:1046D000EE04F62E1604EB04F5FA08FB0FE0EE0EDE
:1046E00026DFE5ECEF2F1111FAED191110FCFAF9A4
:1046F000030DF00DEFF51D050BE91A10C3FA0BFCC5
:10470000FF16F3F6F00403150CF80EF9F132040C61
:10471000F905F1E308F2062CF3F50003E1E9FC0AE0
:104720001107F104DE011B12200815E2E107FE2D3E
:10473000EF19FDEBE00809E5F7ED25FF2DCCF803B7
:10474000F5EBED030E18FD05FAC605E2E4D30016FD
:10475000F512010A22F2E1D523020018E514DD0763
:10476000FA0EFCDEFB2501FAFB1BFB1302F5060328
:104770000005CD01FC09F906E9F3E7F905FBEBF7C4
:10478000E2FEFC07FBD2FBF5F5082A09F011201424
:10479000FB020401DC0E11050DDEE9A80402F6158A
:1047A000ED0200FA0BCEFCDBCEEBF3F513F6E7E2FD
:1047B000E10EE2F8F809F7F616F206091933F816D1
:1047C0000D05F40C0608E9E9F9D1F7F0E512FA1540
:1047D000FDE6DAEA02E5E0EBD803F5FC1F12F81477
:1047E000F201211921031B13D11EF5E7E2FFDE10B0
:1047F000271725150EFC1117F7F8DE1BF1EF0C1526
:10480000EDECD80BF6E6ECEB020CFAF8F9FAEC2337
:104810000FE12105F90E0023F8E10603070B0FFC59
:10482000E4210E101124E301E7FD04D2150704E68C
:10483000EC02ECE2DE16FCE4F022E30623FDEEE4FB
:1048400021FD1905F8F5EF16E8F3F4FBEFE2FB059F
:104850000F1EE21826FCE602E70C0CEC1BFB1A0606
:10486000E214F6FBC6FE02FA19220C21FFEC0CD86A
:1048700001F60DFDE214FFE940005950200100004F
:10488000FDF002000E02F90BFDF4C5DFF51003D4B4
:10489000F8E6F5E70408E5FFEBF401F0050FFBF59A
:1048A00014052FE51300E5F4EAFF06002906FFDFF3
:1048B000FFF0F108E000FFF9EB14F1E0E9E5E30EA9
:1048C000E6010AF63D06FA1D0DF40F031102E4009D
:1048D000D7F407F200FCEC04E4E102F0F7F20DF586
:1048E0001FEEF4E7C10406F3F507E7EF0000EF0B56
:1048F000F422FE0DFBF5E706E9F4E3FF12F702E30D
:10490000F105F2FFE4EF07FD12E6E1F7160F1307DA
:10491000F4E8EE180301E907F8F3FDF809F2E1F411
:1049200008E9F6F7251014ECEC142600F80AF5FB5C
:1049300002FC0BF3FA0AF8D6E1D7F6EAE6F5F30E35
:1049400006E6ECDDFA03DEE0E91FFD050F08DFE116
:10495000FEEF0C050517F7001201E907FDF8F4F565
:10496000020613F80902FDECF6FB040219E3FE1E31
:10497000F8FBE800180CE410F3F3DA07F60004F390
:10498000F1DAEAF4F1E6DCF504FB050E040D151B83
:1049900009FFFD030DE5F90BEFF9230DF701071DE5
:1049A0001E1BF0F9F30301001EFFE414F7FD0715C9
:1049B00003EC07DAFCE2FBF222FC01D81A0C01013D
:1049C000030B0921F501212909F5F703F501FD1B69
:1049D000FE01E706141D02F61C1E171FFE1C200F09
:1049E0000EDD1E0308ECF60605DAE511140A1601C1
:1049F00009EEDEEEEBF61205F712E6030BEEFFDB37
:104A0000ED140407EE2A0D06F814FDEE12DFFCEBA0
:104A10001623F80E07E8F50DD6F206E3F1EAF6FCE8
:104A200004F4F60EFDDDF0F0DEEA15F2F1F9FAEB32
:104A3000ECF60CFDD9F304F60DEB03E805F0F50AEE
:104A4000EFFCF4EAFEF3EF14F108D7F4F409DAF816
:104A5000EE060701F400EC06FBFF0A00FFFA27163A
:104A6000F8DDE0DFF3FDFDF2FFF8FC1109D7070DDB
:104A70000CEBF6F31D09020C12FB12E328F705FB01
:104A80000BE905F708011801E0CE01E7F406E4DFC1
:104A9000F9F802E3DBE1C4F6DFFBE9E80200270FE7
:104AA000020702FE0807DAE3E9E9DCF51A1DDEF980
:104AB0002F121D28FB071618F5F905D502EEFED8B2
:104AC000FD181AE511F4FA191222FDF21B2918ED4E
:104AD00014082315EC100DEBE9D4F5D702EE1814E9
:104AE000ECB9FF032E1DEB060DF0EEF6FD2202EBF6
:104AF000DF30F8DCF716FF0CFCF8DFE00FE9180AEE
:104B00001205F9FC1CF424F51A130BEDF120D20068
:104B1000ACE9F1EE1DFB0700E8F91502E9F1E3FE4F
:104B2000E00D0BF5D90EF709E80E06FEE9D8C5052C
:104B3000E7F4110226170DEAEAD20312D5F7FEEBCD
:104B4000D2FB0DD207FB2514ED09F3EEEBF8E401DF
:104B5000E42DE9260AF1FA1BFFD91BE4171C19F40E
:104B600001F3330028F525E02DE40BEFF62A031BB3
:104B70000DF1100DF1E701E7E500FFE6EADCE6DC08
:104B8000F1EA03EC06FDF5F813001603E0E914DF83
:104B9000CBE4F5DA0BF7EDF9F4310506F3E718008D
:104BA000F1FB0FF1EAD6F0190DDCFE01E90F0FFC65
:104BB000EBF6E2EC06C2FCEA09EBDE07D5F611DC07
:104BC000170A0611DA11CB0AF220ECF8CD1320F403
:104BD000E42AE20B28170B00EAF61515E9FB0BF2A5
:104BE000FF0321DAEB0B0F2A0CFA080EEFF708F798
:104BF0000503DB0F07FCE9ED0611EBF7FAE2E82904
:104C000010EFF6DEE0EA12FB0FFD0DF80FE6F60CF2
:104C10001A00D1F503F3170A240EF210FA1D0A0F39
:104C200001FECBCBF6C909FEE5D606ECF2ECFD01A0
:104C3000F21AD4163430052206090439FDE81B0C9B
:104C4000DAF20C0B0E0101030931F2FF00FE27EF2F
:104C5000011807FBEDE00E0D27EDF4FAEAD402C4CB
:104C6000F10FFDED3F16EAE20D4AEC1FED071EF1D4
:104C7000E5DD00060C30F5FA1BF0FCE7E600011359
:104C8000EC16FAECE9FFE7E51A110F010AF73524F3
:104C9000F1F00704EA0805EF05DF091A09E3DE0170
:104CA000C0142BE80703ECE4DDEEFB0212EB10E48A
:104CB000E5EC0EF31F1E0D0DF20021F011DAE305F5
:104CC000071CF8F713D6F311090213E4E2030007F7
:104CD000F81BFA1EF4DC3523C5EADB0E14F2EFDE16
:104CE000362301F2EE1425EEDFED0710FEF901EA9E
:104CF000F1F5F902FEF2FEF41CF1F415D5FBC50244
:104D00004040595020010000F3F7FB1DF909E8E08D
:104D1000F6FBFBEE03F9100A14F7FA0412FF230165
:104D2000F6EEFEF100011EECFE0709EAEB1A0C227A
:104D3000E7F6F204120C1EFC161AF400F5F217182E
:104D4000E5E6EDEDEAF917040605E1EE0A122604A0
:104D50000D001E13E6F9000BF7EF12EC01DCFEED7F
:104D6000140514F6FD030119ED20F2EBF604D2ED63
:104D7000FEE7FFF80C0F01F1110B150CEE0D050805
:104D8000F0F901E00219DAF0E702EF021AE2FAF4B0
:104D90000FFB0FF6F5FFF6D711F101FA02F408E167
:104DA000F40D000406E6F5F2161DFEFEFC051CF5EA
:104DB000F7FA28F501F708F811090CD9F6F9E50416
:104DC0000CF410F3F81C1707F3EF0E160CE901FEB4
:104DD00002FB140CF117F80CF602F6310BFD08FC7F
:104DE0000107F60D05ED04FDF4F90D0311D0F3F9FB
:104DF000F2D1E8FD1104F0FCFEE4FC1B080716F6F6
:104E00000902F702171C0A0E02300206010CF21BFF
:104E100011F20A00F902EC0E2001100FFE09FE1536
:104E2000F9FBF014F9F0E7F1F2D105E3EAFCF8CE72
:104E3000FE0417C8FBE7FDF6231308FD0B0016EE72
:104E4000F513E613FC09F8F2F8F20B130EF611173E
:104E5000FF1D011BFCF2FC04E4151101F60507F02F
:104E6000FC0EE3F611070617FD18F1031700010DFC
:104E7000E7FAE2FC03F5E41115F2F60F0008061656
:104E8000F8F2F3F105F1050FFE0AE9E8011011E669
:104E90000016F00CFD06FBECFBF9F6EDE602ECE08B
:104EA000F0ED20F5F5DF08FAF306FEEF13F6FE0D40
:104EB000ED0DE4FD20F8FB1E0FF8FDEFC8FBFCF53F
:104EC000E61706FAF5060CFB19FE06F00819040BA6
:104ED000FBF5F1FCEAF70A16FCE7F812FFF7FCF223
:104EE000062BDDFC0414000106E900E9F3EDF90CE2
:104EF000FAEFF9EA0CEDECF2EFF50707EDFBE6054A
:104F0000E2E8F1F60A01E90208031016F7FCFA09D3
:104F10000B041902EF1BF91DEE0AFBEAFA0C05FD62
:104F20001710F8E714FCFF060EF7F0030DF8050C58
:104F30000F05F8EB130A18F407F7250F28FFF621E1
:104F4000F1FE1B0AFA1D0B0312F810090A0AE013FE
:104F50000812F3DE12271CE2080C06E31613F8F71A
:104F6000E40F0C28F20ADE1023D9050E25FD05E614
:104F700000F705151204F615E81BF2F007DBE1F95E
:104F80002CFFE3F91EF3051127FEF0E928FEF8DCFB
:104F90001EF8F81A07F20700E9FB0A2419F80805B9
:104FA0001216DD0EE4DD0026F1F31DF4F20CE0171D
:104FB0000BE80E0EE4E817D0DCF0020419FD0B0537
:104FC000B01927F1001FECF004F1130FEEF0E5FE2D
:104FD00019D9F518E80FFAEF071C18F411F918F3AE
:104FE0000606F90D0DD6F1F0EB16F6143DF5E3FDCE
:104FF00049E510F403050114103E310CEBFBD8F920
:10500000FCBD00F91CE907E10CEAE9FCEEEF01EA5E
:10501000ECDBC0B8FD01EDD41B16EA1C0806FA0F44
:10502000FF162E05F0F805150AFA08EE2708151CDC
:10503000050DF4F7E62B0F10FC0C1C0AE502F6F345
:10504000D5E2E1D8FE28EDFDE2CD1E00ED17FB060E
:10505000FCF5E6EDE7EF0CD2F4F3F8EC15DCEEFC32
:1050600016E6F60AE7EC04F209FCE90303EEEB0CA2
:10507000E9F420F7F60B041BDE0EF2FF11D016FA4E
:1050800012D8DA0FE50B12DA0FFD0001F9EFD21694
:10509000120DED1B052B0B0413F80CBF020BF5E3EF
:1050A00019F90A10DD180B1FE00027F701F5090AAE
:1050B00003F6E903F80B1CEDFCFA102506D81FEFE8
:1050C000121810FC040802D5FC0627E8DDE5EA12F8
:1050D00000F5221FF4E6E6DA09E2E8E708F428D74B
:1050E000FAEC28F208E102141D021EFCE8E80904AB
:1050F000E307E8F611F11112DCDCDB11D3E7FDFF69
:10510000EDD3F7FA02EA0610E90DF70105F0FE0506
:105110002106FFED12E20EF1F2270BF71AF9160243
:10512000F304F51FF7160CFA0902FCE015E0F7EDA1
:1051300006141006EB0DFBFDE50309080007EDF46E
:10514000193EEEF8001212032204152CFC1B0B2E44
:10515000F9130F2201CD1E1DF5F2FB0124D7210208
:10516000FDFD12FC03F7F92E0DF7F823F500EF0013
:10517000140EF3EE27E637F310EA1E290CF2F6EBD5
:1051800021E20304E9EED5FB4080595020010000E4
:10519000FCF905F7F6000503FAEB00FEF2EAF5006C
:1051A0000F16EA040F0E0A060F1C1D1011F3F5FA74
:1051B000E600EAFCF902F212DBEF00EE10051AE756
:1051C00015020008DCF908F100FDEEEFF41DE7E838
:1051D00011FB1AFE01020BEE010F16F7F6FE16FD8B
:1051E0001E242DEDE4EA1F031C1CE6ED1E1925F319
:1051F00001191212EF1102000513FCF0FB04EFCFAE
:105200001625F8FA2428F415E2EB2D06F3F8E9FB4D
:10521000042C17F42615F8EF0B2B1B2CF8EFE906DE
:10522000FC17020D070E0A07FFDFFF120D0CEADE66
:10523000111DEF29F504FF08F804E71016F3E31336
:105240002308FFFE2511ECFDEEF10B0AF509F5F937
:1052500002F8FAF50ED9E60D15190B1B01DAF6E284
:105260000111042A092EEAF731F6F605EEFD0800D1
:105270001618F4F1E8DD0323EFF7DCD6FF0B03F299
:10528000062D03E7EDFC01F7E40F05061DD805FF29
:105290004337021217EAFD36F2E9FD040103DF0C81
:1052A000F60510F1F70810452206E0F401F60D02AC
:1052B0000201E30AF7F502E4E300F7F406D7FDF490
:1052C000EE0119FF081519EEF100F219EE0FF2EEDA
:1052D000FE192C0418EADE041319D4F4EFEBFA06D5
:1052E000ECFEEDFFF4100F17E8F503F606F9FF07E3
:1052F00011121016090FFDEEFADD0AE8F6F803E6C2
:10530000F2FD14F2F7FD16FF0815F802F912160661
:10531000EF230C13F7FAE8F0E205F5FB00001200AA
:105320001B150B0908F2EDF3F3FAFEFAF6E9030F89
:10533000F1090106F60BFDFFF6F2150912DEE0F1A8
:105340003E072211D4F1F919F00700C7F800091B34
:1053500006FD220EDCF911FBD5FA120CE4F5E7EE9E
:10536000D3E20CD4DEEAE5111015FFE10D0EFD00CD
:10537000EE0AFC08F401E6F1251E0B1C0AE7F5F421
:10538000F20EEFF701F90ADDF8FEED0D0626F5FE47
:10539000ED0FF3D9DAF0F8C8F71F01060DF91D0D6E
:1053A000F901070DDFE1EBE6E2FE07F71F040C0849
:1053B00004F4F4F50B20F10A04030E2000020A069F
:1053C000EB010DF5E2F0E2FAF4E6E401FCFB1EE885
:1053D000F538F5071913E7000DF90111080216FC5D
:1053E0000AE3ED1BEFF4FD052EDF1122EFEF1203B0
:1053F000FDF9D7EAE4F105ED101210D3FE1E1EEA06
:10540000F6E9E3D10708F2C0EDCFF8F00732D5F3A3
:10541000060BECD710F4140AFBF41313001C10094C
:105420000C0503FAFCE6CBC0E1F2D51DFCED02E968
:10543000010B0513F8E80604FAE9FBFC0013D3F6A8
:1054400016EEF1332103FFE32A10F920E0D7030D14
:10545000F7F209EF0011FDD2EAE909E71D20D509AD
:105460000DD713020B09FCEEFC0705F605F70F1E1E
:1054700028120120F3ECEFE513130CF0DC0CD72518
:10548000EEF4EEF5FDFB0700F0F10C0009210F072B
:1054900014ED0BFBF714E8FFFD020B0401E6070116
:1054A0001CF9E6FFEFF20C03FC2C06FE27F30AF8CA
:1054B000DEFBE51EF212010AED0DEEF3110216EC11
:1054C000D8D50FEC0804E814FFE2DAEFF2F208F89E
:1054D000010502F8EA1E0DE6E408F2F813DFEDEA32
:1054E000F828281A12D8E90FF703E80AED22E80293
:1054F000090219E5DB141DD8F91EEFFC2039F6DF8F
:1055000025E90FE71E16FEE9121FFBE70E0E0F0F2F
:1055100001ED24EEFDE802F523EAEF21F905020D85
:105520000604FD0EE5DD141DFCE02C19D107F9E59C
:10553000FDC917D0DD07EFFB13F6F9FB1FFDF613CE
:10554000F41408091A2B030BDF110BFCFF1020C801
:105550000700090AF9DE1218291FE9FD05040D0DDF
:1055600006DDF7F9FFEF050CDFEA03FE0205FE1A80
:10557000EC05F2E9080C120606FAFEF1040817F62B
:1055800025F5072A2CF8EBFE16EC02002317DE1F88
:1055900006F2FF15FCE3FD0DF5EF001404FA15FC0F
:1055A0001BFD06F4FE1424E0FBFDE0FBE8E0E90847
:1055B000102BDF031005FAF61FF3F234CCF41B0DA9
:1055C000BFCDFBCB3E0B091BFF3B1F07EA1CF9F7C6
:1055D00024FD08D3FAE7FD0E32EB1AEFEFEA022EB4
:1055E000EF120BEA094405DD1109FF24F31BFAF55C
:1055F000EFFEF618F6EFFB1C07FFFEE200F5E5EC08
:10560000CE0302F0F001F2F8CDD702F20E16D8EB7D
:1056100040C0595020010000190FF3F4040607168A
:1056200004E403F2EAF4FE0323FFFC140201FE0E7D
:10563000ED000E0906151D27F627EB0009E5FAF423
:105640000AE81EEBE209EEE7EFF8FCECF005F71BC9
:1056500026010B1BF40914FB010C12F7F0E0DE012C
:10566000F7FEF70E02F3E9ECFEF1F7060112FB0C70
:10567000F6EDF2012EFE07040A050BF0FE0B1AF9F7
:10568000F008E2E10BF1FDF5F0FCF3F9F4F0EA04C7
:105690000506001122FE0EED0C02050FE6F81F0EA6
:1056A000EA04F51703C8EAED0B01FBF70F0F0AF345
:1056B000F3F90E150CFFFAF80800FC041504FA259E
:1056C0001511EFF4011EEAFEFC0A16F3FD080F1790
:1056D0001307F907130712FFF7FB0DF601E605F6AE
:1056E000E8EBE1F4170FEAE5EEFD0F20D8EAF9FF49
:1056F0000FFC10F4EFE61507FAE8EFECE1FAE0E151
:10570000FBF10600E2FD0511FF07FB07001814F985
:10571000111B2DFEDBF5DED6240AEC05ECF808079C
:105720000EF9E1D8C8EFF4ED0010F1E41318170BEF
:105730000E1604FBD8032204F819EBEAF0EE0C1164
:10574000EF1104DAE700032BF9DA011D14EE06115C
:10575000EDFD03DC1209D70D11EF0006F9151B1A38
:105760000103FD0FF9FDFAF21110F501E8EF10FC4D
:10577000ECFE05EFDCF2F9EFE7EB111205040AF796
:10578000DDF3F9EADCD905E6FEE8FA0300061607C0
:105790000A10EFE6F4EF08EEF8082103E6DB000C50
:1057A000F902EEF70BFFEFEB0A0202FFF4F7F40346
:1057B000070C04F20509FD0AF10D16F7F4F42412A2
:1057C0000512FDFC11F9FBECF3FCF6F006F01202F9
:1057D000F508F3FB09F620021116000CFD08041170
:1057E00000EEE2F5F1EDF8EF06DFECEA071CF2134C
:1057F000EF03F2FDFDEEEAE5160FFC140619FAF4CC
:10580000081607F703FCF815111F0608F01208E642
:10581000E6150D05F0EC14FCF1F9EFE5EBEDF6DD26
:1058200000FAF6EFF9101406F4140F0C1707F5F749
:1058300007040E070902EC21FBE50B0007160F0712
:10584000FF130308111712FDFA001308FA0109ECFF
:10585000E8ECE7E200E8E6E310FAEEF1200EDAF118
:10586000CFD3D8F8FF00D6D4FAC9DCECF0F104F2BB
:10587000FA240CF2E1F3FBF6ECFFE6FAF5E4D6D0FD
:10588000EA001F00191FE206FB29F927DCF12009B5
:10589000F008EDE8250EEC07FE20FDFFFEDEFEEC35
:1058A000F0D6E6FB0BF6E4140D13FA030A0524FB0D
:1058B00010C7F4072D07E0EAFD06EFFA12FAE0EA56
:1058C000060C22F80902180210010516E60619EC6A
:1058D000293E21022C08042B1916FDF8D9FE05FEDD
:1058E00000110F0CEFF7E133ECF2140502D8D7DB0F
:1058F00000F51A13DD34E6200AF4FD17CD08FF0C7D
:10590000E90B2116F9E118C7EF05E518FB01F1D401
:1059100037130B04D3E8141FEFDF03F2F51B080065
:1059200028F4051513170512131604EF22FE23FEA3
:10593000011100F612DE0ECF0AFBD8E2D91713FDD3
:10594000EFD1EE1BAFEB1CD30BF10101EE24FC1BDE
:10595000FEEC0FFF09FCFE110FE30705F307F8FB50
:10596000EC07EDD7040BFBE9181B0606DA17E0C0BD
:105970000A171C09CEE005EE20FFE9E1EDF6EBF198
:105980000CFB150CEAFC0DFCF0E816E708DDF0FF57
:10599000FD07001C320302F404F4DEF2FA001DF2EB
:1059A00000EBD8DA18050E0008DB28F5F0DA1EF453
:1059B000071F01DEFA1BD3F3E1E0FFDD100605F15E
:1059C000D1EBF81207EBE0020A170817E410FEF813
:1059D000DBEE1F05F60C25DEF805F4E50609FAE70F
:1059E00023E617E1FA2DEAFA0F03E0F9E51AE33EA0
:1059F000F8EFECFDDF0EF1FAF4E9F6FA090E26C431
:105A000002FDDF10F6300106E100ECFAEBFB1504B5
:105A100008F31B1BFA070612D1F0FBE0FA0001FBAA
:105A200009FA27FFFEDAFFF7F51F00E1FCFF2AF372
:105A300002EC06081B02D5ECFF0208E1E8040011A5
:105A40000AFFB1FDDFFCF503EAF629DD1CD5EB0BFF
:105A50001CEFFA0E02E50CEC24F3F9030729E60B20
:105A60001BEA13D9EA2F120D1606F0190AF6E711F0
:105A7000E4FBF102E603E7EDE6FF3302EF1408FF73
:105A80000204FEFEE60206F7FB3DEDF91CE1FB2BEE
:105A9000DF17F2E6F41E14ED40005A50200100001A
:105AA00001F2F500ECE5ECF2F8EBFCF4ECF610FC9E
:105AB000FE16F5D4140506FD00FC0F03F406080AD3
:105AC000F7D9130DFD17061705E9FCEEFEFD1600CC
:105AD0001411160908EB0B0103EAFAF6E40C012590
:105AE000F9F0E6FC29040308FD0800070800020499
:105AF000F52A2EFF16FBF2FB0F040A0A19F4F90728
:105B0000EB02EDEAFA00E90A18190A1400F00FDCBA
:105B10000D0B2509FDFB0E08EA130402F50BDEDC74
:105B2000EF003214F601E7F7F9EA1309FCE80EFE7C
:105B300017DFD9FEDED8E0E201E5F000F5F007F866
:105B40000C030B0BFC12090FE6090736F1DF10F30B
:105B5000F515F0EF0F14F90504FE02EED6E8F5197D
:105B6000F4FD0AF8FE0313EF060C0CF9EBDDF4DB91
:105B7000E7E6F7F30727F803FAEB0B09030BFC0B37
:105B800002080A040000F6F703FFF0FEF5F4F4073C
:105B90001CFA00FAF3F8F70E0DF5100925D9F610E6
:105BA000FD111AEA04FBFD13DC12F601E2FC12FE01
:105BB000EA1C1EE7ED0EFD0815E7F8EA13DCF00A13
:105BC000E30EFC0515DF00F6FA0803FCF3FDE60220
:105BD000FFFEE41301EBEDF50E0C04ED1B2918217B
:105BE00003F91D1EF7F6120A010AFAFA09F805155B
:105BF00008F30800F2FF090CF3F2F6F6F8F9F007E3
:105C000007EBF01C05E5FD02E4EEF2EDFEF700DE29
:105C10001405070017FE04F309EB0AF6E3FC020D76
:105C20000C02EEFC09F905FFEBFEF3E81C190CEB86
:105C30000D13181711090811F313FFEA10F8F0EC0F
:105C4000E8EB04FE00F1FD01F4EEEC0908F6F207C2
:105C500002F0FEFDF7EDEEFA060004D5FEFC0AF3B5
:105C6000E90FFEF1060B0C06110FFFFCEB0F0F0BFB
:105C70001812F2020D05F5DBF81AF3E800DCF5095D
:105C80000BE5F8FAF50B06EDEDF1070E10EEDBFF74
:105C900015F8063110F3080E0AD8F2E60801FA0AE0
:105CA000F0FDDCF3E4F8F6F6F527070CFC08FE0D32
:105CB000F9FFFE0C05F908F0FDF60AFC0C11F5F6EB
:105CC0000FFDE70208E51F0613EAF50205131F1290
:105CD00012162109040F060D07090B0F1EFC1718D9
:105CE000EEE6E4172407162506E8200805FCE4F88C
:105CF000F3000BF1F51A11EE09F22CFEE9F4F8F0BD
:105D000000021E11F7F4C9E71CDF05DBFC160FF0DB
:105D100010190C0D06E6DEE5D2E4200EFBE3CAED19
:105D2000F0EF100BE205F9FD270FFADCFD080DF38B
:105D300013D6E705FF392402FEF908031107F50120
:105D4000FC030F1A0222E8EF1811F60716FDFD0BEF
:105D500004FDEDDC02F3FD14001F301FF2242717B1
:105D600022FCF70BEBEE0404EEDBF8FDFBFC09056F
:105D7000F604020E161008DBDC1A2BF0100CE214ED
:105D8000F0FD2FF2E1E90D00191B15ED04FE27ECE3
:105D9000FA0808F8FAF2CCF2FBE41BFEEBF100EF94
:105DA0000AE7ED00F5E6F6F314F8DEE60E06EAF78C
:105DB000F52FEF03FB11F6EE0D0EEDDFFDF414EE03
:105DC0000AF2F71DE6EA2610FA0902FAFC0718DFC4
:105DD0001C29FB18DB03061CD017FDF9F7F0DE0BBE
:105DE0001C0EDEE2FBE01011EAEAE8D901F7E6D981
:105DF00008F6EE0FFF15FB2525F8EC0B1602151023
:105E0000F3F015F906E9D6FC14F0E3EE0D02F810F4
:105E1000131BCA440501F9F0EE181D0205041CE22B
:105E2000EBF5C615FC04150D2B2B19F5EF14F11C21
:105E30000E2510F501030B16091C20BEFCEBDF1B21
:105E4000D4E6FBDB0C151A101E28181F0C0AEF1ED7
:105E5000F5F8D412EFF3161FCEE9040BF703E408AC
:105E60001223F8E3DDD1E6E1D4E820F2F6F10605ED
:105E7000F7DD0905F9FCF8E80721E0F4F90302046D
:105E8000060EF50BF41FE9EDE3E417F2EDEC1C0B45
:105E9000EE2CF9EE19051106DEDF1AFEEDC7F4E06F
:105EA00021F5C3F807FBFEDFF701E9291E002DE805
:105EB0000703EFFDF2D7FEED20270EF83300F009BF
:105EC000FA03F7EA162F033907FB18120CFDE8F462
:105ED000FB01010805E2E711161243EE0A1D0EF957
:105EE00006FC04FDE40CF1E10FFBD2DCFD02E5E76A
:105EF000FE02FF030812DB181B293117FCE9C2134D
:105F000045FAE2C80AFD061E01EBDDF312D50EFBD1
:105F1000DB13082002DBE2ED1905E9F32B0535EE72
:105F200040405A502001000008FE030A19DA070712
:105F30000FFD16EF041824101E10152C093113073D
:105F40000AEEEDFED9FBE4FB21F4F7060BF103EFBB
:105F500011FE0B1E06FCFD1003F9EB03F8F9F50525
:105F6000F8F30C0A0E37E713081F07F9F0FD02FFDC
:105F7000D60A100FE80AF6F5D80DEF02EE010DF57E
:105F80001EF7FFF50F10FB0A0CF9F5E7EF1AEFFB10
:105F9000EBDA10D9D8EAF7E6F8ED08CBF800F511FE
:105FA000F80E10001E04F8E40BF80C1EFBD5FA08DE
:105FB00017EA0CFD08021522ED0AEBF101EAE4FBF9
:105FC0000720170B0E0801F7FBE508FBF91CEB0D8A
:105FD0000CF006E21A13F3F6E1FEF4EDF7FDFEF520
:105FE00003ECDF050E0A0727200B12FEFA0020EC57
:105FF000EA1E1507FDF909F2F7070006E80DF3E7B9
:106000000A1C0607F5F10802FA06F3E40AF7FAF5A6
:106010000BF7FBF7EEF00B0E1BF7E8F70C1512ED84
:10602000F500F1ECC7FFFCF5F4F8F8E4FD03FA160F
:10603000F9E307EDC2E5F4EF03D2FBF2F52005FD2D
:106040000EEFECF9DCD9F0EDDD12F2FFF7F6FCDD36
:10605000FCFCD5EB19EEF1F91B11E111FEFE07F680
:10606000DCE0ECE3EDE6F7F9F606FAEAFE13F90EEA
:10607000D406FFE8EEF7F4F711E217FEFBF8022072
:106080000505F9FAF113EBECFAE5C9EBFFE7EEFED3
:10609000F3F9ECF706FC010CF818F50807FC07000B
:1060A000090A0B13F80702E903F1DF1A00F5FDFFF7
:1060B000F7081402050008F8E4F70F05F4EEEE1EE9
:1060C000E300DFEA03FCD3DC12240B1217F8E8002C
:1060D00000EEF5E5E300EA02F700E8FFE7EDEEEB9E
:1060E000060E0BFEF0F0E1D914FF12E10CF4F50CF2
:1060F000E9FBF4EB05F211261D06151FF6FAEDFB80
:1061000007F7ECE50414F5FFF5FE1D050AFFE906A7
:10611000081AE4FBFE10D2DBF4FCEB0BF609FDFDE4
:10612000E603FEFBE308F3EFE9EC03F2FC131103D3
:10613000050E0413090701F8EEE3FF12FDF104193F
:1061400006F2011109F70404DEE40B0300E2F3E7B1
:1061500016E205E8F010FC011410F0FE0306E4F36B
:10616000CEEFF40BF4FFF7080013F7FDE40408F694
:10617000010413EA0CF51407FD0F0F08FDF1F00000
:10618000F9FE0006E701F601E20A1CEDEFFCDBE296
:106190001C2B1BFFE1D410011DF9D3DCDDF6380206
:1061A00008F7EEF0F1F90E08081C231F13E8F9199F
:1061B0000701DDEB050510D2ECEC2E07F20B12F90E
:1061C00004E5E61FE5F2F3D3F9F72C1EFED0E21A40
:1061D0001FF2EA0009F9D604F60F0712F313F71CB1
:1061E00017010B1908E500F7F1EBA8EAF2C3E21E6C
:1061F000FA42081EED010907F5E50BEB1C21E0D181
:10620000F3FDF806FBCF002220F70C12FFF7030284
:10621000F1050901FDF3E903FD12EB04E9F6FF03C3
:10622000110BF3E5E9131910DB1EEAEBF2F403E9B5
:106230002AF0E7E9F816E0D70FF10617F3F12DE79A
:10624000FDFA07032306EFF90CE6020FF9F40D310E
:10625000FA0C0B201B06EA20ECD411FFF7DC07E751
:10626000E809E108251B1DFE17FF05E8F91600F5F2
:106270001F1E12011229DFD91E04212BDA0509CEB7
:106280003322E5EBF2FC08F30DFC030532270ADCB0
:106290001616F21413000EFBF200FB1A08E82D028A
:1062A0001EEB2012E0D81C09D5FE05DEF60B06FE1B
:1062B0000314FAE603E9F712FE2B1CE1CC16FBFFF0
:1062C000EA12E5E0E30826FEFDEFF1FCF2060DFF21
:1062D0002917EBFEF20D1001200CC70F06F1170075
:1062E000022AEC000DEE07FBF0E6F90BE7FD17DEE6
:1062F00007F4EBFDF51E2D2916FFEE0BF6E810173F
:1063000015F71715F6070904E21EEAF7F3F50EE88C
:106310003DF71CFFFD01150DFB10001516E3FD03F5
:10632000FB2D24F4FE14FF180BFF1609E50DFE06E5
:10633000100012D6D11F0511E917E8EB072F050C45
:10634000DC05000303ED1EF138DCF92CF5F902E65B
:10635000FFF70438F529FD1ED2EC080B1201ECFE04
:10636000E1FA12E31DDD05F3120B0814FF0800101B
:106370003AF2E70102E40CF2FC1400060911F501FF
:10638000E6E5DDF3EDF71DFDE0FA28F918DAFB2666
:10639000F710F815F4F807EF10E71021F1DEEF0819
:1063A000DD0B10050706081D40805A502001000033
:1063B000FF110BED1411F5EAE80FFA0A0305F322B9
:1063C000F2FB261DF90BD2ECE6E6F5D906F1F4F95D
:1063D00014070EFCFA0D180C1F0CFA08F90A140B1E
:1063E000FC0BF7EA0816120D0B0E130609E2021653
:1063F00009F80B11DF11F10907ECF70203170AF98D
:1064000001221312E4F6EA04170DD0DFFC05E308BD
:106410000605E2F5EDF4EEF0F9EDF2EE12C3EADA7C
:1064200019E6EFF6DFF803EF07E7F10A0B18F708B4
:10643000F00805120FE7E2F402F719D00B0102048D
:10644000F30A01F0F1EF080C1C0416F1ED0D251311
:10645000E7FF0DF9F7F2E70DF925EBE2F1DFFD04B7
:1064600003F30FEA0EFD01FBFA00F5E3EBE5F5EBB4
:1064700000F2F7E9F50615051307FD0AF30CF5F729
:106480001B04EEFFF302ED0E0F08F123FDFAF40AF0
:106490000303FBF81C28F5F8100A0711FE0B02E9AC
:1064A00003F8F2FBCFE31011FEE203D30A240A0C37
:1064B000EF05FDF8E90808F40CE8EFFF12051320DA
:1064C0000C0C0908F11C1B14EEFC15E3DFF2E905C6
:1064D0000F19FA07FAFFECDCF4F81AF516FF040AB4
:1064E00023F911FEEDEBFB1EE6F2E0EDF5EEEEF723
:1064F000FFFDF6E4FEF1DB011504170EF7F5E912D6
:10650000051F03DBE4FD130124FEEB0111FDEF0A7F
:10651000F9EFF80610FE080CFBEF05F6F7EFDCF3D9
:10652000F4E1051407F905FAFA010303D0D8E90EDE
:1065300002FFE7E61C2101FF011312F724F20CF21F
:10654000E1E1F81C0314E4F3FCF902E800FC0004A8
:10655000F1FDD1EE15ECE1F4FB040005FFEDEC00DC
:10656000E9EDFA05E5EAFC07FFF802E1E6E5F9E7FF
:10657000FE01E2E7FFFAE8FF01F9FDF41A1209FB58
:1065800018110804ED16EE08EC09E4F7FD1412F0FA
:10659000060000F316FA10140417E312FBF1EB01E6
:1065A0000BFB08FEE4F8DD09F8F7F70E04F1FBEA4F
:1065B000E919300EF10008FDF8FFEA1FF9F4EC14B8
:1065C000EFEFF103281807000605FA0EFD0F0E0481
:1065D000DC0AD7080B1906FBFCF8FFF2F4DFFE0A11
:1065E00002140806F2FA190AF30FF912FBFC27EE5F
:1065F00000EF0A1B27010FF40B0CF6E1F7E3F300A1
:10660000D7F7EB1B30EAEEED26FCFFB91D0F04F9BE
:10661000FA1F2C0E22E715F9D305F105080223EE27
:10662000F202100710ECF716201AF8021915DB1405
:10663000DDE90A1F25FBE6030DFD06F9EE042CDF5C
:10664000FFE6FBEB06F53A1A01FFF31404FB1FDF2C
:10665000C60403F513F426EE0CEA16E20F1CFA1733
:106660001ADC0604EBD306FAEC2A2604E506180623
:1066700007F7010C070FEB09EEE9E617F9E71CFA3B
:106680000FF4F808E8F2250C151A0307FAEEF8D211
:10669000DCDC04E4F70D03DBFED0DB11FE02FB01C2
:1066A000E710F91B00260309F30E0206ED0822F598
:1066B0000DF41BFB22E1031A18F9ED25E9F818FC8B
:1066C000F9F1E3EB0A130E0CEEDCE6F4D1F004C2B0
:1066D000041D24EF1E1CF418E92412D61D1A3CF6E2
:1066E000172EEA4104080DE21414F61203F20E0A02
:1066F000EF0B01D7FFFC00F20DE30BEC04F40D0EE1
:10670000F0EF1823F7122D14000515F9F408DE0E2A
:10671000F4DDED0306F7E6EDF707DC050A0CFEC62F
:106720000007EB15FE18161900FB0725FDF803F509
:10673000190EFF0BDD0B190F06EBEC29E5F70CD951
:10674000E5D1EF00F9B424E5EC170FF8F427412563
:10675000031924051D35ED22C6F8FEF8E8F323F5EC
:10676000CDF5C50CF609011E0B1AF403D80EFCDB9F
:106770001006FBFDFDF5F2E2ECFC181CFF1FE0EF3C
:10678000CC062017EEF5130F19013217E2F30004BF
:10679000E112EBEE06E9F5F8FDCD1AF9EDF9E60E9A
:1067A000FD0CF8F9EED3CB3C13F0C815E6E9F4057F
:1067B000FF0CFDC110F4F60A05F8FEEAF8F0000738
:1067C0000AF8070930BFF9200AF4E112FEF900E5E2
:1067D000D0F634FCF73FFADEF515E900F603FBCFFF
:1067E000EAEFFE0B11F50F300F2F02F0FCF211064D
:1067F000E2F70628E8D6FC14FBDC19F8C8EFDFF94D
:1068000006ECD903FDD0ECFBF8DAFBEAD4D90AFC9C
:10681000EFF7FD041B10E6FDFB0C1DF7D9EDF60AA2
:10682000ED01DAFB1AE4FDE1E806EAD3CC1608E64E
:1068300040C05A502001000000FEEFEFF5001106A5
:10684000FD05F8F1090A0F1C0CED0714110FEB0BF5
:106850001802171B0B01F51B1B090506F6E601E8DC
:10686000F2F2DAEB0CF4F7030203FF26E6C2FCFCBB
:106870003220EE0FEA21FFFA0D050F090AFC0E2B5C
:106880001610F808FE07F309030B040C04DC1003D0
:10689000FB060F10F1F712FD1C04FCD30B2B0503B4
:1068A000FE12F20D0403F704EE0DFEF1FA08060BDA
:1068B000D9FBE7F70C1CE6F8F90607F0FCE804F64C
:1068C000F008F2F7E4EA04E70E180B01FB1A1D24A6
:1068D000FDFFFE200AEFFEE5FCD1F705DD0FF0FA23
:1068E000121D030704F506F9F209021C1EFEEF0350
:1068F00010FBE3E410FDF5F10F1E0BF7EB01F50EB5
:10690000E708FBF4FF050DDA12F40C20FDEFF3F1BC
:10691000051A081AF2FAF90800D9E9F1F5F0F9ECCC
:10692000D1EAEEEECEEFFEEB061CDE052704F4EA1C
:106930000E0D0A22E2DEEBDDF5E9F5F80204FE00B9
:10694000FEBFF1F8EAE8FC1206D6FDE917E7E8E732
:1069500005FE030FFD1E040A0FE900EDE7EAE1F270
:1069600009EF01DA0B09F81F102BDEE9EFFF00F544
:10697000F80CEA041002FF0B030C050DF50B0AEDF1
:10698000FFFAE81C0506FD04FCEBEE07000606F71F
:10699000E804F9010BFAFAD9111406F4060C1004F4
:1069A000EA131B150D020415ECD90102FAFB08FDD0
:1069B000161DE923FF0E2522E817F71D19FEF9FF22
:1069C000F400030106F30AF2F2F9F1F2DFD7CCFF8B
:1069D000F507DAE4FCE4F3D5EB12100005ECEA016C
:1069E000FF0908ED021F0011E8E2D60D07CFEBDF2B
:1069F0000001FCE513180318F805FA16FD07F9075E
:106A000007FFE60C001900EFF62AFEF202F3040677
:106A10001AEEFE16F5F8F4F5F502FD05DAEDF7F9D4
:106A2000EDE3F50801D6F1F5EBF3DF09F8F5FFF832
:106A3000F2FF0709DFE110EB130902ECF2F5032482
:106A400003FFEBE2E30617E8FEED1001F800F107A3
:106A500001080BEC00FD05190A06070900FDFE0DF3
:106A6000F7FCFD1405150012F4E4E7E7080D13E147
:106A7000FB1BFF0203F8000ADF1704FAE3F1021C14
:106A80001219ECF5F71CFDFA200409E5FADC0515EE
:106A9000F1F2F51F15E1182BF414E3FD1AF41410AC
:106AA000C2E120E8FAE2FC04F90BECEDF8F401FE97
:106AB0000BFCDC18F5F4F4EA04FCFBFFD5EF35FC25
:106AC00007F807E5F215F60FE2EB03300507F4F3DC
:106AD000F604E70910FEF3081AFE20EF0FF8F0ECB9
:106AE000F40D10FDE9CAE11C02FCE5E30F26452187
:106AF000D8DA0313FF06E1CED8CD06CE11E7DB3698
:106B0000EBE80B121E000D0809FF14F1D31EF5F27D
:106B10001A0419E91105D8F9EAF9D9F20EFD00FCB9
:106B200041F311FB1FF51A06E7F316F309FCDDCF5D
:106B3000FD0214EDDFDB07320E141805F0FFE1F45F
:106B400012E8F7DEFD0BD5EACD03FCF8082110EEC4
:106B500017F805FCEEE41209F72D2DF7FF1A16F1D0
:106B6000EC0DECEADACD0BF3070FFFE6E90CF8ECDD
:106B7000F817100704F81603F918FB2BF6E104F7D1
:106B8000FE080DE408E805EB07DAC2FA0A1116144C
:106B9000E3FE13E31607E714F814F6FC022805E9F0
:106BA0002313E2F00E0A1E11141317EA1BFAFB045A
:106BB000E6080614D514EA0700FBFCFED7F3F52817
:106BC0000FEADFFDE415F5F9021B0E11D22708EEDE
:106BD00003020728B3DAF5E8F2DEDF0615FDF80454
:106BE0001505F3E70402031D1110FF0DE0D2FB11A0
:106BF000481E181712F7F72911F10AF1F60A1414B2
:106C000029F2FEFD1514DCFC0315DE0207E7CFEACE
:106C1000EF0412130EF1DED20206FC19182204074B
:106C20001511FC1634E713160B081B050FF5D3F9E5
:106C3000CBFBE520F0DF0E0F1EFD01F00AEB16FE88
:106C4000F40FE13510011AFAFADAF1FCEB03FDED6D
:106C5000F209011803F8F106F404F5EB10FFF41340
:106C600002EDEDE5E3F8D30801F12135FBECF0018D
:106C7000E8FEE9FDCAED151E1314E3260A1EE5E938
:106C800020E5FCEEF7E722052EC9F41B1B100F16BA
:106C9000C5E7F4021402DEFE1FE9F4E720FA0CE572
:106CA000EEEF120805E7F9FE370E0DED1005FCF8C2
:106CB00039FEF531080D12F740005B50200100004D
:106CC000F8120B0A0710FB0907ED10100EFBF50474
:106CD000FA0102FF12030CE4F90AF3F5F9000814B3
:106CE000F106F10EF6FA1E0CF014FE052301EEFB80
:106CF0000B0D0A17E1EBE90F00F5FEFDEB04F509BA
:106D0000FAFDE001FCFC02DCD92405F909DCE3060C
:106D1000ED040AF2F4E2D5FB0C0904F013010E0EA7
:106D2000E6FF0C04E7F8E5F9F9EECAE91507020FEA
:106D30000F1DEF0FDBFBFAEA07FFEC0F280E03FA3B
:106D400015F609F4FBF2FCF80011F9FD0913EA0A43
:106D5000ED0104FC0101F30B010D1D06130AFC15E6
:106D60000F1EF5DE00E5100A12F7F6180EF1080303
:106D70000FFE100C010301E7110AFFFBF5F2C7003B
:106D8000220FF2FBF400071402180BF6F7F3E9F9EF
:106D900018FBFAF6FDF7FAF4EC130E0BF0E2F8FE2E
:106DA0002305FCE41100FEF8EFF8F5FEF7F5DDF53C
:106DB000FDF6FAF5DF05EFF8FCF5FFF2F0FA100545
:106DC0003307F4F817FFDDF8040AFC03F914EA06A8
:106DD0001C03FF14F2072E2FF80D0911F7F2F60D20
:106DE000F9F2F1FFEDF3E4F5FFE00EF50F00E8EA4C
:106DF0002B0FF4260B1E1B12EE0BF419E30C1508D7
:106E0000FE0E12F20FFDEEEFDF0B0EF5FC07EB09A5
:106E1000040504E804F907E9F3D508FC1FF8F7FCBA
:106E20002322F9FC0612F121FDEEF304F5071F07FA
:106E30001009F007FBE1EDF7F3FF11F7E7010A0096
:106E40000DF3F4160D070609F2ED19F70D0BED071A
:106E5000E70C04F511FE20E603F1010A04FAEFE75E
:106E6000E90709F00AE70E0A28F0EFFB19F2E7EE4E
:106E7000F5E60F07DBF6E70301EF02E8E5FDE0F7D3
:106E800006EC0500F8F6FBF812FBF2EC0D0BF8F03F
:106E90000C030A0A14F907053004E9DEF11D0600A7
:106EA000F8FF0B0C1822E8F9F5FAEA07FEFFEDFBF4
:106EB000FE0104F6E9FEFEFF01EBF30ED4CFE7E797
:106EC00023021FE8080B240DFD101C19F4E8E80844
:106ED000020007FD0801EA14EEFEF4F0F1F9F2F603
:106EE000F2F90E23FC140A0DFBF1F3FE1AFE130A4D
:106EF000F70A1C08EB1A0E0E1108FC0BF3FF02FF39
:106F0000E0F8FB2C1E13EE0CB5FBF7EDFADFD4ED29
:106F1000D7CB03CAF306EFFF22E20902020B18F6F1
:106F2000F0ECFDF2F7DEEBD71700E7F613F4E30E13
:106F30000114EFE8DA21EA15E813D3D3EFF41023B4
:106F40000DD5E702CFDAFFDBF5D6E1BEF6F5FCE4BE
:106F5000FD06FCCFF54DFCDD01DFFBD6BAD4C4CB7A
:106F60001CD9C4D2E602FDE0DAF3100F1A2016F1A4
:106F7000020CD7DECC1B05F3FF0E1AFC151ED0FD4C
:106F80000DF2DA24CB090CE32001E110FC23EAEE38
:106F9000FFEEEAC9F8EDE3EF2A44100A272E57194D
:106FA00001D52A18D909DAE1160919F2472829EB7F
:106FB000290405301515FCFDFA0FC50803EE03DFA3
:106FC0000E1D1514FBF62202E2DFBFEF09FDD2030E
:106FD0000EE6D5F5EA0108E31BF2E7C513EE041748
:106FE00015F2EEF9E91F0AECDC2A0C0AD905111F8B
:106FF000F622ECF9F5FBD812FB1F1621C31301E8AA
:107000000EF4E8E2FBF505E5F80ADAE4E1E8F7F961
:1070100027182D0104180E10E7EDF6C3F6FEEEE377
:10702000D7E9D8E91414CCF80F170406DCDE0926DA
:10703000E907ECFA0C0604EEE91417F915E3031856
:10704000FB07041DEFEC2FCC13F2252AF71AF10CE5
:10705000DF0B0D10E0120C0CDCEEC4D4FDFFDDE202
:1070600020E6BEE20402FE04F205ED0EFDE109FF9A
:1070700002ECD6D401C91EEBFB0FD9F3102EEEFFA4
:1070800020F8ECE606F00E0A15E20AFAF9E10CFB2C
:10709000F8E30105D5F908231D052008E3FF04FAEC
:1070A000F303F7F1EEFEF3DA13EB262605E012E91F
:1070B000DEDDF91F370C2C150B0E1BFD1E081530DD
:1070C000FEF9EAEBEA07F5EB0214D3EBDEF90B1657
:1070D000FFFE0B0FF2F40813EEFCDEE1E0EEF8FE2B
:1070E0000D110B212AF9FB04F6F5D01AEBBAF6D3F1
:1070F000E9DE17093A052503F115F0F815E5072C27
:10710000FA110E0CF5DD00D528D8EC0B0533E6118D
:10711000EA05EFFAEB09E31AEBE6FF0800FA031FB2
:1071200021AF1CF10FEE2A3709D409DAF5F51E0854
:10713000FAD1041426D402E8DFFAFE07D1FE01E2F8
:1071400040405B50200100000505FADAEC05FF0520
:10715000D6CAD4FAEADFE6EDE2EC00FC0C04F3F068
:107160000EEBF4FBFFEB0B0716EBF701F6FCF9F85F
:10717000FDF8FF01DBE2CEF5EED9D1E9250FE6E916
:107180000801FD1AF30125FEFEFB070C19EDE817B7
:1071900009D4D9ECECE6D2F50BF80400FAFA10FFAA
:1071A000F0F10301E3E4E319F7F7ECFC060BFF0948
:1071B00017EF0B04FFF8F2FBF6F0F20A260F14FAB1
:1071C000E818FBFDF304F20604F4F2FE02E8FFEB1C
:1071D0000C1505001311021C03F72DF5F1F401FC49
:1071E000EEFBDCF91BDDFEE2EDE202F200F4F40A54
:1071F000ECEA0D10070C00DAE9EEFBF81016F0F5DA
:10720000E1030BF5FBFADEFED6EAFCF2E7F7F2E665
:10721000FB0BFEDE0403F712180506FE28FFFC1127
:10722000EDD100F506F112EEFA05F4EF0CF00209CB
:10723000E0E60FF6DE160E16DF0D170309FBEAE790
:107240001904FE11FC0FF301EF01FB16E7EAF20A45
:107250001800EB0901EE12100AFB07F743F6E4F6FB
:107260001B1A1E1D26FFFC1B2B29140019F70A1CD4
:10727000230B1D05FF032D0DE9DEFD12E4F9F8F2E5
:10728000E5B6CDFAF5F7F8E7FB2007142017F8224A
:10729000E7F005E5E7DAE30108F7F3E4111201E1AD
:1072A0000C1006FBFEFD1D0EE4FA060AE0FADDF600
:1072B000F5F70AF5E512FEEDDEDEE8F613EDF8F27D
:1072C000FF0DF6EFFC0109FD0A1401FEF104E8FCD4
:1072D000F6DC0813F4EA0802EE1DF8F70C02060AC1
:1072E00016010106E4E2FBF201E8E8C6EF06D7DD8D
:1072F000F9F212F823F60501E7F709E9EAFA0BE9D2
:107300002C04EBF5F7E9EDF70CF203100DFAEEEEB5
:107310000AF90F19D7DDD6DAF2F9E30EFE210D06D0
:10732000161F1BEEF111DE0F011616EA0E0D01E815
:10733000DAEFEBEDE70DF3EA19EF050E04EB0302CC
:1073400022FAF7F421111706E6D2F208BCDDE9EFC4
:10735000E30BE4E1E5DDFAD6E7EB01F0F204FAF342
:10736000F0EEED080B01FCFF102313FFEA01F80714
:10737000FD0FE9DE070609F5F7E7FB24F9F4FDFC4C
:10738000F6EFF7F6E602EBF40F0B0FEA19D842FB23
:10739000F304D9EED8ECFF22FF050420F5EAF5ED61
:1073A000F21E0F0B061402EDED0713161CE0001978
:1073B000F6F01A0C1025050EF805F01412F2E5F09F
:1073C0001406EB0DFA280E19E9FD1023E1FD0AEF72
:1073D000EFC5E8172008EEECFF0AF301ECCC05EE50
:1073E000FDE2EF10FADE0AEAE9B7C1D4EB0F10FEB6
:1073F000010114F909E52AFC10F9E2BFFAF7EFFEE2
:10740000CC0F15FF00E800FA0E1A1010E80C05FF6B
:10741000C8FC0C17EDE1F8C8C8F8FDFDFB1B09FB23
:10742000F9070E18F5041919FFF7130ECE24C2013F
:10743000FA10E9F81DF100FDFF14EEDBEFD8EC08BF
:10744000091AC306E704DF0FF600160CF7CCC1F5E6
:10745000D31CF80909F3F700E81723DD07FE05152B
:1074600012F11AEDF1EC1CE9D9D42217F124FE0433
:10747000181724F52A0BDFF9180DEFED11E8ED05CB
:10748000F01601FEF00DDBDDD5D4F1FAEF1DFCDACC
:10749000F41D2D2BF015F4140DF7FB32EEECF6FB7A
:1074A0000336E21B161209DFE5DCFF0D2016F7FE9E
:1074B000DAF74326F408FBE8E1F1FCE801EEE9FA2B
:1074C000E0E91304F025FAF4F71014EAFF12FAF6D3
:1074D000091414F7ED07FF16E3DBE4000B13EFF7D5
:1074E0000AF50BE6FF00040FE711EBE1F32C1102A4
:1074F00024D3DEF2ED0FEED7111106FBE1F3E2101B
:10750000EEFEFEF4FAF61E1FFEF11404FA10D8097E
:10751000F9120CE6E6E4032BF7FDEDDDE101F2ECF8
:107520000F00F9CD2615DCE80310F1D33B2AD1EF8B
:107530000CE2F103011C15FD0AC9F60217FE07F45F
:1075400004F90F16E11BDAEDFC2EEC0CE6FAFFEB6A
:107550000CD231EAEBF71C2D2000F821D3FDE7EA2D
:10756000010A0D09E904E2EA2CEF0FEFF8ED2D2EE8
:1075700010D6CBFBD8E8F1F91615001BCEE9FEC7F3
:10758000FA0729E218FE11F805E8170DD104EDF706
:10759000F8F82D05EAF0F7F720F5163AFAEF1ACCCD
:1075A000EE0315C1EAFCF01A2E000AF21500F3DF13
:1075B0000F1113E3E90C2706E90514F5EE19CDD6F2
:1075C000050AFDC3F30D100C40805B502001000044
:1075D000F512F3E51AE5160AED21132622010E0E27
:1075E0000A070F1A0BF3EAF504EAFE0EEC05EDE2CA
:1075F000EC0109FEDCE70CEF2E09001EFF0100E59F
:107600000AF90B03ED10E5F9E6DEE907FAF405DB0C
:10761000FB081B0EF6E8E507FC0212E41A0317EC60
:10762000282803EC0EF809F9F4F9D7F7E8F0F1FB94
:1076300002E9F113F7FBEBFBF91317F9F3E6D5F9C0
:10764000F3F005FCD604EF02EDF3DB10FD14FBFEB6
:10765000E810FE0EF3DDF5E204FCFA181201FEEE6E
:10766000F8FBFCFA06F220D002EC0C151408100707
:10767000F5F309FDE5DC01E805F8FFD1F5F20518A1
:10768000060B0DFCE6FEF9FBEEEBFBED0B02F0E961
:107690000E08EE0E0DEC091602EF1A09DCE61CFAD4
:1076A0001F02F91E090011DF1A13F7E5F6DE04FFC9
:1076B000F2EEEC08E7E5EDF410080C07EEFD1BF226
:1076C00008FEEA33FF0614F6E1E7FBE81DEBEB07E3
:1076D000160812FFF7EFE0DDF0F20EFCF9EE01F90B
:1076E000EB09F0F4D91221F1F3E1F7F2CFDEF1E783
:1076F00012E7DEF5E00E12D0F5F8F8F422F003E11F
:10770000CCFEE61305F8F212ECD5F5D908E7E40B48
:10771000FF08E414F4EC01F717F3EDE613F7F403B4
:1077200019F8F7FF06F21002F908E0FAE401030085
:1077300003ECDCE1F0F20708F30301E7F6041012B2
:10774000F6F1ECEB08E1ECF1ECE3FAF8CEFAF5F740
:1077500003E9F3D7E0F0EC040E22010F170FFB1B37
:10776000EBF90EE9E4E8C0E5D90503DF2503E3F111
:10777000F1F3FF1402F9E7EA2014F7FCE1E709F45A
:107780001AF8FD1DFB03EEF50DFF17EFEBDAFAFB20
:107790000B1C0307F9FFF821FE11FBFED80DF40ABC
:1077A0002D0001F100DED7E5ECDED50F0C192DE43C
:1077B000FC01141E1B0502FDFA1FF908DA06EEE6AD
:1077C000F4FAFC06FB2317E4ECFD14F2E5EBEFDF23
:1077D000EAF9EFFDF809F0FFFF11F600EDFCF3F612
:1077E000FDEC0510150C150C07F61605F5FB050D3F
:1077F000F10B1118F201FFF5EDF7000FF50F03E1A2
:10780000F504FAEA00F90C0901F20F07F7F8FCFC9D
:10781000E8FA04100C01DED7EBF9DD08E5FDF6050A
:10782000FBD9F9E70E10FDE6FD1AFF1AFEF5E6F5A5
:10783000EE060409EDF5D3F5122B01F713FCFC2C31
:10784000480900E7EC0B1401EBEA17F71812FDF8F2
:10785000FAE6CA0ADE15110016F815F5DD0F0C124E
:107860001400D3E6E91523DDE0FB23E306CFF3F7AD
:1078700026EFE7F7FF000E1AE10DEBEE00D7D1E09F
:10788000C61CFCF7FFF831FBF7F705E2F1D4DEEC9C
:1078900024F4D80ADD01E1000104DDE0F4F80EDD96
:1078A000FEF9E4E9F9E5040D332521DF541D2843F1
:1078B000EB066131E0E816D8F3F9F6D82C11FCF3A9
:1078C0000A1B04031319F3EFC80BFFE41A07E1C402
:1078D000F80222F5E4DCE5F307040EF8FBE31FE809
:1078E0001DE1D7FDE00CFD0CE6F8D2080C0A1604E9
:1078F00021EB22F6DAF9FE0008F0FDD51210FDE2C8
:10790000EE1312D7EED502EEFF1B1D06E7EAF4DFF9
:10791000CCD4E30BE1E9F0E802FE04E004ECF6026B
:107920000B053D15EEE13031360FE9E1F60024128A
:10793000EC0E072D07FEEC1EDDCAD313F2E102EBBD
:10794000E9F812F8E9D91CF8F0FC1209F80BF6F581
:107950000FF1F30EF40B27150D2C1A0A07F5E61E8E
:1079600019F515FD0AF7EB140A0402FD0CE937E1DD
:10797000CE00E2F20BEF0706E629F5F628E0FA0D55
:10798000F8F7060BF6F9FD0AFD2111E90EF8FA04E5
:10799000060AF9F4F948E8CF3C2A43211F11DB1508
:1079A000D9E0E501080ECEFF012917F208CDFF034B
:1079B000E21B1ACBEA220CE3F5FC0ED108E7080C17
:1079C000F5DF25DAFDF80DF3EEDD20E2FB07F61218
:1079D00014F7F21AF1DDE3FE0018F4D80706F0EC14
:1079E000251B0301F1DBE7B4170C1214540AE20E55
:1079F000F004F2E9E5040AF5E63116DA121504FDA1
:107A00002115C6F91CE4230EF800F9E922000EFF47
:107A100005251EFA261F07F8D30601120102E7CC3E
:107A2000FCF02301E0D8EA021EFA23F1D0FCD717BC
:107A30001327F2E8D1F4E6261AE3FADB0B0A130463
:107A4000F5FFEFBC02E5FDF8052DD303E7E81FE0E5
:107A500040C05B50200100001001FAE2EC14112E2E
:107A600015F62002FF0600E619FC18140808093272
:107A7000EBFEFCEADFF203E6FEE604FC09E9FF0D9B
:107A800020E507ECF0E4FE0D1915E2F0E8F4EB0E4A
:107A9000DA1B09F70D0E03F3FA04FFFCE4EB15FD06
:107AA000DCEDF6EDE2DEF7F3ECFEECEFF0E9F108E9
:107AB0001A0DEB01F90F01EE07DEEC050F1FEA0BC3
:107AC000F9F7FC17DFD5DCE2F0DD0C0BF7FE19F659
:107AD00005E3EE00020BFEEA02EE0C2C0DE5DDEBF9
:107AE000FCEA1BF70E0D2112E4F4ED0D0C0EF7E786
:107AF000FCEB13F806FE0705F2FBFB09F9E2F8F5CB
:107B000007FF0E0D21F60019EC080A11F1E1F9DD6D
:107B1000EEE8E2EF0A0C02EA0D05050E00FAF7F7AF
:107B200007F5FB0A0A11F6F4EA00080AEAFE010B5F
:107B300016F9002200FFEC051FF7F10310F503F31F
:107B4000F315010FE0F9F5FBCDF8ECD00DE1F0F8FD
:107B5000E80AFBE3F704ECEE0F16E1F4F10C140B6A
:107B6000E7ECED03D7F3FCFC0EEC11E7D6FD1B2B85
:107B7000F5F4E8F2FCDEF4F60A0AE914E1F913EC94
:107B8000FEFBEBED12D8F9FF03EAE4EC03FCF2F59F
:107B900003DDEAE2E508F902F0FB07F6E725F10468
:107BA000FF11DCF5EAF5E6E3030BF3E90605FAF16C
:107BB000F5090C04E3F4FBFDF1211213F0E131FAB5
:107BC000D901FE080CF3F110EA0C0818FC01FBF6D1
:107BD00004010611040826E619F9ECEC06FEF0F2A1
:107BE000FAF9EB0AF9080FE9F508F2F201D5F1F418
:107BF000FCD30DFB1C25D1C715FCFA050BE91A08AF
:107C0000F1F6FF07EFEAF5FCE2F806D6C9E1F0F27B
:107C1000051D10E51500F23105FDFEE9F8E1DBF682
:107C2000F0DC19F2F403E70417000D0BE3FDF0E4B8
:107C3000E6DDE5E70F060FE816EE20F3000FE0E2C1
:107C4000F6FAE60BFAF2E7E31105F018DA0DEFF6B3
:107C5000F4F80719DC0CED0A0AE9F1E2FC0BF4FE7A
:107C60001FFE1217F1F300F20A08F2E703FB1003FC
:107C700014070503EA1F1B1AE806170B0F0CFB0974
:107C800006FA17F6DDEC01EFE5EBEC16F206EADAA0
:107C9000EF01FB160001F71803EA021302FC100CB7
:107CA0000603EA180401EDF8D501F7F512F5E9012C
:107CB000071BFCD0E2E4022615F20A0BFB0D0810AC
:107CC000FCF003EB1CBEF4151C1401DBF5E31D00F6
:107CD00004050E1C1104FEE029D4E816F6EEFEFAA7
:107CE000E315E20011EBE10AF1F9E6EC110F00E611
:107CF000F8D50CF40006CF19E50BF50A060EF513BE
:107D0000ED17EEEA351AF1EFECE7E4DA140E1DF4A4
:107D1000EAEB040EFE190AECF217DF11F0D80106A7
:107D20000C30F9FE060012E7F90914150FE9F6EE1A
:107D3000E32401EC0626F40D17301AECE92519129C
:107D4000EB11F11AF2EA0112F5F6F0EDEFE4EEFABA
:107D500007FB130811FFE932E5F5DD0AE909E3D273
:107D600032F739FEE2F80510FC0A0AD6FD12F9F7DF
:107D700006FF15F1E2020013FE0805EB03110425CE
:107D80000ED0E61E1E1C00F3F4E2F225DA02DAFA47
:107D9000D0ECE1D8E0D3F2DD06EEDC2BF5FFFA0DF6
:107DA00013011904F01545041117FAE8F309FBFB58
:107DB000F9FFF10B03EDFAFFD9ECE31A11E1EFC77C
:107DC00010E6FDFD0CD407F4E7F906FD25F31C1EB3
:107DD0000811F504EED21EF7FA03E316111C27046E
:107DE000F9FC05101D08F4FF1811190201E51947E7
:107DF000F2E3E9E802E8F80FD718F3F2D00E0CE945
:107E0000E804FF050A0E04F6DBEA170009020D1A62
:107E1000F926F4F604F7E9E1FC00EEF1E9FDF0EBF8
:107E2000FE110AEDEAFC181CDFD409460300FFE24C
:107E3000E3F5FEEC13E618D5ECF029F027C8FC06B4
:107E4000DD151C0FEAF00FD9F01CF2E5F8421732ED
:107E5000051F0F06050507EFE821D7D5F8040DDA51
:107E600007151315FE1619D0FDF701FA10FFEF11D3
:107E700009D700011202E409F0040C14E903060D0D
:107E8000F20AF5E40401000111F801FD13E10730E5
:107E9000F7072120FA44010B0D1C0AE6F02C07F528
:107EA00019FAEACF0EFD06E90EFC02ED231AE5F9F8
:107EB0000A1313FCE3021AD6190CEAFE07FE09FFA7
:107EC00007FEF5EF0F33F5210027F22200FCDD134A
:107ED000DC14EBD0EAEB340B800098502400000057
:107EE000DED8EED4E6D4E51DD0E0E8D50108143C98
:107EF000E9FCC42C2F161FCCD93A0E383832FF06B5
:107F000050D0EFF9EF2A0FFA101716ECF31B0639D1
:107F1000FDF9ECEEEEEB02D6FAF413FBEEFFF609F8
:107F20000105EFFBDE0426B1E80DF9EE1D13221466
:107F30000AFCFC1C0311DD1329E6E3C327FA083110
:107F4000FB16F6F2EAD88E001D102CF6FEE4E319BB
:107F5000DA090FED0A32070A1AD8150C00162ECED0
:107F6000E4FA13CC0A040AE5D7CBEDE80A0331D8CA
:107F70004001985048000000F0ECEFFB03E1FCDC0E
:107F80001AF7F01FD9FFE0E4EF0FEEC503FB121E56
:107F9000FEFFFDD911C9F9EBD6EFDEFD01000C02A1
:107FA000DD0C1509F8C315EF030AECFA01120304FE
:107FB000DAE00310040A1D0C0A0FE91BE1FAE40FD2
:107FC000DF031712F81AEC1AFCFE270005F2001363
:107FD000FBEF0E23F818DBF7E806E7EEE1FFE428F5
:107FE00011FAEBF922ECE2FC02F5E7DBEDF215D336
:107FF000E6DF0AF1EA091E1AE8C7F1EEF5EA0CD34A
:108000001F14FAF0E504DD112A130BD3021126ED3B
:10801000FDE307EF180D12FB162A08110A17292590
:108020000C33F806DA04FDD7D80BC5FA0D1F0A0980
:108030002D144C1AE0CAFA1CCB10FA23F2F1F2FA12
:10804000F4E7110C20E1E91A0A0E1E120B210F1A97
:10805000DFF4FF080D09031303F1EEE20C0FFEF647
:10806000F7130207FCF01B30F00E0800F907CE0EE4
:1080700012FA0FEBF5FB18EF1330F7F0F41F17E7C8
:1080800005281806F7D50CD8EB2515F0FC29F414B3
:10809000F5F4FB0717E615298040985024000000EE
:1080A000ED22EBF0E6EA02F449472E0ACDF326EA88
:1080B00024E131C6FC2F250ACD30FFF511F6B92D8C
:1080C000DB3431EDF80F142AE1D0FBD7E3D0E0B078
:1080D000D0CCEFF901CC26B8BAFBDA0A2226EF227F
:1080E0000914073A18FCD32CE336FEFEDC06ADFB80
:1080F00022080F09EC0BFD09ED3AFCF9D50915FE34
:1081000037D50A1DFE021CD3240F4367020813FA59
:1081100007D92DFF0706250EF016E2F545E307D334
:10812000C5F2FC11F8BCF9FBE5E8CC08DFEF19E477
:1081300040419850480000000601140510FFF71553
:10814000EADCD9FEF41716EA0E211719FDD3E60B67
:1081500019EAFDF515EC0F032503F216E50F0924C6
:1081600004D414FB32FB0313F214F414FC20F8E1E2
:108170001B161AF9FD05DF001B0BF2F0F1E732FCCC
:108180000610F017FAEC001AD2E6F9D2E2DCDBFDB9
:1081900010171608EAFBD626071BF60AF3EDCC09E2
:1081A000E9EEE91DD3F6042AF7FBF2192A08091EA5
:1081B000F0FCD8F1161BEDF1D808FCCD04D214194F
:1081C0001BEA211F0B121D18F00A11EBFFE0040639
:1081D000100CE1E01220EEDB010205F30B1B222A5A
:1081E00010D928FC08392C08E6D81B0EE8F7DB105C
:1081F000FED717E11D000C2AEE230F000004F3FA4E
:10820000F2FBDF1FEFF821F21001FFF900F1D8E7D0
:10821000122FFF0CD7B3212BCBFF05FC0FE60F115C
:1082200004FCF908E6031BFD01E3EB1532FBFF0933
:10823000FFFBF7EEF1E7080508000C01F10FF7EC82
:108240000703FEF9E0ED17071BEEDA05DD0DFF125F
:10825000C4FFFA01EFCEEB2F80809850240000007D
:10826000A9D6D6D4D0C3F10A15051DEFEF17E41631
:10827000F31D10F2270E1CF0CFDC3818B4ACE0FD73
:10828000E1FAF5E0DC32234003EF1223FDFCE805C0
:10829000EB32F338DB19FB417EF219F9E626DB03FA
:1082A000C400E80103EAE0F8FBF5FBEAD6E5E2CD1D
:1082B000FE0B1BF3FBD2C3F5E7F2E7BB2BEA3EDA7A
:1082C0000CFA1120250EFA21CF34FC050613EE20FE
:1082D00024F0FEF9C3F4C0230D1118FF1307F9E3CE
:1082E000C413F409F2BC061614D6E3EBFBF6FA0449
:1082F00040819850480000001135F1E5060E030159
:10830000E21E0D1605EA1C10DB2224E3E0ECEAEE87
:108310001E2EFC022204F0F1EEE4F9E3C707E80B9D
:108320001318E70AFD09F019FC00F80600F6E1FC55
:10833000F7F0EDE1F9EC08F5E90601F0EED31D0CDC
:10834000EDDE0CE6F90EF4F50B0B0AFBD0180DE18F
:10835000E1E3F3E810FD2F0003F303DF01D806E8A3
:10836000DEE309F2030DD326FF060D0211070DFB14
:108370001EFBFD03E11DCEDE05CC06F804F8E92B5B
:10838000FBD6FFF324F1ECEA0D13E811070908F21C
:108390000B032BEDF218F4D807F0102AEE04F502C7
:1083A000E8EEE1D52CFEEA021212FE20F6ECF20411
:1083B000F9E31819D200F6F1FFDCF3D6DCE205EEA2
:1083C000D4FEF6EDF8FCE6FEF1EBDD0E2203FFF73E
:1083D00006070ADFFF0EE9E105E910FAF91EE801D8
:1083E000F7FFF217F5EBC2211304141E11F706EB89
:1083F000E80CFBEAF1EE10F405461AFA00E7E3FF99
:1084000011E8F9E601F8E2F8DF2FFDFE0AFAE502CD
:10841000F1D2E6F5F31BF8F680C098502400000076
:10842000D8BD1C152FFD000E1CFEFA1AE50C28E81D
:10843000F8F9F1E50E1C13FFFE0D18BCCCDC0D4461
:10844000DC010CDFECC6222AE6121E0DF0F8F42641
:108450000607D21706F0E7D7ECF027DFE6D7D7F606
:108460001324DE041C17FDF30A01FEEDF5DF0B26D5
:10847000DB1B0CE803FC03D9F114F31807F110051A
:10848000DFF50712EBDCE40A1100E20ED248F90A2C
:108490001A021BBDEFE7234DF2CCD5DBFAEDE5293F
:1084A00016FDF8DFF9EC0AEB0DF13418291BF6FA8A
:1084B00040C1985048000000F5D9ECCC0315F22CCF
:1084C00012F9D51F041414D8F9CD1A07FBEC23FFB9
:1084D0000F00EEF8E0FEEDF3DAFA050900FFC4FD47
:1084E00006F1E1E1D3D8ECFB06FC12F5FB011037F5
:1084F000FBE9F0D7ED040B16E029131326D5F3188A
:10850000FBCEEE0AF3FBF309EFDCE1F3F6FE04EC3D
:1085100004FCFDEFF3190BFCFB013E1E13E713FDFA
:1085200004F8DCD8DE07E6F1F9F01001072200E4D8
:10853000EBFBE80E21E7E401E706F3FFF910EC0797
:10854000000DFE042701CB03F4E1C3E5190EDD02A3
:10855000242EEEFB3A0C12EDF3191107C4C81AF6DB
:108560001D05F90405F9FDFA07E915152412F0AD0A
:10857000F738FC011ADF0C070FD7ED010813ECFAEE
:1085800010120907041CF9EAD3DFD8FDD412F2DA7D
:10859000D5DF0DEDF729060A12F914EF03FAFC05F1
:1085A000F6FED4FFF9E9E3030FFC010AE7C6F60083
:1085B000FCFCEDFD40D80AF515190A0700F104F09E
:1085C00007D02AEBF9FAE8F61408F8F8F6C2080F13
:1085D00014E4E31408EA03E5000099506C0000007D
:1085E000FBFCEA0905FADDE3D5E004FEEEFFE7EC6B
:1085F0002300EA15EC0B1D201FE9F700E516FB0F21
:10860000F61EF22C1211FD121FF2282AEF08ED2897
:10861000D008FEFE28F5FFCBF009E4FE041C23176A
:10862000F803F30C03DDFDFB1AE7DAF0D1FCF100EF
:10863000F300FE05EE0709FF13261AF4E3F402D651
:10864000E90FBDE6F8DEFF23EDF1E6FD011C14F6AF
:10865000FB13E905BCD0E1FBDDFC0DEBBCEA3FFD03
:108660000D02FBEDF4DB23201CD6050FEA180929C7
:10867000ECF62002F8F90EE2F7FDFF15FBEF14FC13
:1086800002FDFDF7F5DE040A17EA04D2F6FA2FF62A
:10869000FFE8F0D90FECEC0DEFD7DEE8F40B100596
:1086A0001103E9D7FC312810303FFF15D4F5EB1E3C
:1086B000040316060628EF01F9D509FC023021EB68
:1086C000E301020A100CF1F0DF230BFAF1110CF6B2
:1086D000F1ED0BDEF7FAFEF318170519CFFEF7F4EC
:1086E0000FF000031B01EB20241227EF1A0DEF08F7
:1086F000F602F5DA03FFEEEDF4EEF2EDEDE716EF3C
:108700004BD00D43F714FE12EFE7F91AE9FE020F02
:10871000F21612EAF0CDEF1ACB5337FD28F504F725
:10872000C3D5F7CFD5DBE805130CFD230EF2DC260D
:108730003000061C0B34271F0FE026F0062521DE33
:10874000020B2036FCEF2325F00DCC1425EB02DFC5
:108750000C162CC0CBE7D21C1E0DFDD923E811CA84
:10876000E9F7F81124B7271615C6F5103C3BDA0ACD
:10877000D90A0CEFA5DDDB03E740FAE7F9DF3CEEB1
:10878000D820D6FEFFF20EC7B6E7D4E20DBDF30B3C
:108790004001995048000000D112E808F220F60C80
:1087A00014C7D209E92B00CCF7DDF0E3F9EEF7DFCF
:1087B000D80618F22210FAE7FDFFFE070DEACECB2D
:1087C000ECF8FF05FBF6EE01FDFAFE0EEE16FD20BD
:1087D000F0E20A220BE3041A0E06EFE92EECEDFCA0
:1087E000FDD6F50F1207E7E6FC05C51CE42428EDCD
:1087F000EEFFDAD4051016F8D0212201141401F787
:10880000140DEE29EB04FAFB231D1F010BF5E711F4
:10881000F10407F4F201FC2E0C150F18F023E9EA1D
:10882000EDFBE811DF0AD000CCFEE1D3EA04D2F37D
:108830001E16BD02352CFC2A00D1EB1AEDF8FCF80F
:10884000E6D40416F41BEADD1FEAEB05DFF6F1FCC3
:10885000FA01F011DDFEFDFF0CF5F0ED2001E20361
:10886000FB1217180F30F210CF08E7F70F07E417C5
:108870000D0AFEDCF72111150A0DC8E7F2EA05ED35
:1088800018F50309D11307EEE20811EEF5DFE8173A
:10889000FB07F3FBE1C8F2EBF0DBEEFA00F918FBA3
:1088A0000C09F21B24FFFC0BD6FD27E5090DE9E8B6
:1088B000ED03F7E4D6F4BFE9004099506C000000E6
:1088C0000EF41E21E5E5E902EC090014F7F525F6A2
:1088D00010FD0D29EE00161BFFF60F15F119090109
:1088E000FB25EFEBD9FCE306E6D6F1F1FA0CFACD65
:1088F000F6000506E60F0AF7F4F1011108E4CD19B8
:10890000040D0B1702E217081C0F0A0905EA0AF604
:108910001E0E1714231D1147FB1CD4D50C220A1060
:108920000004F327F0FEF1FA02E40808F3CA040891
:108930000700FFE5E70723FB22DEF720C90E18F149
:10894000FCCACE130CEAB6D6E6131316E7F904DB1D
:10895000F20FF807DBF50000FB0CE304F2120ED770
:10896000D4FCFFEE13FC0FBEF41F390AE904DB113F
:10897000BCCF0DEF1945FC16DBE61710EFD323082B
:108980000212FA3E070FF5EEE00AF21715D81D0A9B
:10899000F20FF311F8EA1C233125E3111C101CF52A
:1089A0001AF7F7E4011513121321FDF6011AF7F572
:1089B000F9FFF1F6C61DFCDC1F15D3F5FF0FEAF930
:1089C0000328FB1105D8FF2002F7010AF7E3F22282
:1089D0000FFF02FFF6FDDC19E420EE0E1402010881
:1089E00044FC20FCE2172F1925EEEED0D41E01F82E
:1089F000040326DBCB13E0FDCB09F9181C36020D6E
:108A0000F4CFF1FABE14090109FEE1BE1704F01F0C
:108A1000472AD12809072C1AE3F2E0F2E9F52821C8
:108A20000FF90C11213D1EFFE608B9030617DDEC16
:108A30000DE5CDD9F80608EED2FDDA08EBCDC5D3A9
:108A400005E3031E044435FF0EB62B1FF704FC0A92
:108A5000FACD1F2C11F5AEEBFF0406231806FBD14F
:108A6000210DC9F4FA0DE1D4C0FEF405FF11ECEEBE
:108A7000404199504800000031FBF3F617FEF8E939
:108A8000100DFAFF0DC3D9120F21FA1DFF1B0BF8B1
:108A900013290B0500DFF80A0702241DF3EC0DF380
:108AA000F0EC001FFADE2F150E031307FD1618DE7B
:108AB0001314E60E230EE622D82807EDFF14F6075E
:108AC000F728F00B10E90D1807FFF8F6F9ECD6F8C7
:108AD00003E4F52831FBEFDEF237EEEEF9FE0EF39C
:108AE000E0DE1A060E0A24EE1313F4FC07FA00FD6A
:108AF000E008E8FAF10A0FE5F817E6E10529ED0DBF
:108B0000FF2900090BFCFFFF132706EA060107E413
:108B1000E02FFA0D030AF813FEF9FEEFF1EDDC0089
:108B2000E71F0F19F50506FEF505141D100416FFC5
:108B3000DDE40919DBEDE10325EF2AFA190703EE5D
:108B40001E0604D907010AFCF4F5D719F614F6FD40
:108B5000F7F9000D2B06E1040816F5DAFEFF16DB27
:108B60000C11FDFE1611160A0AEEE2F4F104F5EFFF
:108B7000DDE7F212FCF6FCECE60B06011CEE07F258
:108B8000F82DFDEAF3160FDE0FEF072614F5F2209D
:108B90000235F9F51D26D705008099506C000000BC
:108BA0000602FDE60611191CFE13FC3BE6FC0B0C4D
:108BB0001CEF0705F40C320DF405F3F5FBF7F90192
:108BC000FD1217FFDBFFF70014FA17F004EAEF03BA
:108BD0000229FA18EC24150419F0F508F508F10635
:108BE000E32DF40127F3102606F90AFB1C050F12EA
:108BF000F5F3051106E30FFAF30EE4DF1EDEEC14C5
:108C00002CEED90DFDF710F70F14FB1A0A2C222DAC
:108C10000608330DB5E1D8E2060F09FA26ED1CF778
:108C200015032418FD15E5F5E5031A171901E6F6F5
:108C300002050F29FA0E1108E8E9EA0CD9E9010F3B
:108C40000E1B1B0D04D8EAEC14DE06FC0A0840F7E4
:108C50001FF5E40DDAF61DE0F6D92B0AE0EE0B372E
:108C60001B1CDBCEE70305140723FE1D1C021304A7
:108C70001F010F0FF403FF10FC00ED0E20E5C8CB21
:108C8000F8131E08E205EBFFFBDE11201014D41DC3
:108C9000F8E5F5F6FD1DF5FE1BFA0104F505EF04F8
:108CA000EAF00100E4F20309F716EAE2FB1BF3E441
:108CB0000600F90D0008DF281CEB1CD8211F21112C
:108CC00026ECEE371EFBE20EE001FDD209F60CD5D4
:108CD000E717E64312FF390B033916DFD146F4FFDD
:108CE000191CEA24C908280919FE070832D32319D8
:108CF000085B04D8FEE4161123E3E804DEFE1CF052
:108D00000FC016FD282CD2F6EE4B03CAC82BE4493F
:108D1000E7C8F415FC23E9FB0CC317E352F3FA315F
:108D2000F90822BDDAFFD8DFE808ED19F40E141FA8
:108D3000D4DCE3E5F8DC03C11408500302E4F50ECB
:108D400010001CFBE3010645082D4CFA2E09F5FF27
:108D50004081995048000000E9F5E0E7F2F1E4FEB7
:108D6000070B03F6D32128CF11FE0EE1E3D7FD0A4E
:108D7000041B18F9F0E9021603E8EEE9E6EFF2EF5A
:108D8000E4F71516E61A0DF8F71D040B33FEF5EAA5
:108D90000D0512FF10CE0012130014F8E814CD05D3
:108DA0001220F9E501E3EBE8FEF2091A09F7DBF816
:108DB000D9C7F8F3F4C4D2191ADFCC13080A161F66
:108DC00001030FFEFFE1FD1AEDE5FDC503F812F307
:108DD00015D1FF041CECE6E6150108F40E032BE0A8
:108DE000F526DBFCE403F516C20619FD04EFEDF8E9
:108DF0000806F2000B27FA00151EE2E20FFF3ABD4B
:108E0000F1FA091FE8FDBBF5FC080CE7F5F1101AB3
:108E10000F010310D3E1E0FEFA0E20F5CF02FFDBD5
:108E2000FBDA14F227ECF7160EE5F0FBF40EFBBBB1
:108E300001F8EEFBDE09ECF5012408F30CE5051E54
:108E40001EFAF5E62BE60DF707F8E804E70AF2004C
:108E5000F5FBF50416FCE80F260208220C0E0509A6
:108E60000E1E1D2D2308073904161718FA111FF4BA
:108E7000F5FEE303130D04F400C099506C000000EC
:108E8000EEFCE2E6F5DEEEFDF5DE1BEF01E909E7BB
:108E90000A22FBF006FC0BF0F304112E0805F6FA8B
:108EA00006ED1912FBFF0714F3FD0004F9F1F42B92
:108EB000F9F4FD11FCF9E9F0DC06F2B90C15FE2716
:108EC00030EBFDEF0608FA15DADD1217D7C7F4010B
:108ED000DEE4F9FE0E03002512CAD015FD17120BB1
:108EE00012F1F7072816EC28200E0BF41C021DE4E3
:108EF0000AE1D7F4E6F20EF5F300E7D5F0F508FB4A
:108F0000F8F1EEEB000203BC0BF5E7F827FDEEF9F4
:108F1000F802FAEEF3E4FB1D0F1F03090DFB0AD361
:108F20000E012E08090803081703C8F3F505EBF135
:108F3000D602F4F3E7F0EF03D9DDEDF4DED5FD075B
:108F400007F240340FE61CFBF2EF1DE4E8F511F3E5
:108F50000F1B17E3E4000503290DFF1829E624067B
:108F600006DA1E0C0517FDE9F9F0FAE2F0FF081227
:108F7000F9F41513F3F4D607DCE1FA0E021A14E73C
:108F80000A13FD05C8F4ED04F1E3EC051BF10ED561
:108F9000000321F3D2FCE1F4D9F20CFF1DF2DADB7D
:108FA000162533EC18F50200BFD50E16DFB9F21DF9
:108FB000153E411D121340C2EE44FBF1FA44E7098D
:108FC0003FC9D74BE013E6FDC5EE43DEFE00E825C2
:108FD000FEB5E8EBF1E0D2E2EB0C150CCDEE3E195C
:108FE000F8D9F1D1D9F50214DEC6E5F1C708DE15CE
:108FF000E9FDFF0314F402EDF5AB3DCEF242F20FB2
:10900000E2A5EE2218C1F7E91331020F3429270235
:10901000EB12E60DE807F3332629DC140FF7B1074E
:10902000EDF7D40709F310FBDF45401AFD2FE735B4
:1090300040C1995048000000140BECFE1504F6EDF9
:109040000408F9F6DCE9EDF3210DEAFBF2110F104B
:10905000F2E0CECB13E21AF5ECF10904EEFFD7FCF7
:10906000080605CB1EE8E8FF0BFAE7F6F40BF1FF64
:1090700003F1DFF4EFE1E210F405101EFBD40B0165
:1090800002FEEBFFE915EA0305F3B900FFF9F7D299
:1090900011FBE8EC0EF9110EEBDF1B0AF706CAF91B
:1090A000F5F4EC1F08E9F3FAFC06EEF5030615EA01
:1090B000E7DF0DF2FB1CF8EE251FDEFCEA08FB1CC7
:1090C000E7D4E901FACBE201DCF10BF102DCFB11A0
:1090D0000C0617EB1BEF030FF0F20F01091412102F
:1090E000D712D8F9021E18F1F6D90EFBFDFC0305C4
:1090F0001FEEF807E4FCFDEFE70DEE0D1ECE0DDCD4
:10910000ED10EB020DC8FC200AF7F70CD6F0F2F4D4
:10911000F90BE4F9DD1625DEE5200805EBEB0CF88C
:109120001E17F30C0B0A03EAD6D810FC1FF2DA1E46
:10913000F71C240600DEF427E70A2DF81BE1F4DE15
:10914000D9E112C317E5000F17E2F601F3F2F6F4C6
:10915000E302E314E20021FA00009A506C000000E0
:109160002B0DF0170CD5210CFAF3BB1CDCD2EDFC57
:10917000EE1318FE04F8FFEAE400F8EEFEEBE8DE7A
:109180000CD108DEE3013810E7EBBCFD162AFED057
:10919000FEF5F404E8F3EDEF0F13F7D1E5ED22FB54
:1091A000F6E2F3EF03F1D7FBF4FA0710FFF639C646
:1091B000FA2116F6FA1824F2F2E0E808DFF6F10ECA
:1091C000ED2703FBFF1511E500CDFA07FF00F313B0
:1091D000F8D0EFDF090FD7151D01FFE0FBE6F5EE34
:1091E00006F1EDEF06F408E41BFAF2ECEFE4E90314
:1091F000F61CF303160100FA020614DAE5E0DDD6E8
:10920000DBEBEA0BCFEEF0011109E80CF118EF25CA
:10921000E507DCF70B0DF9F4F5100D0418111C0D22
:10922000F6000F06090C0A0C041AE90215DFE5C95D
:1092300006DC0CE103DFFE0BD9F125EFF61DEB0E8A
:10924000E8E306FFDFFE03DF06FAD40DE3E0FFDF0D
:10925000F2D2E7E60CF5DEF00EE0091A1BE90F2268
:10926000F41E1F15E3E41F02120AE6FED5F417EB05
:10927000EE0FE9E4F6EDEE23052FC9D9F3E8ECEFA4
:1092800005EAE0F603EA0BECEAE8B2CEEE2B2C207E
:10929000FD28DBEC11F8172117EF11122A1819FD20
:1092A0001C2B301B2C44F120EE40213C0CF232EA06
:1092B000EA10FDFCEB03070D0E1B23F3292329D431
:1092C0001CD3FAC408453A1EFC28F91F25F10409ED
:1092D0001603CF1C01E409090A07262B13F1D40D4C
:1092E000D7B017FFE8F30DF91EFC04145913EE2153
:1092F00032551FF8F41A2B16E6231706F701E12E54
:109300003B080511E3310631D9FEF3003CD9E60AEA
:1093100040019A5048000000E9071108FC04F21DC2
:109320001617F7F2FFE8EDD504120A16190014EC2F
:10933000F2DD23FDEF17EFF426F6FC10EE05EA044C
:10934000FCEA07F923FAFB1EFB19CDEDE001C8FE8C
:10935000251B3306D417FB1BFCF50C1710ECF6D0BD
:10936000F80A15E2F4F30C220537F8131000E906A9
:109370000CFF07120A011DFC0F150DFEDDF814F29B
:109380001EFB11F3FCF5150CE0200109E9E1F403E3
:109390000903150DCC06FBEBF714EBF5EA10FB18EF
:1093A0000E03CC11E50F2F10FBEF30E0E3F203F6D4
:1093B000E93B12150AEA25EEE2F30ED9D5DBEE1BE6
:1093C00002DCFCF50B2314F6080FF5011EDFFFE0AD
:1093D000EAFA0306001118E809E8C3FCEAE4E7F139
:1093E000192516F90FFBF2FFE9F8EAEB04EB14F983
:1093F00017ED080804EB1A11E0F9EE0FE3FE00F197
:10940000211432FD1510ED060A080D22DEDFFE09DB
:10941000E11403F3E3290DECF5F601FBF3F3041873
:10942000000D19ED06030509DDEB01E51BDE24F94E
:10943000F0131004F00BEAEF00409A506C000000AB
:10944000F20407E7C90618F4FA2504FBE5FAE2047A
:109450001113FCFB02EE09E8EC1029DD11E504EB29
:10946000F7FE0308D10AD6E0ECDFE8E6F2041CE9D7
:109470000327FF0E0EC80CCBDBEED6F108FDDDDBBB
:1094800025E4E80E29FAFBDE0E130003F601F421B1
:1094900019FC3FF420ADFD0A03F1D7E30AF83BF4D1
:1094A0000B08170FE8FA0F0014E60BEC0FEE0DFE99
:1094B000F0F6E9F7FF2407F2EC14F5E50E0EE701EC
:1094C000EBD8E00538F210FCE00D0EFD070422DEBB
:1094D000131C1104E300FD07FBE2EB18F71D02F873
:1094E000EEFF0211EFEEFC24FF071F40F5F116F32B
:1094F0000DF713101201FC270302072028F414F8BB
:10950000F3F3FA19F715F816E90811F531EFD3F36B
:1095100019DC0118CDEF05F51AEA133903DAD12168
:10952000F2EEF1090C0019FAED2EFBFDF129F51A06
:10953000DB07E4F8D8C90615FBE926F4D60D12F9C5
:1095400002FD1C100910FFFD06E5D6180F05FDCF22
:10955000FAE1FC0BF62AEC1B11EF0F02140CFC08CD
:109560001A220A58F906E4041DFA102A1ED7EBFF46
:10957000221400F2B0110605C739FDCE04E711F739
:10958000F63A44C7C9122F24054A290DEF0A37308D
:1095900029160913363736DD0C1A180F17E111F0AA
:1095A000EDFA38E116101200FAF90C1306FCEE1F62
:1095B00024FB24FE2F48D7F5E2141729090E39E0C1
:1095C00005F70A150253F30C0EEF1D1DD9F8180903
:1095D0001908050041221D13D722FFD7F103E4D754
:1095E000F1E2C904422338D82931D318DC0B08E84A
:1095F00040419A5048000000ECE10C18EE0A02E9E4
:10960000FE25EA31F434FEF70721F52A11FEF108B0
:109610001300EEFE14E80703E1CFE60513071F333E
:10962000E4F90E0BF6CB0404DD1303E4F80C05D2C9
:10963000020CDE071C0E120205F8FE061EF616D4FA
:10964000F4F8070C051C0AF92C131FBFF3F0EF15F3
:1096500025F0E9F206091C07F4F316E1F7ED26F50B
:10966000F3FFF1E308CFF505FDF915DFEAF425F77F
:10967000ECF9FE110213EAF407FB10D6F418E5EF3B
:1096800008E62400F202021CEF1EF7FC0FE9E8D204
:109690001A1BEAE602F90B0AE5EDF522EC16D615DF
:1096A0002801F9E51A370E0BFC0F08120515F0F02A
:1096B0001CFBEB1705EB10090EC9F4E7E6BD18FA21
:1096C000DFF21FF2CB00EFF010280DEA2644FDFD7B
:1096D000FC1035D6FEEE1BF2050E2210111604F713
:1096E000001B0DDCF510F6FDF3CF07E10221F5E2DA
:1096F0001CE802EF1AE6E50E21E00C0D0FE6E81675
:109700000412E9F1E51014EDF9CCF809F202202376
:10971000E7FDFA26030CF21C00809A506C00000052
:10972000E90EFF08F1EEFBE0E8F7E3F4D8F814DF08
:10973000E615D4E1CEF505011826001824EB041F28
:10974000F302E620322E0C120A181C1500F3170142
:10975000F8F3DAE7EAEF08F41B27F5F7FE08001B39
:1097600005FBC100D5EF0E01F415D9F31004E3F6A3
:1097700001DC081E29F5EE0416F0F1D12A17D3F901
:109780000A06F4EDFE0BCBF3F5EF27EE020BC9E36F
:10979000F0F716030F06CCEC0AEEE3F81818F915EB
:1097A000FF1BE3F3E21314011D0900130E0718F663
:1097B00004FCF4FB030542E2FEBEEF0106D1F6C64F
:1097C00009EC05FBFB0A112E1E01E3DEF01AF1077E
:1097D000300B33EDDEF0FAF6E12728E803ECFF1258
:1097E000090CF704170D15F902040A190F0FF12DD2
:1097F000F5F01223FDFDE4DBF91E000A1BF21D1C2F
:10980000FFF6DEFADBE8DAEFFDFD15FA0D13EDE900
:10981000E3F608100AD9DFDCEDD1C3E412E8C4F5A1
:109820001616D1F4F92AF9FDFBF80A0506161CD51F
:10983000D2060AEEF402DBFAFE0602EAF30DBDF7E9
:1098400011F1CE0A1CB9F038F6FDEBFA0801F3D39A
:10985000BC100DDB3409FEF33126B243E9B4D21B50
:109860001B21CD271414C41CFDE404E4ECEEF80B1A
:10987000F5DA1234F4F702F5FCCEF8DF0EF202F955
:109880000A08F9CEF50CFDF843DCEFDCEDF0021B25
:10989000D339E2D8E3F0110C2ED7E8E70244423680
:1098A000C3C7DD20D0D9C2F5C92320C7141F0617AE
:1098B000F8FB180AEFF41A120BB9DE0F2EF5E93295
:1098C000F60D1502170D0FF02238D90EF91ABEE861
:1098D00040819A5048000000E3F9CBEEE80CF8E331
:1098E000FAFFF4EF03F1E3F80518E815F416EF01B9
:1098F00004EC0EF904F41A32E708DE0D0BF6EF0063
:10990000F5F7FA1308130EF8ECFC10D9ED04D71193
:10991000F3CEEA0409FADED5D3F7E6C7161C0DE349
:10992000FDF804F00E1200F616F6F5E0DDE8060C80
:10993000F713FBF704002E26EC13052C0B14E4DDC3
:10994000F3D5E0FAF113F6001FE906FC1B310DE335
:10995000DAF21C081147172AE90F04FAE7FB102D69
:10996000D1DEEAF80FF6DFF60FD0F60027F5F407A0
:10997000051201F307DEEFF8EB1107E20A11EE031F
:1099800003CFDDD407F403FDF506011DFEED0EED5A
:1099900019EE0221F8DB05FB30E5F609E8EBD515F9
:1099A000FDEFE9E80C030BE9F9ECDEFF0111EAE851
:1099B000CD1B05FECDF1FD091EEF1CEC34D3F605E1
:1099C000EF131AE5F70EF3090CF8FE1C182FFAE056
:1099D00022DAF7FE0AE8EF01F6E60F1802DBE71FCE
:1099E00028EDFB013FEC1001FAE0E1EF0508140956
:1099F000F8E3FB2401EC1A2300C09A506C0000002D
:109A0000F70ADF1CD2C9001A0BF605C918DCD9D831
:109A1000FCF8E0DD0AF80714FF0BF804EDF127FA73
:109A2000E10E17FDE403E4FBEFE4DF0400150DEFA6
:109A3000EBF9D5E528F2280EE1D01A14FCF2190F43
:109A400032FFFEF5FB05EDEE0805F42B05F30D09DD
:109A50000511F9E30A15EA1BDCEF1A01E4F5DCDE77
:109A60001004FFF807FF0FF5FE14D525E7E702F213
:109A7000031C24FEF804D4F6FA091E05E9F5250CAA
:109A8000DF06DBFC26E1D4E2F3F70910F9D406F493
:109A9000FD0E00FCFEF4F70EFEDD0F11FDF401DB00
:109AA000301A14FB1A23072E061EFB0703FD22F0B3
:109AB00004FD05ED1109061807D103F7E1D10B34B8
:109AC000ECD801D4F5EFF706DF1017C50C0AE6F560
:109AD0001C0B04FB15FA0616EA1E0520F618DDEC31
:109AE000F41DE700EF0015E3DDF9EDD5CEDDFDEA6D
:109AF000FBF0F2E619070811F517070BD4DDD3D9EF
:109B00001AFE0C002A2330EC180EFF0420D0F1EAD4
:109B100022E3EBDDEC01CEEB0CD5DDF500160C29D4
:109B2000F801160AEF4BE6E715FA1C23FBE5FD16D4
:109B3000E5FDD7BC2F241AF017E1E106C6430AF76A
:109B4000FAD9F1FEE32318F8D8010628E7000B1034
:109B5000EDFF1C20E5EF00F6F4F912C70B09F3B393
:109B60002BFE3108FE59BE0714CDE1F8D6F2DAE932
:109B70001913F1BB11F72E08F20102EF02E512D41E
:109B8000EA0E16123750CCCB0511001FF724080F30
:109B90001000221A1512F302F3E830E51FFA1C191F
:109BA000C4FAFB310DEDEBD3050B0115DFCFFE0839
:109BB00040C19A5048000000FAF3E5F820DE2FFD7E
:109BC00006130CEDF9F7F90B01F9F62603EE03D5B0
:109BD000141BFDFAE6F7FBD9DEDD100829D60BD4FD
:109BE000050FF5190926CF1AFD1702EBD2E8F70E7B
:109BF00028EB0DF719F6E7F8F706E1FF101205EC70
:109C0000F6FB1311FE13FE13E71CF80DEDEEF4DF67
:109C100010DCEEF8ECECF429F40205E91709EA127D
:109C20001DF716F51118FB18F50709050BFCE7E001
:109C3000EA09F1F8F5EEF6D4F9F5FFD5EBFAD6F12D
:109C4000FF08FCEE0E190E1EDA05FC161B14DFC50C
:109C5000FCE6FA041124E6DBF4E5E026F1E8E1F99C
:109C6000F5ECF3CCEBEAFEF4E1E21A05F90FFFFCA8
:109C700018DB1406DEE328FEEADDFE081119EE1EED
:109C80000EF107EF0A1EE3EE4EFDFCFE02E8F3E0E4
:109C9000FC01FFEC08253DFA02E8070BD7E9F0F8D4
:109CA000FB02140D071201F6EE05F509E9FFF5FEBA
:109CB00001220BED0E24E8FBEFFDE41419FDF7FA89
:109CC000100F0E261EF8F20D000DFA1312F11716E2
:109CD000E6F6131A0EFE072E00009B506C000000E3
:109CE000F712141B11EE30330AF30AF2E4FEFEF110
:109CF000F8F4F4DF190A0A001700F9F9F8D7F0D7D9
:109D0000121BEC15E62D2E11F4FD0E10F705EBEFEE
:109D100007FC10F3F1E7ECE7FCD4FE0314120C0C83
:109D2000C3E90108EB09DCDEF5F6DFEFFEE405052B
:109D3000F8F700D5F8EAF1E9E2F602E937EF0803AF
:109D40002AF91500091EFCE2E8E0ECF517FF0CF318
:109D5000D20AE015EC171CFD07DDE2E4D7FC13E89E
:109D6000FDFD00F2DCF116101DF20BF5EB211727BB
:109D7000E1E1FEE6F1FDF50EF4FB11F2F40AEFFF6E
:109D80000BF621EBD11006081F0BE8CF0F0FE7F100
:109D900004CEE4DEFFEDFD03FB1FE307EFE613F166
:109DA000F7180D1C25082E0BE918DF2203F3CDFE52
:109DB00004DED8FBFA171608F9CD26FF240A210F76
:109DC00009D4EB28F1E909F5E70AFB0602F90007D7
:109DD000E418F3EAF2DACD0D060B111F03060209AF
:109DE000020B0D0BF5CAD31425F9D8CADCF30CE32A
:109DF000F311EED8EEF5B2DEF4F511D1F9F6F0FA82
:109E00003ED2D1E1FA1221FEE90B050210FB2EED44
:109E1000F7D8101AF80414D3FBF84DF8CE093BEA32
:109E2000EEFEF30312DB2ECE14F627F810CCF4313D
:109E30001FEA18F8FD072F06F90C14D5D2191B15C7
:109E400026DEDADDA9EDC0BB30141C30161E1C2442
:109E50000A04EB17FFDFD804F332F03A25FC02FFC7
:109E6000E63C0121E7F22ED8E9F4E503FDF304CC4A
:109E700016F7F2DFEE04010331EFDF16DBDAFEDA6C
:109E800012021C22F111D8F60ADDE4D607E0EF3405
:109E900040019B5048000000D6E9FCF5E7220CF792
:109EA000020711F1F80A1BE311F505D1F413D1F300
:109EB000030B09E8F2081107F111F3C6FDFFE2F602
:109EC0000F10F103DF1B1B090D25FE1909E5F8F939
:109ED000E5CBFE0A17F4F6E51EFA11FBF4E9F5FDF1
:109EE00017E3FA110CE3230700F2F7F8F6EBFDE8AD
:109EF000041B05DFD91212F0DC1AE3FD2F04D62172
:109F0000F7F11A0E0EED07F8EED30E05F901DF0A90
:109F1000EB102604FE20E3F3FAFA0700FDF3032119
:109F2000F718FACBF015E4122401E8EEFBE2E5E0C5
:109F3000230611D1FA062A28200C35240A04F1FB45
:109F4000EBEC130D19DEF80608FB1A0A10FFF9EB0B
:109F5000F300F0FEF4F5EC1AF6F21D02FFD3F31E47
:109F6000EE02FB07011B1913E5F714EFEB06FBE507
:109F7000EA1709ECFC03F601E4E7E4E5F90708E475
:109F8000C0EBFF0E001104E600F6ECE414100AE743
:109F9000CDDC0402F3073BFA2F0513FDFBF6F007B7
:109FA000EBEAE5FEFA29E6CD18F5CC02E8F008095F
:109FB00012FBE1EB0D0FF61200409B506C0000000D
:109FC00022E7CCD501EAE6C412FB04F3FE05FCFD52
:109FD000F5ED071DCEDCF2E403EDE9CAF5F6DFF599
:109FE0001D0DEA01D0F51612DAFDF1FCD8FC0410C3
:109FF000EB09FF13DC1EEAECE30A12F5F615122654
:10A00000E5E101D7FD00FB0CF0D3100E0724E2F4CC
:10A01000E11521170DE0EFF4190FDC222AFD10F8ED
:10A02000100AFD1DE3E1F4F2E8F1F7F3F600F0F8B1
:10A030000FE3FAFDF2FEFDCEC71D15C5EAC7170CEA
:10A04000ECEDEFFEFD13FF0429F7F0EDE7DEF1057F
:10A05000DE2AFFFBFAFF28E21A0305FE0102D7ED14
:10A06000F403061C04E9FD282710D7F6E4E5FDDB20
:10A07000E3FCD1E0F5BBE9EDECE8E6BCE80309E878
:10A080000CE4FA011D1B10FE3012101EE2E507E081
:10A0900002E91A20C0F2F00DF9F20D04EE2DD50DF3
:10A0A000F421F8E709F7EF0F1C0D031217F11E1149
:10A0B000121D0E19F2F90ADEFF240D07F2CF10DA95
:10A0C00029FB0108EAEFE821FACEF5F60115ED06C5
:10A0D000140E0F0D1801FC1BFCF9170BF9FA13EF06
:10A0E000F40F0C1E06E018EE260910DB031B12FD10
:10A0F000FA02DE040A1416EAE82DCE25540F14E8FD
:10A10000FA2B07E1121923381BF8EF03EBEBF71FCB
:10A110000AD1E005120A09DF24F212F6F1DE22F27A
:10A120002022CACFFE0923D719111AE2D6F0FDD496
:10A1300002DB05E5F0EF0EE3170420E50BE5F4FD87
:10A140001AC1EDFCE4EC1A10F31FC3FBD0E80C209D
:10A1500002F32EE7D602F7F5F70CDC0FDB3902F23B
:10A1600002ADE145EB120735FFFAEED2142259FF9A
:10A1700040419B5048000000FBFC18FB1E23FD01E2
:10A1800002F1CE030C2002F1F4FBFCEEF2FC03F72B
:10A1900007F0FFEFE80A04EAD6EFEAE2F01FF71E45
:10A1A000FAE4FDF31D19E1090C03150B06F2F12584
:10A1B0000AD408D5190C04E60D0D07C5EDE6F6FA2C
:10A1C000F5F932081102DB040CF9181CFB2118ED1B
:10A1D0000BF017050602EE0C13D1E4EB120B19FD80
:10A1E000F00534040203200FE50712F9DC312EFDDF
:10A1F000FF06F0F6021908EF0A022BD0E61603DF7D
:10A200001FC3F303251FCE1B1525EB1BFA1EFFFBF7
:10A210000C2000F702180D09CA00111EDDE713D942
:10A22000F2CEDBF5E001F3E6FF0DF226ECF7171AAC
:10A23000E9EB0C2CE80304E3C9ED01FE11E3F41390
:10A240000405E3E111E8EA003807F60D0507F1E53A
:10A250000A24F005E4FAF6DA07000C0C12FFFE02FD
:10A26000DFDA11F7DD1700D810070902F4FF0A0F33
:10A27000F4F207F42DFC060FFDCBF0F6EF1FFDF313
:10A2800004F4ECF202E8F5F8FAF2FB020C19EA2603
:10A29000FBF10F2EEF06102400809B506C00000095
:10A2A000291EEFF71A1EE9F8EDDDF3190A03F3DDB5
:10A2B00018E8F214ED051614F114FB0AE4EDF505A7
:10A2C000ED01E91DFA261AD8FE0CF71206E4EBE3BD
:10A2D000DDF9EBEC1A3403DBF9FD0F15F8351C1E24
:10A2E000EA18F60F06080FDFECF7F713E30AEA1295
:10A2F000E1F6DFE6F8E7F1E4EBF7FFDEE2E9D705A8
:10A300000FDCE3E3FBFEF41FE4F5DDF1220308F4C8
:10A3100005FE251EFDDF0819221E1107F5E21306B2
:10A3200008F51FD81504E8BCE7F5EEDD051D03E4CC
:10A33000F5011406E0141014FBE3001416140809C8
:10A34000D2F90CF6E333EE061BDF0E041CDEF82018
:10A3500013DD0A03FDF227FBFFE1F8E1E8E1EBD2B0
:10A36000F8F6DEFC4903FAD6FEF906F9FA022AF3FA
:10A37000F90BE3171819F6F9E2F5DEF204EFF6F03F
:10A38000E9B8EC1006DD30E5C900F4CEE9D2E7F11A
:10A3900015F6F513210318ED1E03F3FE14FFF20268
:10A3A000EDF526D91A11120D01162A07CA1A30EB3B
:10A3B000F1F7D7F5F70703E810E51AF1120D0EE6ED
:10A3C000300C08FEEEEB3403EBFD18F004F62BF72F
:10A3D000FE01E8F7D118E6E421D33F1D2621EC0E5B
:10A3E000FDFF19CDDBE7090CD132E8C70B032B19B0
:10A3F00026FCDB39EBF04436DB0909001C12F0E9DE
:10A40000EF130D2629EFEEFADF0F1104F5F6F439FC
:10A4100010EB3FECE116DD29111329DAF6240510C3
:10A420000A1E0626FBEFF7E1DE0734392DE70CE6BE
:10A43000EE02E51B0608E5F41CAEF914FDFA252E24
:10A44000F4EBF9DA17ECEFF7ED15F8E2072AE2FA88
:10A4500040819B50480000000FFB02F7060CFFF202
:10A46000F8FD09F5F7E72B0BF207F7CE1103F9DF3B
:10A47000050CFD0B03F50A37E102EB04F2F40EF6CE
:10A4800012DDF80825400BF9F9FEEFD108EDECECF0
:10A4900008F7EE0EF4060AEAE02AFCC820F3E7F01B
:10A4A0001C0EE4E3DCF818F201F0F72500F20504D5
:10A4B000F1E60FF80022EAF908EF2AF9F5081D0580
:10A4C000E1EDDE0DE9FCF7F4FAFB12DDFFD501103A
:10A4D000F90FF820070FF0BDFCE6FBF6F3FA26179C
:10A4E0000A0CF9E6EA03080F180D170B03171C28CE
:10A4F000C8EBD9D60AF905EFF7F4ED12ED09E5D767
:10A5000029C2C2CC2EEEFF0D1611F70F0201E9E7AA
:10A51000D314F4F4FF0504F31CEC002012E7EAF274
:10A520000DEB090605DAE6F31EF614F3FB0F14181B
:10A53000E5F71DF003EC111DF218200D050510FDC7
:10A54000EC0AE6E9F1F5E6E2E21BFE2EF305FA0A73
:10A55000D8FFFB141A2AF51E1305F6061504FA0F88
:10A56000F405D1C9FAEF02F2E6E1F523E8E80C05BB
:10A5700003FCF6DA2DE914EA00C09B506C000000E1
:10A58000E4D6CDE300CADF0C1C25FAF8042DE8F66A
:10A59000CAF90A06E4DBF2DFF2E8FD27C8E6F12992
:10A5A000E7F90D26FF05E7FFF708E803F4D414DB0D
:10A5B0000706FFEF00FDF9EE1700F4FAF4D9F7FDF6
:10A5C000DCFF13F9FEFC170DE90BF00E03060E1667
:10A5D0001CEB0612E0DDDC11191BFCFEF10503008B
:10A5E000F627F2FEFAFBD30BE6DDDCDD10FF16F5F5
:10A5F000FD0E01040ACAEBD7F9D3EF0F0C14FAEFE2
:10A60000F8F413FE14F5FCF3FFEE1CFDF80BEB0B56
:10A6100006F6C8E319FFC9EB2AF40EC4FB160711AE
:10A620001AE8141AFFE2E0F501F900FBE5D8EFF1B2
:10A63000D5FCDBCCE309FB1A18C4240AF2F80E247B
:10A6400004FC11F0D1F205EAF2F3E6ED1DD7C6F7EE
:10A65000F7E7F8D6F9F8FBF42EE72AF20BF310DD52
:10A660000B0DF4F91824211C02173322EC0F34F3DC
:10A67000F91F0C02D8ECFC0AD6E235FDFE0E0CE701
:10A680000A0305F436E62024030FF2EC1820F80A3A
:10A69000E80E212DE4040920050BEDF7133C0C25F1
:10A6A000EF250EF70DE01626AEF700E937F7ECD2EE
:10A6B0000117E5F23F0FD5FADAEDC3FB21ED4610A5
:10A6C0002730EBE9EB2DF506F709EEE43F09DDE76E
:10A6D0000004B9E82000D2E8CB00E4E720E32A46F2
:10A6E000E4ED24FF11F5DC22F4E5070CFC4BF8D770
:10A6F000DA1318C6F42415E4FCFEF10D0ED0050B98
:10A70000D1E4EFF1F523ECECCC1EEBDFECE82EFC12
:10A71000D60BE7E928170A16DF143CE1E60301DC53
:10A72000FE213BFB010AE2F8F4EE0812BE5803FCDE
:10A7300040C19B5048000000E82F27F6F1F617D2E1
:10A7400007FA0014DC171B1019F60AFB11051F0885
:10A750001A09E1E2E7F1DFF21CF109EF03F1F7FE7C
:10A76000320E1015FCF5D7002DF2E911FAFFC500E5
:10A770000AEDD607100BF52EEA1A14F2EF20E91CA9
:10A78000D4F10819F1F41D0BF71BF91DDBF7070EC7
:10A79000F90F000BE9FCF3FFFAFBFCE7F32801CF0C
:10A7A000240D0EF5F012FC02EB2CE0E8F6F8DA06C8
:10A7B000FC2A090DEAF414E50E11F9ED18D7E3C8E7
:10A7C0000900BF1404060F10152AF625040F21EA0C
:10A7D0002A00E4FFE7050F1907F62305D802FEE378
:10A7E000F5DEC8EAD3FB1CE6D4D60C022422311BCA
:10A7F0001CE6FF21E6F8EA0DF40CFCE117EAE1366D
:10A800001902FD2714380003F0FF06EEEA0CEB30C6
:10A8100049E7FF1018F9281D0E140D17FAA9E6E3F1
:10A820003523C0F8520D121B0E2A01FB120D0DE448
:10A830002FE200F51A0A142D1FFBD0051407DE20A5
:10A84000091E04EFD5FBF90707FA0EF5FBFB071EFF
:10A850001205ECDAE7DD1D180000D8506C0000008E
:10A86000DC131C1017F32712FDFEEDEBEAF9F4EBF5
:10A87000DAD0EFF7ECE9D1E10AFADCBE24F91E01E7
:10A8800002ECFAE4C5FCC10AD3E4F2FC140E0DE4B8
:10A89000221D20FC08DD0E02E7E2DBDDCFD3F7E569
:10A8A000FFF0D0F5FFE6FADDF931FBF7EF1006FE19
:10A8B000EC1421F3FDF1F3EAEDDF0CFE0BFDE20DEC
:10A8C0000FFCFFE8EF21FFFA0DF007F5C2EAEA14EA
:10A8D000ED11E713FCFA06F203FC060501E0FED7D2
:10A8E000D7DB0FDF0318F40DF70BF21CFAFD1F0383
:10A8F00006F0F223D1FB02FCCE2501FBE0EDFDFFCB
:10A900000FE416EB1AFA03FC04F5FFDFF60317EE6B
:10A91000F2F607F12601F90905F60417E00AE91431
:10A92000CBE6E30EEAE4F2FFE7F0C7E6F0D2E00F91
:10A9300004FF25F7D5FDABF6E7FB0913F2020A1673
:10A94000FFF8EDFCD800C7CFF304E002E5EFCDFA45
:10A95000E0F5FAF9F11B012DEDC6D803E1FB10EE8D
:10A9600000F40EF4FA2416D5EC0B081407ECF01AD8
:10A97000CFBA0503EC17D2B8E6F0EAF5DBE2EFDD7B
:10A98000DE20FA30ECED31E9DBFC4116C3DEF00CE1
:10A99000DDE2F4FD2A2DF1F31C1B111DF8FCEEED98
:10A9A000F4DCFAEB2811C20EF10BC4ECBFCCF40EB0
:10A9B000E8C030BDE537BDE3F8F44114E920CC2E02
:10A9C0001AF7D9DCE825FCECD7DE27C33404F1FE06
:10A9D000FBFBF60328F7DFF2ED04E923B3F320E4F1
:10A9E000FE2B12EECA11FFE6100CE7DDDE16E1D6F3
:10A9F000040207E5FBC0EE130D1BCCF9FECDF2EA15
:10AA0000C9FBFA0804C2EB2B2110F4D7EE2724016E
:10AA10004001D85048000000F22F0113F1FDE2037D
:10AA2000270C26E4FD0E211FF904EC24F12A040969
:10AA3000EB21021E2023281CD90B1A04DCD544E686
:10AA4000CFF919EA2719FD41EDF50CEED2D6FB0539
:10AA5000FF0AF01030E1F906D2E0EA0DE91FF8F63E
:10AA600019EDF4FB191DFAEE21FD100CF922DCF9A9
:10AA700004EA1237EADEEAFE2B10FB00FB03DD15C9
:10AA800007EADFEDDE1C1F0E19F203050C1610108D
:10AA9000C80FEE0AEBCFEBDBC4E7F3EF0BFCEB0DDB
:10AAA00006D915F11B07F40DF0CFD80A25FABE0B15
:10AAB0002104E9C80DFC1110DAF2FDF9EBFD1329B0
:10AAC000E7FEF9032606F7C12E05EB08FF09D7DCE0
:10AAD000180FFCE5FD081AFDF9EF0ECB180602046D
:10AAE0001402F702F9D6EE0807CD0703C30B08F7E7
:10AAF000FE3EFDFBEE03150AF5EC0FF9F0FD0F0924
:10AB0000D2D303EDF83E01073AFC1FEEF9FF0C0823
:10AB100014F5EDF4F7E900F6F205FD13EBED18FC82
:10AB2000FCF1051BF908F8F41029280109F7281C85
:10AB300000202017F60301F90040D8506C000000F7
:10AB400008D01D1BEAFF07EF15F20406EAF7D2DE74
:10AB5000F7EBD8F9F5E31214E30E040B41F2FB22F4
:10AB600014D40E1CFA04D4FA2104EE0F12E3E1C04F
:10AB7000041CFDF9FFFAD411FB080509F9FDFBF8E7
:10AB80000222FAF4FEF008FDF9FAEAF0F3E7E4D65F
:10AB9000F61D16FB01F21F17D4100C1E06F5F6FC6D
:10ABA00009E3FF2106DF08180D010EE404F4000993
:10ABB0001C020FEED4F802DFEA2AFA0E24EDFEF9A9
:10ABC00005F1EB0A05F6CE00071AEEE51EF4E8E8FB
:10ABD000F7020223CFF027EEE0EEF9050F03030F93
:10ABE000F502B10918300D08EBF404F10A0F0FF764
:10ABF0001A0DE506E8FAF912D6E8100908CD1DFA93
:10AC000039D720040903132A18E90AF91E0921F487
:10AC10001302CFC611E5E9E325F8EEF9082D0F1070
:10AC200010ECF714FF1809FBFEFF000718F3FF0AEA
:10AC300005F2030B0FF7F8E0FE0618E0EFD8010C61
:10AC40003D07DFFAF2D9F4160AF70BEB22FFF0EF1B
:10AC5000EFEAE22004FC16ED01FD0EFB13140FE5F4
:10AC6000F1E9FCCAF2E0FEEB03032838E7F7DC1554
:10AC7000151EE5E9DC10F15601E0DE3007B93900B8
:10AC800023E5020701DCFADDF601D7120F08092AD5
:10AC9000FC05F2D8F7EE28F9E9EADEFF05EFFDE959
:10ACA0000909F2FF1CF5E22921F603120334EC0432
:10ACB000FDFF04C41005180E2E300E122463051477
:10ACC00010DF12F6F21D012136E7130DD94D1CEEEF
:10ACD000F997EF25401A25A11C15CB0F3D09F10569
:10ACE000ED2ED633F72DF60FF1032043342624083A
:10ACF0004041D850480000000BF3D52FEDF1E5E7B7
:10AD00001F1712E80B0E0ED4F7E7D5ED15E5E70592
:10AD100007F7E3F7FE0A2AF9E9DCF80EFA3518E836
:10AD2000D0EEF9EFF509FA01D90617ECEDFCFD04B8
:10AD3000F2F1F3D2FCD6E8ECFB0BFADE23F92EF6A7
:10AD4000C6FC02201801F5ECF3000D321BF413E8E9
:10AD50001D1905E100F322FCCFF6070AFCFBD6FC27
:10AD6000D9F1001F09F02BE2F4EEE3F1181812EB11
:10AD7000FEFA030D012EF3EBE2341700E9F50AF3B6
:10AD800026F4FAEA0805C7FC19011306010FD7F6E5
:10AD900020F8D0E9F2F31E0FF1E60BF802FF31EFD5
:10ADA00013FAFDFEEC082324F401EBF4FEF607038E
:10ADB00015070201ECE01B0313EDEA26ECE3F3F7C1
:10ADC0001B10EAE8F6D8E9E8F303EDEDCBFFEB184A
:10ADD00020FA2F0FCDFAFDD0FA301DFDF9CC072552
:10ADE00009F4E4EDEE1BFAF9E7F720FFF0E8D620CE
:10ADF00010FA12FBF5F503152DECFFF9F0F5F7F459
:10AE0000170FFBFCFCC5DBEBE9E0131A12FF12F293
:10AE1000DDE5F2F8060F05F00080D8506C00000068
:10AE2000EF04FB000DF7F7F0DEFFF9E5EDDDE7E3FA
:10AE3000FF24D60207C3E61B08D6F4DF00FFEA2F83
:10AE40002EE1ED0A000414F3F51321140E03F8DCCF
:10AE5000FDF709E9ECE70119F028E1DEE43006FE30
:10AE6000F317F8F30104DADD3017FCFAE30CFCEE1B
:10AE7000EEF003EF07240EDFEAF104E910E0E60B41
:10AE8000F7CB1FD3D5FC09F62FFAFB19031EDCFC08
:10AE900019240BDFE30FF90505F5DAF1F9E424F9DC
:10AEA0001B0719E0F2E30F10DD04D8CF06F80CD52C
:10AEB000FF001B14F6EC05FAF4ED18D5E8E92912A9
:10AEC000FDF221F617D70027FCFBDD290AF2F5F782
:10AED0001EEF02F30A1EEB040A0C11051504F2FA28
:10AEE0000DF208F9FBF905EE170B0A32FF03ECED42
:10AEF000FF06FD1D06F8FBF3FAF2F8260B0406FE2A
:10AF000006EAEE00010AFFFCFFF4F02718F100F05A
:10AF1000E7F7DE1C08D8F6D20FED0CF3FECFD90010
:10AF2000EEDAE0F601F009050731EAEB11220A0B2F
:10AF3000FFFDF5D2E6E3CECC00D60913FFF501F014
:10AF40000BE8A3E2F61B15342841010E053802EC8C
:10AF5000F7EAF7091F15DC180A3B0AC4FF1710238C
:10AF6000DB011C0ADBFEE00722FAFEFEFDF21114F3
:10AF7000F9DD0C00F52A081A0612040931330EF720
:10AF800016281A23FBEDF4DDFBCE07FC0BF00AA616
:10AF9000E9F61D1510D20021F4F8F9F6F9002CE6B7
:10AFA0001EFD022CD22146CFF8F7F20E35300AFFF3
:10AFB000F0FD3BE2D81E0216FA2DE6E316FD16134D
:10AFC00025F30D15D811FAEDE3EC01EB23D6D4D11E
:10AFD0004081D8504800000001CDE80018FC0BF07B
:10AFE000F61B1901F41E22070FF5F1F30807DEEE38
:10AFF00015020E2DED2506D5200A20051703EE0EAD
:10B0000007F703EC182015F2F813F509C8FC1F0B1D
:10B01000DAE42104F3ED10090530F6F70CCBF3EE7A
:10B02000EBF008E40FF4E9F0F504B415F6F3E6FDEF
:10B0300002DFFF0131F021E8E5E0FEF90EFEDED689
:10B040000C1E0DD3DDEE1509F218ED0304F305F423
:10B05000FE27F90C020A041403E104ECED08E4EA0B
:10B0600004F5DECA0CDAFAEDE7EBFFFDF503181F75
:10B07000E5240DFA01030300E7EDE80815081AEAD4
:10B08000EF10F50308FA362AB942E82EF0EAFAF48E
:10B090000F1211F6FB0A0514FCED11FAD10DF3F1B4
:10B0A0002809091FFE15031605D90401E1FBE6E096
:10B0B000DEEFF8F3E006FC2117EDF0F015F91BF2D6
:10B0C000F62D1A27D91224C4E7F337F1FFEAE2F18B
:10B0D000D60ADC112407092202E4E00BF5F4F4158A
:10B0E000EAD6EC1DF4EEDD01E0E0C5D0050000EC91
:10B0F0000C0D03FD0511E1F300C0D8506C000000F9
:10B100000B211101E70BFA10EF201432DCF1FFFDE7
:10B11000100BF22F1E020901022A0F140904EC0081
:10B120000B0217D814FDE1ECD9C0CBE9F4FAD8E949
:10B1300013F3EA0311E8183828FAFE1823FF13EE78
:10B14000E82728ECEFF7FFF800D7F8FE16FD0EE130
:10B150000221F8F806E5EEEDFFEDE3E7F3FDE3E5A8
:10B16000E5F30A0EFAF0000AE4FEF6E0090FEE1726
:10B1700032FF0F11EC12191EF8FA13F5171919F90D
:10B18000E80F053B3AF024EB031915E7E3FE34F42E
:10B1900023D7EBEC1140020605EDDA00230CF4D4C2
:10B1A00014FFD0EF170100F40603FB27E6EC08F1CB
:10B1B000DDB0BAE50E0504ECF5F4D9FC19EFF82A78
:10B1C00016FD19FDFB3CEF14EBD8FF03F4CD03E7AC
:10B1D0000408EBFD360834F2EE00041308D6180F0D
:10B1E000FA15F102FBF30FECDFF919FE03CAF0EBDD
:10B1F000FC000EFB12F42B04131020021309F502BD
:10B2000020EFEDF80B03EFE7EA06F91113F4EEF582
:10B2100003020AECC7F9100DFF06F3D914EFFAE4A4
:10B22000FEF2FC2D231F210305B6F114E51F2EDDD0
:10B230000712D004FB101ED635FCD326C3EF0A1A22
:10B24000FB180E07EBFAF9F8F70AEB130FEA0109FE
:10B25000030E09F8FB18F401DA2906DF18301D3651
:10B26000CECCF70D2A00E3130D2FE83BFC2926FE78
:10B27000DA23C8D4FDDEDCEA0608330D25F6E5281E
:10B28000FA41E806EFD9F1F306F0D1E607EE1D0525
:10B29000F7F411DFE62AFEEE1F051AE907FC072086
:10B2A000FF0EFF150DFF09E0EE1C07EAD0C4FFF00A
:10B2B00040C1D850480000001D10010E05132ED7C4
:10B2C000BAE7F114E5F9FF0C2710D1DCF82AF8FBF6
:10B2D00032F522F9F4F2D3EBDEE2FDE6ED03E90507
:10B2E00029E9FB1601F3110FF712C8EE000F101534
:10B2F000FD00D903DFF814ECFF0E04F9F704D1299F
:10B30000E82CF2F0F0FC02382BFEE002FE242303CE
:10B31000DDE138DF0BE61CE4F305F1F208E409F7A0
:10B32000FAFA16D3052A0AFF040C3110E3DDFDE317
:10B33000CE06F40CBEE5DCD2E7FEDA2B0AED09F00E
:10B340002806DAF326282C10100CFBFF052A020D24
:10B3500018FAF81B080DDD10E00008FC0EFF09F5D7
:10B36000C4EDE7F7FCFBF7CD0FDEFFFF0315E7E4C5
:10B37000E9DEFE2C0FFBE000092CCDECDBE7E8FF5B
:10B3800015DC1BE0FEF2F70501DE1408DA1AD7F827
:10B3900013C90C1207261016EFBA0DFAF8FEF8E2E0
:10B3A0001DFE02261823FC1AF2FC00EC171B090EE6
:10B3B00007FDED08F6EB1D08E2F4FBF1F401FBD705
:10B3C000F703F6FE030009F4FD15FEE5EAEA06229E
:10B3D000F827DDF5E4131A0E8000D9502400000090
:10B3E000F8D3F9C0FB22251C18F91F3530053600AB
:10B3F000202E23F604FAD915D4E7DBFEF311350528
:10B40000FBEFF23BF709FC3E23B31B24FC1C0D169B
:10B41000150735260EE6FF100AF50FDDD0F01909E5
:10B4200028090322D22A48E8E504E9F525EAF312BF
:10B43000DFB3BDC0040BD9B233ED370927050EF1D8
:10B440000E231734CD1EF4F524F1F41925DDFCF498
:10B45000DD13DA1610DFF62808BDF6EB2F10EB0728
:10B46000DB28FF061D3517C023F6F622221A150128
:10B470004001D95048000000F5F510F5E710F90B30
:10B48000F4DAC40F02F015EDCEF3FBFEECE5E8EFC5
:10B49000160803F00D0AFA11080AFFFCF4EDEACAD7
:10B4A000ECF8D6F81316EBFB12040127F9090F2864
:10B4B00004E6F8F2FB19E10C130809161DD0120E70
:10B4C000F913F7E1D0D5D5E111FD071627FDF4BD3D
:10B4D0002E08E90C11080A01F1012141FCF50E02C8
:10B4E000DEE5ED17F7F2E1FA0F06FA0D2B33F7FE62
:10B4F0000A130418F5F50E21F40AE337F5F60B1ECE
:10B50000E619F2E6EFC9FAFAF808CF0D0BDEECFE09
:10B5100016050CFAEE100A0E1309E4300FE2F703D9
:10B52000F40BEC31DAF8F803090A02FC10190FF7F2
:10B53000041B12F9F50AEB260508EC0D17ECEDECEF
:10B540001C13FBE3040016E5FA09EF0AD416D4F93C
:10B55000E1D9F208CB0BF9F936F2EFDDE8F0270874
:10B56000DD06F2F2E6FDF9FF08F30EF4F0FC161921
:10B57000FB14FDEFECC2C7DC00F8B2CCF6F9D7261D
:10B580000C0422EA1109F1FF03110CEEF70B23D38F
:10B59000F90905E9EFE6F4C98040D950240000001C
:10B5A0000ACC0408D8D7F2FA5E27CE0324FB34F382
:10B5B00010D42B08E8F28DDEDAD50C1C13D0F4F988
:10B5C0000EFE031624E2F1CD26F2D1F5E108EAFBE6
:10B5D000DACAD1A7F91A1A040A04E00BFA071E18EE
:10B5E000E60EB110F03A3FC9E251070BF925FCE332
:10B5F000EFF5FA0EFBF122DCFDEAEAFFEC02FE3287
:10B60000B2E4F4E3D5F6342B1BD9E3E800CEBCE674
:10B61000FFF910D5CBC0D81845F515F0FDC3163786
:10B620001DD51C13F5D6FC36D9EFEA0061F4C41D14
:10B630004041D950480000000DD101E823152421D4
:10B64000EC0B06FB120201240CFEE6FC0D1505CDE9
:10B650001B0B1F1BFC340E09E103FBF1E501C001CC
:10B6600012F7F906140A18280CFC1BEF141FE31438
:10B67000FB26F1F1FAE40DF4E4F8E0F62A0D0917DF
:10B680002913FAED0C0623210FE00404FAF114E863
:10B6900019E738E5E50699DE1A0DC71A12FCFADF3C
:10B6A000E2F90FF405E6EEF90DEFF3F1FADEF4EC52
:10B6B000F0170505FFFFEDFE2C040D160CFAEE0742
:10B6C0001AF7D5EFFFE70F22120DF7E81EFD08125B
:10B6D000F9EBF1F9171AFDE2EE0F0603E40AFBDEBF
:10B6E000EBD70CE9F21CF5F8FBEBF7F5DF21E6F1FF
:10B6F000F7EAD4F813E9FAD827F400D8F2F00AED03
:10B700001FF022051DECF0EF01F41B0FFB1F19E8E1
:10B71000E60902EF0B06E611031213F7F2E2F0FA64
:10B72000FC1814DA240C32080A2B29EDDB0B1CF769
:10B730001703E5F2F1200BF5FFEEF903FFFBC80458
:10B740002807F1FDFFE6F5FC2425E825EEF9FD23A9
:10B7500015DCFAF6FF2C22178080D9502400000057
:10B760000EE4F9F4013AD1EFDFE2DFDB2B0ED9FC76
:10B77000272C0426131AF20F7EE00AFEE4BEE61818
:10B78000EFDEF41E300AD714E8FBE10C1F0916DFC8
:10B79000F90506E304F1F301F516FDEAE5D210EB35
:10B7A000EDCF12130E2BD1062941D1171617032501
:10B7B000E4DF07EE380500FAEFDB1CE2F6DDDDE83A
:10B7C000CD234906D10A0005DEF5EFFB171A0AE181
:10B7D000C4FBFBF42AF9EAE9001212F4362D27150E
:10B7E0000CFC5DE2F8DAF1EFCC08D72BF8A8EEE814
:10B7F0004081D95048000000EBFE0BEEE7FE27DA4F
:10B80000EDD2F4EBF1092C4B20F20B0913EE2701DA
:10B810001CF415E7EC012013E7D6D3ECDE0001E5BC
:10B82000E802E60328FD26ED2C0C20420DEC17D68D
:10B83000E5D2F9FF1CC12C02DD30EAF4E916EA0B6F
:10B84000F4FDF7FD17F0FADCF7DC0105E314F10D68
:10B850000CF2120EE9DCDFDAD2F9F9E705FAEC0CAA
:10B86000FD0000ECFAF0F0F810F20816E815EE0909
:10B87000250A0C15F8EE1028F9EE1318F5FA0E2625
:10B88000EFFAE1C5E1D9B7C8FD15EE17E20CF2DC1D
:10B89000150BF3F4251846F909F0E903081EF0F139
:10B8A000D0E0DAECFDFFE5FE1701EC0EFA12ECF742
:10B8B000E00829230BFB0FC607F8F916DCDE140E8F
:10B8C00000FDFFDCE2ED1B112407E10A080EFAF887
:10B8D000E108F0EA93F5DAD1E71FD2E9F2DBDF0203
:10B8E000080703F613EBF2FC0031FFF7C4F3192A43
:10B8F000F5FC19E1F8DCEACE0701F712D4E1F8040F
:10B90000D70DF0F003091C03EEFFF1F51E0214FF42
:10B91000E40800E6D204081680C0D95024000000D4
:10B9200013240901133AF81535F3031002E5DF116A
:10B93000D5DB483BF1190B25D3471BE10FF6FDDCA6
:10B940001AC0212C24EAECD1262D231C1808EC1B4C
:10B950002BE1F91CBAF70C0A30F814EA0E0CE400DB
:10B9600019100E1FF2D2F9FDF2FC09D149FFEA0BC2
:10B97000D307F4FF120EF235E8D5FFF0E1C0D2F89C
:10B9800022F4E70B463AF501ED39EE33D01B010600
:10B99000FB090DE722F3F729FEF902DC04155C2808
:10B9A00014F113BA115D15100710E3FCCE01F5DC9C
:10B9B00040C1D95048000000E509F30506F7CEEE76
:10B9C00000EFFB04E40ED005DDD8EDCB00011E092D
:10B9D000FDF6E5F7F9F718DB08E3E42CEAE5F3F800
:10B9E0000CFA1101E6DFF63D15EA0A1A03DCF5FB55
:10B9F000E9EBF7FC00FDE5BA2BF72C1702D0F10CB0
:10BA0000E5DCFF15063027F8CCEBF4E90CFB170654
:10BA10000CE70AE9F5FDDC03081101EEE602130F5D
:10BA20001706EAE10A040ADBED1914F1F5011B021D
:10BA3000F5D7FCF72601ED05FC1C11291FF0FDF2DE
:10BA4000FF0C0A1CF6F7DC16E9FAFBDACC12DF1859
:10BA5000122329FFEF12232FED22F311FEF4F91622
:10BA6000F9141444FDE3E0F6EBF602ED1111F5F0E4
:10BA70000CEB1B05D8F204022B0DF1FA0E0500E8C1
:10BA800036FE17D6DE14071DFD0609ED06D8FDF1BA
:10BA9000F00130E1E00F2B0A0910FB04E3E404FE9F
:10BAA000EA13E9F5D7E8E3ECEFD6F7F1FCCF08EBC2
:10BAB000FCE617F3212617F301DD150713F3F73919
:10BAC000FDFB0A08FCCCF604F4D9260007FB1EDDBA
:10BAD0001DDB06FCF41503168000DA50240000007C
:10BAE00014E419102A01084C1DD5230FF614E33F66
:10BAF00034C4281507F3F50ACEF70415EA18112403
:10BB0000DFEB1A24EBF4FD04031730F80CCE0F36EC
:10BB10002F0000D71915E5033D0E0F1B143110F946
:10BB2000D411E5270D0505E117FB100C1EFC09DA01
:10BB3000373539051823E51BF8ED16FDDECFDB0A96
:10BB4000FB111702EB1C1B2D17DF1BFE073700FB39
:10BB5000E50C1FB1E4DFFA0DDB18B7FA0C2EFAE89A
:10BB6000E104E32FE7C0E4EDCED4DBF5CF2DFBC13C
:10BB70004001DA50480000000B1A01E70E272901A6
:10BB8000E8E5E61F05F1FBF322D9F1CC0B13E00445
:10BB900002FFE1E3F5FCDDFEEEF73DEDEDE6FE1A1A
:10BBA00006D8F2121B1012042413FB1813F3FB1215
:10BBB000F50917FF15FDEBE805ED23FBFAE1FABFE8
:10BBC000EA00FDD8ED29FAF625FC33F00AFC01F96C
:10BBD000E4E5F0021FF3FDF5E8140B16CEE2E5DA1A
:10BBE000F9EDEB0F0E0713F7FC08F11D3CFCF50D0A
:10BBF00007261027F7F9052A0ADFFBF9E0E80AC84B
:10BC0000F90B1F171721DF06E5E6F52A03F022D905
:10BC1000FCE9F116C3FD13300A1325DF190413DE06
:10BC200003172D03FFD2DAE516E3FAEBEAE7150175
:10BC3000E1D9FAECFBF71E2C07F2E91200E9231018
:10BC4000E329F0070902FE0BFD12F0151A060DF9A3
:10BC5000D807FAF0C901F2E6FEFCD8F7FBE7F8F5E1
:10BC6000F6F5EF02DAFCFFE8E4E5D11007220DFB60
:10BC70000E2107F301EDF10EFCD8F401EBF4F1F223
:10BC80000C2FFB12F8F21C17E52C2017240AF9E4FC
:10BC9000EFFE012F250B2A058040DA50240000001A
:10BCA00002268DCF72220AF20CC6C521CFBBCBF380
:10BCB000D1FE2DDFC407DDF903E0EFF01C122B19D4
:10BCC000D532E10DC3F6EFE414D217283501C8F1DF
:10BCD0003EF12F18172124E7FE3716B7FECAE321DD
:10BCE0000BCCF50D1FE30CFD0BEE38FECFD1610838
:10BCF000F6F3121D5EE2E3E6E1032A070F2FFB16BF
:10BD00002925DC07F9D415111A021EF211D3E6DA3F
:10BD1000D70E452618F9ECED44F5F0F0E41FDA0BE8
:10BD20003A0233D80F07F303D4F40CF5E51315F9F1
:10BD30004041DA50480000000DF3DCF32CFEDDFE3C
:10BD40000C13F5040A0602292DE4F7E0FDD501E9FC
:10BD5000E802051D12FA0EEEE5D81E040AE4CAD365
:10BD6000F5FAFD0F14D91014DDD2FE1818F6FEFCFA
:10BD700001E7D7F9B613F3E6F509DDCCE6EAF6EA12
:10BD80001908E61BE7191200ECE7F4FE23FADD0AB6
:10BD9000E5F8EFD2E1F80BF6F9F9DAF0F01C19EB5F
:10BDA000FFF5FEFD101F04EF1AF626FDD8FBF7EF96
:10BDB00002F702E6E7E21539EDF8E1D7F9E40C15F0
:10BDC0000017E4DF01F50202E2D8F6ECFD07D8F037
:10BDD000D826FA1B1606000213FA2B23FDFEC6FA1C
:10BDE000EA02C6DAECDF02F3DEF71A03FE0300FB19
:10BDF000FEFEEBEFF60A1A02CC10E5E3F7DCE7F300
:10BE0000D3F8DBE411FFF307EE1015F824E0E003AC
:10BE10000F01020B110E0704F3E1FF173400D713D3
:10BE2000F3CCFFF00DF02031EE072012EF0400FC00
:10BE3000F710ED1009D029E4EAF71DE3F5F4DB096A
:10BE4000EA1AEBC4050AF611F3EE191600E80B071F
:10BE5000F0FD0CFC16FA02FA8080DA502400000093
:10BE6000E6031306051E23EAFA14150FECE0FD089D
:10BE700000F4EF05492AE3381BF12AC60B24FAF235
:10BE8000F40F47DCFC021A08FBF400DEFA0C20D2A7
:10BE9000F2FEF7180912E61AE0CE10E8EEF825D8FF
:10BEA000C4CCEB171624D5FC2DF20208E83A26087C
:10BEB00024D61608FFC1FA1620EBEE55EEF3F3B8C0
:10BEC000021DF7121DDFF109C2CDF2FF25DA0CE9E0
:10BED000EEF4F6D9041AFE23640EFFF609EEFE1303
:10BEE00000161828340331EE14EEEEDFF1F2EDE91E
:10BEF0004081DA5048000000E40AD11CE4F9F7F868
:10BF0000F41E00FD0905FBF4F3F01FE2F307140E25
:10BF10000A08FFEF11F71E19F5E10D05EB0BFC12F6
:10BF20000C0FC6E3120CF4E8E8FAF1D509EF08FBB0
:10BF30001BFBDA111D03F8F41F11140C2AF1DADFD0
:10BF4000C810EB04F8111BF1EA030902E5FC02E753
:10BF5000DFEDFEF0EEF212FBF4EEF60CF5031FF44B
:10BF6000F6D8F7091ADE0700D3F8F8EE07FFF9E56F
:10BF7000DED6F6270620F5FFF72B2D050ADED33592
:10BF8000F80AFD26DAF2DAEB090C07FADEF6F0E839
:10BF90000C081B110C2ADA1DEFFB071AFDE5D8FD72
:10BFA00007ECE9F142352016090D0BF3E0E600E954
:10BFB000F6E017D6C305DB1114F600FEEF01F80614
:10BFC0000CFEF5FAD3FD05EEF2ED01DC0F0F04ECEB
:10BFD00000080DE0CE1B0902121017FA01F2181129
:10BFE000EEFFF6FB0911D8FCE713E813DA10EFFDBA
:10BFF000F40C1400101221022EF0FEF2BFF5FC1218
:10C00000E502DFC70C001F05E5E0E323EA020313A6
:10C010000EFD05F30821F40080C0DA502400000072
:10C020002C02E8F81808EF0E1315F9FC244217E06B
:10C03000EB1EEFC712F10F0E271AE4C628243B0AA5
:10C0400023EEDCFCFA1004C6F90FFD04D8291E44C7
:10C0500020FEEEF91317070DD7EFFE1D364140FB0A
:10C0600027FDFB0C0FF91D0A2AE8E7F2CA04F908BC
:10C07000F0FCFFF9EFD9FED711ED221F3211361C6B
:10C080000931F0F10606FD1ED7D80AFB1A1B20E87D
:10C0900020171ED33F2117EF07F8B600DED8110393
:10C0A0004701FB04C0B9DBF3DD05201809FEE926D2
:10C0B00040C1DA5048000000FD19F8ECFE18D80D18
:10C0C0001202E7DFEDFEB2190B011DFAE8F90AFFD3
:10C0D000291FF10AF809F408EA0511000105E9FE33
:10C0E00023EAFB04E915E9E1E206DAFF260CE41392
:10C0F00007F30005F3F1DB160DF0EDCC27F5110980
:10C1000002FBF2D4300F231C26DC0513D0100B15D4
:10C11000FBE7FE10010FF4E71EE0EA10F1D7FDDFA8
:10C12000D4EBE211000BFF04F81206FD0F0F17ED20
:10C13000FAF2F0F11022E7CE08E427F702F20C033E
:10C140000BE6DD23E53512F2282C120E1E1013FB30
:10C15000DAFE050CE706E71CEAEB00DECA08E90197
:10C16000411EB9F5EAF9F704E826060AF608E6E3FF
:10C170000411D81FFF13E2110900ECE101DB0CF5FB
:10C18000F3F1DDD8D3E5F4E6E9F8F91B1707E91672
:10C19000F019F81AF405F9E6EE16090732F6F51764
:10C1A000F3232AF71E0BF832E3231500B8F0F9EF5A
:10C1B0001919F8E60ADD010D22090506070AF9E258
:10C1C000C9E306DE32FBF0000C110F0B04CD09EBC6
:10C1D000181A1228F1F807308000DB502400000004
:10C1E00021182C4F09DCF7FF20DCEC0CF717CD569B
:10C1F000BEFE0122021904D303501532282DEE2F62
:10C2000024B9F9CAFEE4E5CC480B5F1FEDDB0C0056
:10C21000F0FB42E6CDE8F31FF41AF5E1D70F28242E
:10C22000FF1F2D053552173017EC1A21C50409D60A
:10C23000D0BE21CA10041BC9D3B6DA003D20CDDA26
:10C24000F3D4F024FDFFD631DFF8D5E6E61CFDC3BC
:10C250002F40362B041BE2EED2DC050FF1DEDE0CA4
:10C2600008F223D707DDA3D91623E0FB161FEAF552
:10C270004001DB50480000000CE8F40110F404FC1D
:10C280000FE7FCECF21835EC190EEEF7FAD203DAF0
:10C2900017190D2007E91BFEE90D0EF7E10F020F3C
:10C2A000F3F2EEE610FAF229F7114C01EE2001F953
:10C2B000E100DFE625EC07EFE904E9FDEADFF0162F
:10C2C0000C0004F004FF29F9DF03F3FB2707F5074F
:10C2D0001AF8F817FEFA0ED9E0FBFC07F312F2F396
:10C2E000F806E610FE000BE0FDF700F1E9011B097E
:10C2F000DD111C02EF25F6F4EF0C0BFAFEDA051047
:10C30000EAC314ED00F9EE12FFE2150B00FBFE1775
:10C31000F413EBF2D6F8DE0511FEF7FAFD22FB0A64
:10C320003905F50B2B1DFAF90E07172D0DE6DEFF6B
:10C33000F5E6FA06081C0628F9F218ED16FFDDF5F9
:10C34000EE06EEFDFA1E1132E1ED080D03F9FAD00A
:10C35000F10A15E110D7FAF3F9210D180C08F93597
:10C36000F5190105EDFF00F2EA0EF01800FCE2D429
:10C37000010C27F0EEEB1B27F50E0411F0C8EE09B7
:10C38000F1FAECE6FDF9FBEEEEEAEDE5C9EB2A0782
:10C39000EFFC2F000310F8EA8040DB50240000007F
:10C3A0003DC0262BECF9DB00142AED010B09EFE66A
:10C3B0002421F603F20BEBE728FFE0F0F20D25292C
:10C3C000CC3C121D092EF743ECC52305EE1208F6EE
:10C3D000EAD3C113EA11E4ED110830D927EF3B2667
:10C3E000010638061117E41CBF0FDDE20AFA343DDE
:10C3F000DCE3EEFAF72CF000D7EEE1F50EEFD5E531
:10C4000004260A1511F50D1906F1DAAFE6E4D30298
:10C41000E200E3FEDFE5FCFFDDFB23F329D7371B5A
:10C42000F8281331E5FCEDBAF20501F8EAEAB3F8B1
:10C430004041DB5048000000E8F0D311FC0809152A
:10C4400007D50E011B1DFC14E4DAEA1703FD1BFCE3
:10C4500000EBFE0F0EFD0F1C03DED31C13D3F818E8
:10C460002DF71AEA0C13FFE1C31B19FD03ED0EE2D1
:10C470002000FBF01C0EFAFB0B0BEDF0FB2D01E78F
:10C4800000131BECF4FC1B0418D919191234FDF825
:10C4900002FCEFF606251ADAEDE81E08D70FF4E4E1
:10C4A000FBFFDEDBF4F9FFD509F8FB0A12F0FD1DF6
:10C4B000EA070F32E8EBEEDFF5FA15070EDCF92C90
:10C4C0000B03D609CD00F4EDF92B14DFF9CCFC0BEE
:10C4D0001BF30AEEF300EC1028DAF6F7F9F0EFD6CA
:10C4E00034EDE6E70F160235100FFEFA0C02ECF7FA
:10C4F000F7101CF411ED07DE281007F0CEFAF41344
:10C5000020F90BD6F50ECA09EA08EAF305F9F0E1BD
:10C51000D1D7FDC9F80D2125F9220AFE13F3FE3FFC
:10C520003519E6ED10EC1EF01110FCF51505FD02B5
:10C53000EAD7140F0FE60DEF0712E40DED1011FD11
:10C540000124F805FFE7E8F9081704FB0B060916B4
:10C55000D20C0BF10701E3058080DB5024000000C2
:10C560001BF9F8D212030BDD210F12F0F60A00D8E6
:10C570000C01D104FF03FDD1E904EDFD25E1FDEC43
:10C580002E040027EEF32B0BD5F3E51CE7F8FE1481
:10C59000F509F5E114E1FA0900E8E3F5FFE8FDF239
:10C5A000FBF1FCE800DD28F9D30D01F1261B06CCD8
:10C5B0002BCF3AEDFFCE0CE6EDFEF4ED0822DB15B5
:10C5C000E4F213F51258DD300E2829FA0BF9A1FF19
:10C5D000FA06E4EA1CED010DFC0F020E0AE81FFE4C
:10C5E000EE04C72F1311C82B150306D9EB1535E937
:10C5F0004081DB504800000002F4DFE838F0EAF147
:10C6000007D7DF16FEF8EEFFFEE2DFF5F2E0ED0AF7
:10C61000EF30F5F0F4DDFAE63C14FAF21201FAC755
:10C62000FB0208DFD2E9DAF52EEE16E1170E070657
:10C63000FB13E5FDE4FCFE2AF407133D02D30B30A7
:10C640000DF5E72C1411C9F8DD00DAF8D2E908CCB1
:10C65000181FFECDFCF732FFF70AF2FBEE151FF5AF
:10C66000F3DE02EA01F7F6FB1DDEF50EF5FF020030
:10C67000160FF2FBED062C0901F7E9F5FB1C17027A
:10C6800012F4F3E7FC18EEF90EFFFE2111F0F203AD
:10C69000FE3213FF4E40252F1D1E403FFB01221787
:10C6A000DAEFE00814D5140ADAD8DEEBEEFCEBEE94
:10C6B000F00FF911EEEFEC0F25E1C8FFFEFEE40DDF
:10C6C000E406F304071D153409FE0607DF013810E0
:10C6D00009E5F4F4FF02130316CDEA1EE2FEF4E5C9
:10C6E000FEEE07EEE7FA11FF1304F0E7BEEB05E3F9
:10C6F000EED7D2E5DF0012E5E1F1FAF41CEA04041A
:10C70000121F08EEF9E9F3FD0FEB0FFE16E1DFD083
:10C71000CB0501E407DD06DC80C0DB50240000000F
:10C7200011F525D309D6E2D2E517F7C8EE3438FD66
:10C73000FEF9021AFDD9E9B78CF14B19E2CDFFC918
:10C74000B6E4FBB01A2638346605280F512D19FBC4
:10C75000F6DA4B2A4E47F21CE1640EF7D4FD171DA2
:10C7600009FCF4F0EA31173AE0000AC3EEB71AE721
:10C77000340412CFE8D5FFEC0DF1E80EEB05B9F566
:10C78000EA5445FA2B52DFE620282B0134E51A64DF
:10C790004527CE40FBECC3E6F7D20AA00ADAF4C183
:10C7A0002027F60AB6E2BCFCE6140FC7F0DEEDF572
:10C7B00040C1DB5048000000F9F71A0B24F1D3FA0E
:10C7C00005F5FCD9FDF2D104DE08EC16F7301413A0
:10C7D0000309E4040C0FE6FCF0FFECD01910FB1485
:10C7E000191BECF6F310F8EEDEDAF923EC06FA0981
:10C7F0000601EEE80F01F02107D80F13F6FEFAFB51
:10C8000009F2F2FCF7EAFC0E2817DBE0E615F9E77F
:10C81000E9EEFCEFD1DBF9E6F7DBEDF5E000EF0D3B
:10C82000DD17E9FFF813F3E403ECFBF816ECE4146E
:10C8300000BA08E5F436E813D40CFA14041705FF1F
:10C840001CDFD5DDE508382801E9ECDC051B09EB28
:10C8500001051C15311C1128FAFE2026E1E7F9EC30
:10C860001E05FC01CB010001E11BE90D02000CE5F6
:10C87000F7FE010E2C03C3E9F923EB080BD613F6E0
:10C88000E1D305111FEEEF1DE002E8D3F5FADF005A
:10C8900033E408122102F204EDF6F208D6E4D32DB7
:10C8A000060CDDE81D12F6100407C1F8C0EAE50623
:10C8B000DEF0F101E2020213FC072CF7E3D1D8EB22
:10C8C0000FF4DFD731DFE910D812F90CFCE113EED9
:10C8D000E2F5DE00F7162A0000000000573A256C4A
:10C8E0007520483A256C75204C3A256C750A000075
:10C8F0004F564552464C4F572044495350203D20F7
:10C9000025640A000A0A4669736820436C617373E0
:10C91000696669636174696F6E20466561746865F4
:10C92000722044656D6F000057616974696E672EEF
:10C930002E2E00000A2A2A2A20434E4E20496E66D7
:10C940006572656E636520546573742066697368EB
:10C95000202863616D65726129202A2A2A0000005F
:10C96000496E69742043616D6572612E000000009C
:10C970004572726F722066726F6D2063616D6572B1
:10C98000615F696E69743A2025640A004572726FAE
:10C99000722066726F6D2063616D6572615F736591
:10C9A0007475703A2025640A000000002A2A2A2A99
:10C9B0002A2A2A2A2A2A205072657373205042316B
:10C9C00020285357312920746F2063617074757269
:10C9D0006520616E20696D616765202A2A2A2A2AEE
:10C9E0002A2A2A2A2A0D00000A2A2A2A20444F4EDF
:10C9F00045202A2A2A0A0000417070726F78696DFA
:10CA00006174652064617461206C6F6164696E6734
:10CA100020616E6420696E666572656E6365207460
:10CA2000696D653A2025752075730A0A00000000BB
:10CA3000436C617373696669636174696F6E2072B8
:10CA40006573756C74733A005B2537645D202D3E09
:10CA500020252D3130733A2025642E256425250D9F
:10CA60000A0000000D0A4465636973696F6E20282F
:10CA70007468726573686F6C64203D2025642E2590
:10CA8000642525293A0D0A002020554E4B4E4F575C
:10CA90004E20286E6F2076616C696420636C617330
:10CAA00073290D0020202573202825642E25642558
:10CAB0002529206163636570746564206173204675
:10CAC0004953482E0D0A00002020554E4B4E4F571B
:10CAD0004E20286D6178203D2025732C2025642E62
:10CAE00025642525203C2025642E25642525290D37
:10CAF0000A0000000A415343494920707265766973
:10CB000065772028646F776E73616D706C65642043
:10CB10006279202564293A0A000000000A456E6403
:10CB2000206F66204153434949206672616D652E2E
:10CB30000A000000202E3A2D3D2B2A23254000001C
:10CB400062616E6775730000000000000000000065
:10CB500000000000676F6C645F6669736800000026
:10CB60000000000000000000676F7572616D6900D1
:10CB70000000000000000000000000004D58435F6E
:10CB8000415353455254202573202325643A2028CD
:10CB90002573290A00000000433A2F4D6178696D22
:10CBA00053444B2F4C69627261726965732F426FF7
:10CBB000617264732F4D415837383030302F4654EE
:10CBC00048525F526576412F536F757263652F62CD
:10CBD0006F6172642E6300004641494C0000000002
:10CBE00000040840010000000100010000040840AA
:10CBF00002000000010001000004084004000000E1
:10CC0000010001000300000002000000008000405D
:10CC100004000000000101000090004080000000BE
:10CC200000010100433A2F4D6178696D53444B2F49
:10CC30004C69627261726965732F4D6973634472E6
:10CC400069766572732F4C45442F6C65642E6300C2
:10CC5000696478203C206E756D5F6C6564730000BC
:10CC6000433A2F4D6178696D53444B2F4C69627282
:10CC700061726965732F4D69736344726976657279
:10CC8000732F50757368427574746F6E2F70622EB7
:10CC9000630000007062203C206E756D5F706273EF
:10CCA00000000000444D41206368616E6E656C2099
:10CCB0006E6F7420737570706F72746564210000FC
:10CCC000253034583A25730A000000002025303200
:10CCD00058000000128069521EB34842FF01B5306F
:10CCE000FF0016030CD6820311001206C380813F99
:10CCF0001607318237003E205E1064116902C401BC
:10CD0000C580C601C780C802C980CA01CBE0CC007B
:10CD1000CD40CE00CF4013EF143070107100720A76
:10CD200073027428759876007764780179C20E00D2
:10CD3000EEEE000000800040000000400100000016
:10CD400000800040000000800100000000800040E2
:10CD5000080000000200000000800040000C0000FD
:10CD600002000000008000400000030002000000FC
:10CD700000800040000000C0020000000080004071
:10CD80000000F00F0300010000800040000000C020
:10CD90000300010000900040C000000003000100FB
:10CDA00000900040000100000200010000800040EF
:10CDB000008000000300010000900040000200001D
:10CDC000020001000080004000000400020000009A
:10CDD00000800040000008000200000000800040C9
:10CDE000000001000300000000800040000002007D
:10CDF000030000000080004004000000020000006A
:10CE00000080004008000000020000000080004098
:10CE10000040000002000000008000400080000090
:10CE2000020000000080004000000004020000003A
:10CE30000080004000000008020000000090004058
:10CE40004000000002000000009000408000000050
:10CE50000200000000040840100000000300000071
:10CE60000004084020000000030000000080004093
:10CE700003000000020000000080004000300000BD
:10CE800002000000009000400300000002000000CB
:10CE900000040840C000000003000000433A2F6D6A
:10CEA0006178696D73646B2F4C6962726172696538
:10CEB000732F434D5349532F2E2E2F506572697097
:10CEC00068447269766572732F536F757263652F4C
:10CED000444D412F646D615F726576612E63000081
:10CEE000646D615F696478203E3D20300000000081
:10CEF000433A2F6D6178696D73646B2F4C69627270
:10CF000061726965732F434D5349532F2E2E2F5055
:10CF10006572697068447269766572732F536F75B4
:10CF20007263652F50542F70745F616938352E63BA
:10CF300000000000636C6B5F7363616C65203C3DB7
:10CF40002031323800000000433A2F6D6178696D5E
:10CF500073646B2F4C69627261726965732F434D04
:10CF60005349532F2E2E2F50657269706844726991
:10CF7000766572732F536F757263652F50542F70DF
:10CF8000745F726576612E630000000074656D70D9
:10CF900020213D204E554C4C00000000433A2F6D9F
:10CFA0006178696D73646B2F4C6962726172696537
:10CFB000732F434D5349532F2E2E2F506572697096
:10CFC00068447269766572732F536F757263652F4B
:10CFD000544D522F746D725F616938352E630000B5
:10CFE000746D725F6964203E3D203000433A2F6DBE
:10CFF0006178696D73646B2F4C69627261726965E7
:10D00000732F434D5349532F2E2E2F506572697045
:10D0100068447269766572732F536F757263652FFA
:10D02000544D522F746D725F726576622E630000EC
:10D03000433A2F6D6178696D73646B2F4C6962722E
:10D0400061726965732F434D5349532F2E2E2F5014
:10D050006572697068447269766572732F536F7573
:10D060007263652F554152542F756172745F7265FA
:10D0700076622E63000000004D58435F55415254C4
:10D080005F4745545F49445828286D78635F756150
:10D0900072745F726567735F74202A297561727498
:10D0A00029203E3D20300000636C6F636B5F6F7022
:10D0B00074696F6E203E3D203020262620636C6F01
:10D0C000636B5F6F7074696F6E203C3D20330000AE
:10D0D000433A2F6D6178696D73646B2F4C6962728E
:10D0E00061726965732F434D5349532F2E2E2F5074
:10D0F0006572697068447269766572732F536F75D3
:10D100007263652F4750494F2F6770696F5F636F78
:10D110006D6D6F6E2E630000706F7274203C204D39
:10D1200058435F4346475F4750494F5F494E53540A
:10D13000414E43455300000080000020494E460008
:10D14000696E66004E414E006E616E0030313233C2
:10D150003435363738396162636465660000000033
:10D16000303132333435363738394142434445461D
:10D1700000000000286E756C6C2900003000000073
:10D18000202020202020202020202020202020209F
:10D19000303030303030303030303030303030308F
:10D1A000202020202020202020202020202020207F
:10D1B000303030303030303030303030303030306F
:10D1C0004E614E00496E66696E6974790000000018
:10D1D00042616C6C6F63207375636365656465643D
:10D1E000000000002F6D6E742F776F726B7370618B
:10D1F00063652F776F726B73706163652F4743436D
:10D200002D31302D706970656C696E652F6A656EA1
:10D210006B696E732D4743432D31302D70697065F6
:10D220006C696E652D3333385F32303231313031D5
:10D23000385F313633343531363230332F737263E1
:10D240002F6E65776C69622F6E65776C69622F6CE3
:10D250006962632F7374646C69622F64746F612EEA
:10D26000630000002F6D6E742F776F726B737061A7
:10D2700063652F776F726B73706163652F474343EC
:10D280002D31302D706970656C696E652F6A656E21
:10D290006B696E732D4743432D31302D7069706576
:10D2A0006C696E652D3333385F3230323131303155
:10D2B000385F313633343531363230332F73726361
:10D2C0002F6E65776C69622F6E65776C69622F6C63
:10D2D0006962632F7374646C69622F6D7072656329
:10D2E0002E630000000000000080E03779C3414356
:10D2F000176E05B5B5B89346F5F93FE9034F384DBC
:10D30000321D30F94877825A3CBF737FDD4F157567
:10D31000000000000000F03F00000000000024407A
:10D3200000000000000059400000000000408F4055
:10D33000000000000088C34000000000006AF840C0
:10D340000000000080842E4100000000D0126341E4
:10D350000000000084D797410000000065CDCD415A
:10D36000000000205FA00242000000E8764837423B
:10D37000000000A2941A6D42000040E59C30A242D9
:10D380000000901EC4BCD64200003426F56B0C434E
:10D390000080E03779C3414300A0D88557347643F5
:10D3A00000C84E676DC1AB43003D9160E458E14356
:10D3B000408CB5781DAF154450EFE2D6E41A4B44CB
:10D3C00092D54D06CFF08044F64AE1C7022DB54410
:10D3D000B49DD9794378EA440500000019000000A3
:10D3E0007D00000020202020202020202020202040
:10D3F000202020203030303030303030303030306D
:10D40000303030302C2066756E6374696F6E3A2050
:10D4100000000000617373657274696F6E202225CD
:10D420007322206661696C65643A2066696C6520C8
:10D43000222573222C206C696E65202564257325B6
:10D44000730A000043000000504F53495800000089
:10D450002E0000000020202020202020202028282E
:10D4600028282820202020202020202020202020A4
:10D4700020202020208810101010101010101010E4
:10D480001010101010040404040404040404041014
:10D4900010101010101041414141414101010101A2
:10D4A000010101010101010101010101010101016C
:10D4B0001010101010104242424242420202020278
:10D4C000020202020202020202020202020202023C
:10D4D00010101010200000000000000000000000EC
:10D4E000000000000000000000000000000000003C
:10D4F000000000000000000000000000000000002C
:10D50000000000000000000000000000000000001B
:10D51000000000000000000000000000000000000B
:10D5200000000000000000000000000000000000FB
:10D5300000000000000000000000000000000000EB
:10D5400000000000000000000000000000000000DB
:10D550000000000000000000F8B500BFF8BC08BCE7
:10D560009E467047F8B500BFF8BC08BC9E467047A1
:04D5700000000000B7
:08D580005407FF7F01000000C9
:10D58800002004404000000040000000400000006F
:10D5980003000000FFFFFFFF000000000000000084
:10D5A800FFFFFFFFFFFFFFFF00000000000000007B
:10D5B8000000000000000000FFFFFFFFFFFFFFFF6B
:10D5C8000000000000000000000000000000000053
:10D5D800FFFFFFFFFFFFFFFF00000000000000004B
:10D5E8000000000000000000FFFFFFFFFFFFFFFF3B
:10D5F8000000000000000000800000200000000083
:10D60800000000006C030020D40300203C0400202C
:10D618000000000000000000000000000000000002
:10D6280000000000000000000000000000000000F2
:10D6380000000000000000000000000000000000E2
:10D6480000000000000000000000000000000000D2
:10D6580000000000000000000000000000000000C2
:10D6680000000000000000000000000000000000B2
:10D6780000000000000000000000000000000000A2
:10D688000000000000000000000000000000000092
:10D698000000000000000000000000000000000082
:10D6A8000000000000000000010000000000000071
:10D6B8000E33CDAB34126DE6ECDE05000B00000036
:10D6C8000000000000000000000000000000000052
:10D6D8000000000000000000000000000000000042
:10D6E8000000000000000000000000000000000032
:10D6F8000000000000000000000000000000000022
:10D708000000000000000000000000000000000011
:10D718000000000000000000000000000000000001
:10D7280000000000000000000000000000000000F1
:10D7380000000000000000000000000000000000E1
:10D7480000000000000000000000000000000000D1
:10D7580000000000000000000000000000000000C1
:10D7680000000000000000000000000000000000B1
:10D7780000000000000000000000000000000000A1
:10D788000000000000000000000000000000000091
:10D798000000000000000000000000000000000081
:10D7A8000000000000000000000000000000000071
:10D7B8000000000000000000000000000000000061
:10D7C8000000000000000000000000000000000051
:10D7D8000000000000000000000000000000000041
:10D7E8000000000000000000000000000000000031
:10D7F8000000000000000000000000000000000021
:10D808000000000000000000000000000000000010
:10D818000000000000000000000000000000000000
:10D8280000000000000000000000000000000000F0
:10D8380000000000000000000000000000000000E0
:10D8480000000000000000000000000000000000D0
:10D8580000000000000000000000000000000000C0
:10D8680000000000000000000000000000000000B0
:10D8780000000000000000000000000000000000A0
:10D888000000000000000000000000000000000090
:10D898000000000000000000000000000000000080
:10D8A8000000000000000000000000000000000070
:10D8B8000000000000000000000000000000000060
:10D8C8000000000000000000000000000000000050
:10D8D8000000000000000000000000000000000040
:10D8E8000000000000000000000000000000000030
:10D8F8000000000000000000000000000000000020
:10D90800000000000000000000000000000000000F
:10D9180000000000000000000000000000000000FF
:10D9280000000000000000000000000000000000EF
:10D9380000000000000000000000000000000000DF
:10D9480000000000000000000000000000000000CF
:10D9580000000000000000000000000000000000BF
:10D9680000000000000000000000000000000000AF
:10D97800000000000000000000000000000000009F
:10D98800000000000000000000000000000000008F
:10D99800000000000000000000000000000000007F
:10D9A800000000000000000000000000000000006F
:10D9B800000000000000000000000000000000005F
:10D9C800000000000000000000000000000000004F
:10D9D800000000000000000000000000000000003F
:10D9E800000000000000000000000000000000002F
:10D9F800000000000000000000000000000000001F
:10DA0800000000000000000000000000000000000E
:10DA180000000000000000000000000000000000FE
:10DA280000000000000000000000000000000000EE
:10DA3800A8040020A8040020B0040020B00400209E
:10DA4800B8040020B8040020C0040020C00400204E
:10DA5800C8040020C8040020D0040020D0040020FE
:10DA6800D8040020D8040020E0040020E0040020AE
:10DA7800E8040020E8040020F0040020F00400205E
:10DA8800F8040020F804002000050020000500200C
:10DA980008050020080500201005002010050020BA
:10DAA800180500201805002020050020200500206A
:10DAB800280500202805002030050020300500201A
:10DAC80038050020380500204005002040050020CA
:10DAD800480500204805002050050020500500207A
:10DAE800580500205805002060050020600500202A
:10DAF80068050020680500207005002070050020DA
:10DB08007805002078050020800500208005002089
:10DB18008805002088050020900500209005002039
:10DB28009805002098050020A0050020A0050020E9
:10DB3800A8050020A8050020B0050020B005002099
:10DB4800B8050020B8050020C0050020C005002049
:10DB5800C8050020C8050020D0050020D0050020F9
:10DB6800D8050020D8050020E0050020E0050020A9
:10DB7800E8050020E8050020F0050020F005002059
:10DB8800F8050020F8050020000600200006002007
:10DB980008060020080600201006002010060020B5
:10DBA8001806002018060020200600202006002065
:10DBB8002806002028060020300600203006002015
:10DBC80038060020380600204006002040060020C5
:10DBD8004806002048060020500600205006002075
:10DBE8005806002058060020600600206006002025
:10DBF80068060020680600207006002070060020D5
:10DC08007806002078060020800600208006002084
:10DC18008806002088060020900600209006002034
:10DC28009806002098060020A0060020A0060020E4
:10DC3800A8060020A8060020B0060020B006002094
:10DC4800B8060020B8060020C0060020C006002044
:10DC5800C8060020C8060020D0060020D0060020F4
:10DC6800D8060020D8060020E0060020E0060020A4
:10DC7800E8060020E8060020F0060020F006002054
:10DC8800F8060020F8060020000700200007002002
:10DC980008070020080700201007002010070020B0
:10DCA8001807002018070020200700202007002060
:10DCB8002807002028070020300700203007002010
:10DCC80038070020380700204007002040070020C0
:10DCD8004807002048070020500700205007002070
:10DCE8005807002058070020600700206007002020
:10DCF80068070020680700207007002070070020D0
:10DD0800780700207807002080070020800700207F
:10DD1800880700208807002090070020900700202F
:10DD28009807002098070020A0070020A0070020DF
:10DD3800A8070020A8070020B0070020B00700208F
:10DD4800B8070020B8070020C0070020C00700203F
:10DD5800C8070020C8070020D0070020D0070020EF
:10DD6800D8070020D8070020E0070020E00700209F
:10DD7800E8070020E8070020F0070020F00700204F
:10DD8800F8070020F80700200008002000080020FD
:10DD980008080020080800201008002010080020AB
:10DDA800180800201808002020080020200800205B
:10DDB800280800202808002030080020300800200B
:10DDC80038080020380800204008002040080020BB
:10DDD800480800204808002050080020500800206B
:10DDE800580800205808002060080020600800201B
:10DDF80068080020680800207008002070080020CB
:10DE0800780800207808002080080020800800207A
:10DE1800880800208808002090080020900800202A
:10DE28009808002098080020A0080020A0080020DA
:10DE3800FFFFFFFF00000200FC1501204300000067
:10DE480000000000000000000000000000000000CA
:10DE58000000000000000000000000004300000077
:10DE680000000000000000000000000000000000AA
:10DE78000000000000000000000000004300000057
:10DE8800000000000000000000000000000000008A
:10DE98000000000000000000000000004300000037
:10DEA800000000000000000000000000000000006A
:10DEB8000000000000000000000000004300000017
:10DEC800000000000000000000000000000000004A
:10DED80000000000000000000000000043000000F7
:10DEE800000000000000000000000000000000002A
:10DEF80000000000000000000000000043000000D7
:10DF08000000000000000000000000000000000009
:10DF180000000000000000000000000021D20010F6
:10DF28008DD100100000000054D4011050D401100D
:10DF38002CCA01102CCA01102CCA01102CCA0110BD
:10DF48002CCA01102CCA01102CCA01102CCA0110AD
:10DF58002CCA0110FFFFFFFFFFFFFFFFFFFFFFFFBE
:10DF6800FFFF000001004153434949000000000041
:10DF78000000000000000000000000000000000099
:10DF88000000000000004153434949000000000020
:10DF98000000000000000000000000000000000079
:10DFA8000000000000000000C993001005020010E6
:04DFB800E101001073
:04DFBC000000000061
:04000005100026C9F8
:00000001FF
